accidentId;roadmain;road;rseg;rdist;rway;year;month;day;dead;injr;severlvl;poldis;disname;hour;wkday;acctype;acclass;partnum;spdlim;urbmrk;surface;brightness;weather;accloc;roadnum;municipality;munidesc;spdtype;spddiropp;spddirmeas;Urban;roadtype;avg;hevavg;rwid;X;Y;roadwork;pavement;temperature;intersection;railroad;address;privacy;wintmaint;Tienverkas;action;Luovpvm;lightown;cross-sec;coatwidth;roadcoat;vision150;vision300;vision460;frameroad
8291974;1;3;103;5573;1;2017;4;2017-04-24 00:00:00;0;1;2;5560;ItÑ-Uudenmaan poliisilaitos;7;Maanantai;81;1;1;120;0;1;1;1;1;;92;Vantaa;1;100;120;E;1;45934;3549;246;379518;6691077;E;1;1;0;-1;TIE 3                                   ;1;1;9;1;1989-01-01 00:00:00;1;2;110;10;;;;1
8119607;1;3;103;5975;2;2017;1;2017-01-17 00:00:00;0;1;2;5560;ItÑ-Uudenmaan poliisilaitos;8;Tiistai;6;6;5;80;0;1;4;1;1;;92;Vantaa;1;100;120;E;1;45934;3549;246;379371;6691464;E;1;-5;0;-1;HéMEENLINNAN VéYLé KAISTAT ETELééN      ;1;1;-1;1;1989-02-01 00:00:00;1;2;110;10;;;;1
8119439;1;3;103;6029;2;2017;1;2017-01-25 00:00:00;0;1;2;5560;ItÑ-Uudenmaan poliisilaitos;9;Keskiviikko;6;6;4;100;0;1;3;1;1;;92;Vantaa;1;100;120;E;1;45934;3549;246;379354;6691515;E;1;-6;0;-1;TIE 3                                   ;1;1;-1;1;1989-02-01 00:00:00;1;2;110;10;;;;1
8505758;1;3;103;6230;2;2017;9;2017-09-28 00:00:00;0;0;0;5560;ItÑ-Uudenmaan poliisilaitos;22;Torstai;90;10;2;120;0;1;4;2;1;;92;Vantaa;1;100;120;E;1;45934;3549;246;379289;6691707;E;1;7;0;-1;TIE 3                                   ;1;0;-1;1;1989-02-01 00:00:00;1;2;110;10;;;;1
8297087;1;3;103;6377;1;2017;5;2017-05-02 00:00:00;0;0;0;5560;ItÑ-Uudenmaan poliisilaitos;17;Tiistai;6;6;2;120;0;1;1;1;1;;92;Vantaa;1;100;120;E;1;45934;3549;246;379268;6691843;E;1;16;0;-1;TIE 3                                   ;1;0;-1;1;1989-01-01 00:00:00;1;2;110;10;;;;1
8788538;1;3;103;6886;2;2017;11;2017-11-02 00:00:00;0;0;0;5560;ItÑ-Uudenmaan poliisilaitos;7;Torstai;6;6;2;100;0;1;1;1;1;;92;Vantaa;1;100;120;E;1;45934;3549;246;379142;6692348;E;1;-4;0;-1;TIE 3                                   ;1;0;-1;1;1989-02-01 00:00:00;1;2;110;10;;;;1
8565655;1;3;103;7134;2;2017;10;2017-10-28 00:00:00;0;0;0;5560;ItÑ-Uudenmaan poliisilaitos;19;Lauantai;3;3;6;100;0;2;4;4;1;;92;Vantaa;1;100;120;E;1;45934;3549;246;379091;6692593;E;1;3;0;-1;TIE 3, KAISTAT ETELééN                  ;1;0;-1;1;1989-02-01 00:00:00;1;2;110;10;;;;1
8411080;1;3;104;1494;1;2017;6;2017-06-22 00:00:00;0;0;0;5560;ItÑ-Uudenmaan poliisilaitos;22;Torstai;80;1;1;120;0;2;1;2;1;;92;Vantaa;1;120;120;E;1;33553;3011;241;379238;6694394;E;1;12;0;-1;TIE 3                                   ;1;0;-1;1;1991-11-14 00:00:00;-1;2;115;10;;;;1
8413675;1;3;105;239;2;2017;7;2017-07-29 00:00:00;0;0;0;5560;ItÑ-Uudenmaan poliisilaitos;5;Lauantai;90;10;2;120;0;-1;1;-1;1;;543;NurmijÑrvi;1;120;120;E;1;33553;3011;241;379628;6697659;E;1;16;0;-1;HéMEENLINNANTIE                         ;1;0;-1;1;1991-11-14 00:00:00;-1;2;115;10;100;100;91;1
8291848;1;3;105;622;2;2017;4;2017-04-07 00:00:00;0;1;2;5560;ItÑ-Uudenmaan poliisilaitos;8;Perjantai;81;1;1;120;0;1;1;2;1;;543;NurmijÑrvi;1;120;120;E;1;33553;3011;241;379738;6698025;E;1;2;0;-1;HéMEENLINNANVéYLé                       ;1;1;-1;1;1991-11-14 00:00:00;-1;2;115;10;100;100;91;1
8414146;1;3;105;3071;1;2017;7;2017-07-23 00:00:00;0;0;0;5560;ItÑ-Uudenmaan poliisilaitos;3;Sunnuntai;90;11;2;120;0;1;3;2;1;;543;NurmijÑrvi;1;120;120;E;1;33553;3011;241;380272;6700392;E;1;8;0;-1;VT 3                                    ;1;0;-1;1;1991-11-14 00:00:00;-1;2;115;10;100;100;91;1
8291623;1;3;105;4476;2;2017;4;2017-04-09 00:00:00;0;1;2;5560;ItÑ-Uudenmaan poliisilaitos;17;Sunnuntai;81;1;1;120;0;1;1;1;1;;543;NurmijÑrvi;1;120;120;E;1;33553;3011;241;380620;6701747;E;1;9;0;-1;TIE 3                                   ;1;1;-1;1;1991-11-14 00:00:00;-1;2;115;10;100;100;91;1
8296011;1;3;105;5697;1;2017;5;2017-05-22 00:00:00;0;0;0;5560;ItÑ-Uudenmaan poliisilaitos;23;Maanantai;90;11;2;80;0;1;2;1;1;;543;NurmijÑrvi;1;120;120;E;1;33553;3011;241;381159;6702853;E;1;15;0;-1;HéMEENLINNANTIE                         ;1;0;-1;1;1991-11-14 00:00:00;-1;2;115;10;100;100;91;1
8506190;1;3;105;6274;1;2017;9;2017-09-23 00:00:00;0;0;0;5560;ItÑ-Uudenmaan poliisilaitos;7;Lauantai;0;3;2;120;0;1;1;2;1;;543;NurmijÑrvi;1;120;120;E;1;33553;3011;241;381358;6703395;E;1;12;0;-1;HéMEENLINNANVéYLé (VT3)                 ;1;0;-1;1;1991-11-14 00:00:00;-1;2;115;10;100;100;91;1
8119490;1;3;106;657;1;2017;1;2017-01-12 00:00:00;0;0;0;5560;ItÑ-Uudenmaan poliisilaitos;13;Torstai;81;1;1;100;0;6;1;5;1;;543;NurmijÑrvi;1;120;120;E;1;27547;2258;241;381709;6704754;E;1;-3;0;-1;TIE 3/HéMEENLINNANVéYLé                 ;1;1;-1;1;1991-11-14 00:00:00;-1;2;115;10;100;100;100;1
8564729;1;3;106;1271;1;2017;10;2017-10-18 00:00:00;0;0;0;5560;ItÑ-Uudenmaan poliisilaitos;15;Keskiviikko;90;11;2;120;0;-1;1;-1;1;;543;NurmijÑrvi;1;120;120;E;1;27547;2258;241;381787;6705361;E;1;8;0;-1;TIE 3 MYLLYKUKKO                        ;1;0;-1;1;1991-11-14 00:00:00;-1;2;115;10;100;100;100;1
8566238;1;3;106;1302;2;2017;10;2017-10-22 00:00:00;0;0;0;5560;ItÑ-Uudenmaan poliisilaitos;3;Sunnuntai;90;11;2;120;0;1;4;3;1;;543;NurmijÑrvi;1;120;120;E;1;27547;2258;241;381763;6705392;E;1;0;0;-1;TIE 3                                   ;1;0;-1;1;1991-11-14 00:00:00;-1;2;115;10;100;100;100;1
8121326;1;3;106;3445;2;2017;2;2017-02-20 00:00:00;0;0;0;5560;ItÑ-Uudenmaan poliisilaitos;19;Maanantai;7;6;4;100;0;6;3;6;1;;543;NurmijÑrvi;1;120;120;E;1;27547;2258;241;381860;6707521;E;1;-1;0;-1;HéMEENLINNANVéYLé                       ;1;1;-1;1;1991-11-14 00:00:00;-1;2;115;10;100;100;100;1
8414170;1;3;106;5598;2;2017;7;2017-07-07 00:00:00;1;0;1;5560;ItÑ-Uudenmaan poliisilaitos;5;Perjantai;7;6;2;120;0;1;1;1;1;;543;NurmijÑrvi;1;120;120;E;1;27547;2258;241;381896;6709658;E;1;5;0;-1;HéMEENLINNANVéYLé                       ;1;0;-1;1;1991-11-14 00:00:00;-1;2;115;10;100;100;100;1
8617084;1;3;107;2709;2;2017;11;2017-11-23 00:00:00;0;0;0;5560;ItÑ-Uudenmaan poliisilaitos;15;Torstai;7;6;2;100;0;5;1;5;1;;543;NurmijÑrvi;1;120;120;E;1;27547;2258;241;381463;6713525;E;1;0;0;-1;HéMEENLINNANVéYLé                       ;1;0;-1;1;1992-09-29 00:00:00;-1;2;115;10;;;;1
8296224;1;3;107;4302;1;2017;5;2017-05-30 00:00:00;0;2;2;5560;ItÑ-Uudenmaan poliisilaitos;3;Tiistai;7;6;2;120;0;1;2;2;1;;106;HyvinkÑÑ;1;120;120;E;1;27547;2258;241;381179;6715084;E;1;3;0;-1;TIE 3                                   ;1;0;-1;1;1992-09-29 00:00:00;1;2;115;10;;;;1
8506009;1;3;107;5798;2;2017;9;2017-09-21 00:00:00;0;0;0;5560;ItÑ-Uudenmaan poliisilaitos;7;Torstai;3;3;2;120;0;2;1;3;1;;106;HyvinkÑÑ;1;120;120;E;1;27547;2258;241;380465;6716369;E;1;8;0;-1;HéMEENLINNANVéYLé                       ;1;0;-1;1;1992-09-29 00:00:00;1;2;115;10;;;;1
8130792;1;3;108;1746;2;2017;3;2017-03-08 00:00:00;0;0;0;5560;ItÑ-Uudenmaan poliisilaitos;21;Keskiviikko;29;5;2;100;0;6;3;-1;1;;106;HyvinkÑÑ;1;120;120;E;1;33012;3071;241;379667;6718022;E;1;-1;0;-1;TIE 3                                   ;1;1;-1;1;1992-09-29 00:00:00;-1;2;115;10;;;;1
8771291;1;3;108;2709;2;2017;12;2017-12-02 00:00:00;0;3;2;5560;ItÑ-Uudenmaan poliisilaitos;16;Lauantai;20;5;2;100;0;2;3;1;1;;106;HyvinkÑÑ;1;120;120;E;1;33012;3071;241;379374;6718938;E;1;1;0;-1;TIE 3                                   ;1;0;-1;1;1992-09-29 00:00:00;-1;2;115;10;;;;1
8291394;1;3;108;3830;1;2017;4;2017-04-24 00:00:00;0;0;0;5560;ItÑ-Uudenmaan poliisilaitos;8;Maanantai;6;6;5;100;0;1;1;2;1;;106;HyvinkÑÑ;1;120;120;E;1;33012;3071;241;379447;6720067;E;1;1;0;-1;TIE 3                                   ;1;1;-1;1;1992-09-29 00:00:00;-1;2;115;10;;;;1
8771472;1;3;108;5646;2;2017;12;2017-12-16 00:00:00;0;1;2;5560;ItÑ-Uudenmaan poliisilaitos;20;Lauantai;3;3;2;100;0;2;4;1;1;;106;HyvinkÑÑ;1;120;120;E;1;33012;3071;241;379931;6721806;E;1;0;0;-1;TIE 3                                   ;1;0;-1;1;1992-09-29 00:00:00;-1;2;115;10;;;;1
8410794;1;3;108;5787;1;2017;6;2017-06-11 00:00:00;0;0;0;5560;ItÑ-Uudenmaan poliisilaitos;10;Sunnuntai;90;11;2;120;0;-1;1;-1;1;;106;HyvinkÑÑ;1;120;120;E;1;33012;3071;241;379991;6721940;E;1;15;0;-1;HéMEENLINNAN VéYLé MOOTTORITIE          ;1;0;-1;1;1992-09-29 00:00:00;-1;2;115;10;;;;1
8130278;1;3;108;6059;2;2017;3;2017-03-02 00:00:00;0;0;0;5560;ItÑ-Uudenmaan poliisilaitos;10;Torstai;99;13;1;100;0;2;1;2;1;;106;HyvinkÑÑ;1;120;120;E;1;33012;3071;241;380025;6722211;E;1;2;0;-1;VT 3                                    ;1;1;9;1;1992-09-29 00:00:00;-1;2;115;10;;;;1
8296581;1;3;108;6299;1;2017;5;2017-05-21 00:00:00;0;0;0;5560;ItÑ-Uudenmaan poliisilaitos;1;Sunnuntai;49;4;2;50;1;1;4;1;1;;106;HyvinkÑÑ;1;120;120;K;1;33012;3071;241;380168;6722431;E;1;13;2;-1;HELSINKI-TAMPERE MOOTTORITIE X KYTéJéNTI;1;0;9;1;1992-09-29 00:00:00;-1;2;115;10;;;;1
8617747;1;3;109;178;2;2017;11;2017-11-05 00:00:00;0;0;0;5560;ItÑ-Uudenmaan poliisilaitos;21;Sunnuntai;90;11;2;100;0;2;3;2;1;;106;HyvinkÑÑ;1;120;120;E;1;28411;2997;241;380091;6722633;E;1;6;0;-1;TIE 3                                   ;1;0;9;1;1992-09-29 00:00:00;-1;2;115;10;;;;1
8566565;1;3;109;1171;2;2017;10;2017-10-26 00:00:00;0;1;2;5560;ItÑ-Uudenmaan poliisilaitos;19;Torstai;81;13;3;100;0;6;3;5;1;;106;HyvinkÑÑ;1;120;120;E;1;28411;2997;241;380163;6723613;E;1;-1;0;-1;TIE 3                                   ;1;0;-1;1;1992-09-29 00:00:00;-1;2;115;10;;;;1
8297005;1;3;109;1981;2;2017;5;2017-05-13 00:00:00;0;0;0;5560;ItÑ-Uudenmaan poliisilaitos;2;Lauantai;90;11;3;120;0;1;3;1;1;;106;HyvinkÑÑ;1;120;120;E;1;28411;2997;241;380170;6724415;E;1;-2;0;-1;VT 3                                    ;1;0;-1;1;1992-09-29 00:00:00;-1;2;115;10;;;;1
8460249;1;4;102;0;2;2017;8;2017-08-27 00:00:00;0;0;0;5500;Helsingin poliisilaitos;14;Sunnuntai;96;13;2;50;1;1;1;2;1;;91;Helsinki;1;80;80;K;1;48542;3164;336;387672;6677291;E;1;16;2;-1;TIE 4 X KOSKELANTIE                     ;1;0;2;1;1974-05-16 00:00:00;1;2;150;10;100;78;47;1
8617174;1;4;102;0;2;2017;11;2017-11-14 00:00:00;0;0;0;5500;Helsingin poliisilaitos;18;Tiistai;6;6;2;50;1;2;4;4;1;;91;Helsinki;1;80;80;K;1;48542;3164;336;387689;6677277;E;1;4;4;-1;KOSKELANTIE X LAHDENVéYLé               ;1;0;2;1;1974-05-16 00:00:00;1;2;150;10;100;78;47;1
8771230;1;4;102;80;1;2017;12;2017-12-04 00:00:00;0;0;0;5500;Helsingin poliisilaitos;11;Maanantai;4;3;2;50;1;2;1;1;1;;91;Helsinki;1;80;80;K;1;48542;3164;336;387863;6677286;E;1;1;4;-1;KOSKELANTIE 46                          ;1;0;2;1;1974-05-16 00:00:00;1;2;150;10;100;78;47;1
8771043;1;4;102;111;2;2017;12;2017-12-27 00:00:00;0;0;0;5500;Helsingin poliisilaitos;9;Keskiviikko;82;1;1;50;1;6;1;4;1;;91;Helsinki;1;80;80;K;1;48542;3164;336;387736;6677402;E;1;4;0;-1;KOSKELANTIE X LAHDENVéYLé               ;1;0;2;1;1974-05-16 00:00:00;1;2;150;10;100;78;47;1
8788504;1;4;102;1585;1;2017;11;2017-11-10 00:00:00;0;0;0;5500;Helsingin poliisilaitos;10;Perjantai;81;1;1;80;0;2;1;2;1;;91;Helsinki;1;100;100;E;1;48542;3164;336;389018;6678201;E;1;5;0;-1;PASILANRAITIO 11                        ;1;0;2;1;1974-05-16 00:00:00;1;2;150;10;100;78;47;1
8121269;1;4;102;1756;2;2017;2;2017-02-24 00:00:00;0;0;0;5500;Helsingin poliisilaitos;2;Perjantai;2;3;2;100;0;2;4;1;1;;91;Helsinki;1;100;100;E;1;48542;3164;336;389134;6678325;E;1;-5;0;-1;TIE 4 (LAHDEN VéYLé) VIIKIN KOHDALLA    ;1;1;2;1;1974-05-16 00:00:00;1;2;150;10;100;78;47;1
8771077;1;4;102;1965;2;2017;12;2017-12-25 00:00:00;0;1;2;5500;Helsingin poliisilaitos;21;Maanantai;80;1;1;100;0;3;4;4;1;;91;Helsinki;1;100;100;E;1;48542;3164;336;389312;6678438;E;1;3;0;-1;LAHDENVéYLé  TIE 4                      ;1;0;2;1;1974-05-16 00:00:00;1;2;150;10;100;78;47;1
8771683;1;4;102;2248;2;2017;12;2017-12-22 00:00:00;0;2;2;5500;Helsingin poliisilaitos;11;Perjantai;80;1;1;100;0;6;1;1;1;;91;Helsinki;1;100;100;E;1;48542;3164;336;389585;6678521;E;1;-1;0;-1;LAHDENVéYLé                             ;1;0;2;1;1974-05-16 00:00:00;1;2;150;10;100;78;47;1
8297343;1;4;102;2328;1;2017;5;2017-05-06 00:00:00;1;0;1;5500;Helsingin poliisilaitos;4;Lauantai;71;9;2;100;0;1;4;1;1;;91;Helsinki;1;100;100;E;1;48542;3164;336;389687;6678513;E;1;11;0;-1;LAHDENVéYLé                             ;1;0;2;1;1974-05-16 00:00:00;1;2;150;10;100;78;47;1
8121266;1;4;102;2359;2;2017;2;2017-02-27 00:00:00;0;1;2;5500;Helsingin poliisilaitos;6;Maanantai;83;13;2;100;0;6;4;2;1;;91;Helsinki;1;100;100;E;1;48542;3164;336;389697;6678533;E;1;-3;0;-1;LAHDENVéYLé                             ;1;1;2;1;1974-05-16 00:00:00;1;2;150;10;100;78;47;1
8412964;1;4;102;2489;2;2017;7;2017-07-10 00:00:00;0;0;0;5500;Helsingin poliisilaitos;14;Maanantai;2;3;2;50;1;1;1;1;1;;91;Helsinki;1;100;100;K;1;48542;3164;336;389817;6678625;E;1;22;0;-1;PIHLAJAMéENTIE X LAHDENVéYLé            ;1;0;2;1;1974-05-16 00:00:00;1;2;150;10;100;78;47;1
8410960;1;4;102;3200;1;2017;6;2017-06-24 00:00:00;0;0;0;5500;Helsingin poliisilaitos;18;Lauantai;4;3;2;100;0;2;1;2;1;;91;Helsinki;1;100;100;E;1;48542;3164;268;390501;6678825;E;1;13;0;-1;LAHDENVéYLé                             ;1;0;2;1;1971-06-30 00:00:00;1;2;125;10;100;78;47;1
8413605;1;4;102;3660;1;2017;7;2017-07-03 00:00:00;0;0;0;5500;Helsingin poliisilaitos;18;Maanantai;80;13;2;100;0;-1;1;-1;1;;91;Helsinki;1;100;100;E;1;48542;3164;268;390887;6679083;K;1;17;0;-1;LAHDENVéYLé                             ;1;0;2;1;1971-06-30 00:00:00;1;2;125;10;100;78;47;1
8460000;1;4;102;3825;1;2017;8;2017-08-08 00:00:00;0;0;0;5500;Helsingin poliisilaitos;12;Tiistai;10;2;2;50;1;1;1;1;1;;91;Helsinki;1;100;100;K;1;48542;3164;341;391024;6679179;E;1;20;4;-1;LAHDENVéYLé                             ;1;0;2;1;1971-06-30 00:00:00;1;2;150;10;100;78;47;1
8296777;1;4;102;3935;1;2017;5;2017-05-27 00:00:00;0;0;0;5500;Helsingin poliisilaitos;20;Lauantai;90;11;2;100;0;1;1;2;1;;91;Helsinki;1;100;100;E;1;48542;3164;341;391115;6679242;E;1;13;0;-1;VT 4                                    ;1;0;2;1;1971-06-30 00:00:00;1;2;150;10;100;78;47;1
8410908;1;4;102;4284;2;2017;6;2017-06-26 00:00:00;0;0;0;5500;Helsingin poliisilaitos;23;Maanantai;90;11;2;100;0;1;2;1;1;;91;Helsinki;1;100;100;E;1;48542;3164;341;391392;6679459;E;1;14;0;-1;VT 4                                    ;1;0;-1;1;1971-01-01 00:00:00;1;2;150;10;100;78;47;1
8564634;1;4;103;394;2;2017;10;2017-10-09 00:00:00;0;0;0;5500;Helsingin poliisilaitos;7;Maanantai;6;6;3;100;0;2;4;4;1;;91;Helsinki;1;100;100;E;1;73800;4067;341;391747;6679755;E;1;8;0;-1;LAHDENVéYLé                             ;1;0;2;1;1971-01-01 00:00:00;1;2;150;10;100;84;67;1
8566232;1;4;103;432;1;2017;10;2017-10-26 00:00:00;0;0;0;5500;Helsingin poliisilaitos;11;Torstai;81;1;1;80;0;5;1;6;1;;91;Helsinki;1;100;100;E;1;73800;4067;341;391851;6679689;E;1;0;0;-1;KEHé 1 RAMPPI TIE 4 POHJOISEEN          ;1;0;2;1;1971-06-30 00:00:00;1;2;150;10;100;84;67;1
8617834;1;4;103;701;2;2017;11;2017-11-05 00:00:00;0;1;2;5500;Helsingin poliisilaitos;19;Sunnuntai;6;6;2;100;0;2;4;4;1;;91;Helsinki;1;100;100;E;1;73800;4067;333;391999;6679932;E;1;8;0;-1;TIE 4 X KEHé 1                          ;1;0;2;1;1971-01-01 00:00:00;1;2;150;10;100;84;67;1
8617929;1;4;103;825;2;2017;11;2017-11-12 00:00:00;0;0;0;5500;Helsingin poliisilaitos;17;Sunnuntai;6;6;4;100;0;2;4;4;1;;91;Helsinki;1;100;100;E;1;73800;4067;333;392093;6680011;E;1;3;0;-1;LAHDENVéYLé                             ;1;0;2;1;1971-01-01 00:00:00;1;2;150;10;100;84;67;1
8119956;1;4;103;969;1;2017;1;2017-01-03 00:00:00;0;0;0;5500;Helsingin poliisilaitos;24;Tiistai;8;6;2;100;0;4;4;5;1;;91;Helsinki;1;100;100;E;1;73800;4067;333;392215;6680092;E;1;-4;0;-1;LAHDEN VéYLé, TIE 4 POHJOISEEN          ;1;1;2;1;1971-06-30 00:00:00;1;2;150;10;100;84;67;1
8566049;1;4;103;1005;2;2017;10;2017-10-29 00:00:00;0;0;0;5500;Helsingin poliisilaitos;14;Sunnuntai;81;1;1;100;0;2;1;4;1;;91;Helsinki;1;100;100;E;1;73800;4067;333;392229;6680129;E;1;1;0;-1;TIE 4 POHJOISEEN                        ;1;0;2;1;1971-01-01 00:00:00;1;2;150;10;100;84;67;1
8565837;1;4;103;1034;1;2017;10;2017-10-29 00:00:00;0;0;0;5500;Helsingin poliisilaitos;14;Sunnuntai;8;6;4;100;0;2;1;4;1;;91;Helsinki;1;100;100;E;1;73800;4067;333;392265;6680135;E;1;2;0;-1;VT 4                                    ;1;0;2;1;1971-06-30 00:00:00;1;2;150;10;100;84;67;1
8296006;1;4;103;1059;1;2017;5;2017-05-26 00:00:00;0;1;2;5500;Helsingin poliisilaitos;7;Perjantai;95;1;1;120;0;1;1;1;1;;91;Helsinki;1;100;100;E;1;73800;4067;333;392283;6680152;E;1;14;0;-1;LAHDENVéYLé                             ;1;0;2;1;1971-06-30 00:00:00;1;2;150;10;100;84;67;1
8506299;1;4;103;1088;1;2017;9;2017-09-04 00:00:00;0;0;0;5500;Helsingin poliisilaitos;17;Maanantai;6;6;2;100;0;1;1;1;1;;91;Helsinki;1;100;100;E;1;73800;4067;333;392305;6680171;E;1;17;0;-1;LAHDENVéYLé                             ;1;0;2;1;1971-06-30 00:00:00;1;2;150;10;100;84;67;1
8129960;1;4;103;1175;2;2017;3;2017-03-30 00:00:00;0;0;0;5500;Helsingin poliisilaitos;8;Torstai;2;3;2;100;0;1;1;1;1;;91;Helsinki;1;100;100;E;1;73800;4067;333;392354;6680243;E;1;4;0;-1;TIE 4 X KEHé 1                          ;1;1;2;1;1971-01-01 00:00:00;1;2;150;10;100;84;67;1
8291727;1;4;103;1223;2;2017;4;2017-04-11 00:00:00;0;0;0;5500;Helsingin poliisilaitos;17;Tiistai;9;13;2;100;0;1;1;2;1;;91;Helsinki;1;100;100;E;1;73800;4067;333;392389;6680276;E;1;7;0;-1;LAHDENVéYLé                             ;1;1;2;1;1971-01-01 00:00:00;1;2;150;10;100;84;67;1
8410500;1;4;103;1267;2;2017;6;2017-06-14 00:00:00;0;0;0;5500;Helsingin poliisilaitos;8;Keskiviikko;7;6;6;100;0;1;1;1;1;;91;Helsinki;1;100;100;E;1;73800;4067;333;392420;6680307;E;1;18;0;-1;LAHDENVéYLé                             ;1;0;2;1;1971-01-01 00:00:00;1;2;150;10;100;84;67;1
8564926;1;4;103;1453;2;2017;10;2017-10-03 00:00:00;0;0;0;5500;Helsingin poliisilaitos;9;Tiistai;4;3;2;100;0;2;1;4;1;;91;Helsinki;1;100;100;E;1;73800;4067;333;392549;6680440;E;1;7;0;-1;LAHDENVéYLé                             ;1;0;2;1;1971-01-01 00:00:00;1;2;150;10;100;84;67;1
8566038;1;4;103;2231;1;2017;10;2017-10-26 00:00:00;0;1;2;5500;Helsingin poliisilaitos;17;Torstai;80;1;1;100;0;5;2;6;1;;91;Helsinki;1;100;100;E;1;48796;2587;263;392954;6681096;E;1;1;0;-1;LAHDENVéYLé                             ;1;0;2;1;1971-06-30 00:00:00;1;2;120;10;100;84;67;1
8120160;1;4;103;2502;2;2017;1;2017-01-03 00:00:00;0;0;0;5500;Helsingin poliisilaitos;17;Tiistai;2;3;2;80;0;4;4;5;1;;91;Helsinki;1;100;100;E;1;48796;2587;263;393041;6681357;E;1;-5;0;-1;LAHDENVéYLé                             ;1;1;2;1;1971-01-01 00:00:00;1;2;120;10;100;84;67;1
8771069;1;4;103;2504;2;2017;12;2017-12-20 00:00:00;0;0;0;5500;Helsingin poliisilaitos;8;Keskiviikko;8;6;2;100;0;6;4;2;1;;91;Helsinki;1;100;100;E;1;48796;2587;263;393042;6681359;E;1;3;0;-1;LAHDENVéYLé X JAKOMéKI                  ;1;0;2;1;1971-01-01 00:00:00;1;2;120;10;100;84;67;1
8505565;1;4;103;2975;2;2017;9;2017-09-25 00:00:00;0;1;2;5500;Helsingin poliisilaitos;17;Maanantai;6;6;2;120;0;1;1;1;1;;91;Helsinki;1;100;100;E;1;48796;2587;263;393218;6681795;E;1;14;0;-1;TIE 4 JAKOMéKI                          ;1;0;2;1;1971-01-01 00:00:00;1;2;120;10;100;84;67;1
8564633;1;4;103;2997;2;2017;10;2017-10-09 00:00:00;0;0;0;5500;Helsingin poliisilaitos;7;Maanantai;6;6;2;100;0;2;4;4;1;;91;Helsinki;1;100;100;E;1;48796;2587;263;393227;6681815;E;1;8;0;-1;LAHDENVéYLé, JAKOMéKI                   ;1;0;2;1;1971-01-01 00:00:00;1;2;120;10;100;84;67;1
8120527;1;4;103;3013;1;2017;1;2017-01-03 00:00:00;0;1;2;5500;Helsingin poliisilaitos;14;Tiistai;9;13;3;100;0;6;1;5;1;;91;Helsinki;1;100;100;E;1;48796;2587;263;393251;6681820;E;1;-6;0;-1;TIE 4, KAISTAT POHJOISEEN               ;1;1;2;1;1971-06-30 00:00:00;1;2;120;10;100;84;67;1
8410550;1;4;103;3447;2;2017;6;2017-06-09 00:00:00;0;0;0;5500;Helsingin poliisilaitos;10;Perjantai;4;3;2;50;0;1;1;1;6;;91;Helsinki;1;100;100;E;1;48796;2587;263;393398;6682231;K;1;17;0;-1;LAHDENVéYLé                             ;1;0;2;1;1971-01-01 00:00:00;1;2;120;10;100;84;67;1
8411430;1;4;103;3473;2;2017;6;2017-06-02 00:00:00;0;0;0;5500;Helsingin poliisilaitos;7;Perjantai;4;3;2;50;0;1;1;1;1;;91;Helsinki;1;100;100;E;1;48796;2587;263;393408;6682255;K;1;4;0;-1;TIE 4, ETELééN                          ;1;0;2;1;1971-01-01 00:00:00;1;2;120;10;100;84;67;1
8291486;1;4;103;4241;1;2017;4;2017-04-27 00:00:00;0;0;0;5500;Helsingin poliisilaitos;8;Torstai;8;6;4;100;0;1;1;2;1;;91;Helsinki;1;100;100;E;1;48796;2587;271;393877;6682865;E;1;3;0;-1;LAHDENVéYLé                             ;1;1;2;1;1971-06-30 00:00:00;1;2;120;10;100;84;67;1