accidentId;roadmain;road;rseg;rdist;rway;year;month;day;dead;injr;severlvl;poldis;disname;hour;wkday;acctype;acclass;partnum;spdlim;urbmrk;surface;brightness;weather;accloc;roadnum;municipality;munidesc;spdtype;spddiropp;spddirmeas;Urban;roadtype;avg;hevavg;rwid;X;Y;roadwork;pavement;temperature;intersection;railroad;address;privacy;wintmaint;Tienverkas;action;Luovpvm;lightown;cross-sec;coatwidth;roadcoat;vision150;vision300;vision460;frameroad
8506099;1;7;18;813;1;2017;9;2017-09-14 00:00:00;0;2;2;5560;ItÑ-Uudenmaan poliisilaitos;21;Torstai;80;1;1;120;0;2;4;4;1;;434;Loviisa;1;120;120;E;1;9563;944;;452153;6703884;E;1;13;0;-1;VALTATIE 7                              ;1;1;-1;-1;;-1;2;;10;100;100;95;1
8460250;1;7;18;1049;1;2017;8;2017-08-05 00:00:00;0;0;0;5560;ItÑ-Uudenmaan poliisilaitos;6;Lauantai;81;1;1;120;0;2;2;1;1;;434;Loviisa;1;120;120;E;1;9563;944;;452326;6703722;E;1;16;0;-1;VALTATIE 7                              ;1;1;-1;-1;;-1;2;;10;100;100;95;1
8296672;1;7;20;279;1;2017;5;2017-05-08 00:00:00;0;0;0;5560;ItÑ-Uudenmaan poliisilaitos;8;Maanantai;81;1;1;120;0;1;1;2;1;;434;Loviisa;1;120;120;E;1;7812;879;;459754;6704640;E;1;2;0;-1;VALTATIE 7, TESJOKI                     ;1;1;-1;-1;;-1;2;;10;;;;0
8297043;1;7;20;2068;2;2017;5;2017-05-27 00:00:00;0;0;0;5560;ItÑ-Uudenmaan poliisilaitos;12;Lauantai;90;11;2;120;0;1;1;2;1;;434;Loviisa;1;120;120;E;1;7812;879;;461219;6705665;E;1;13;0;-1;VALTATIE 7                              ;1;1;-1;-1;;-1;2;;10;;;;0
8130210;1;7;20;5336;2;2017;3;2017-03-11 00:00:00;0;0;0;5560;ItÑ-Uudenmaan poliisilaitos;18;Lauantai;80;1;1;100;0;1;3;1;1;;434;Loviisa;1;120;120;E;1;7812;879;;464388;6706039;E;1;-2;0;-1;7 -TIE                                  ;1;1;-1;-1;;-1;2;;10;;;;0
8460113;1;7;20;6272;2;2017;8;2017-08-29 00:00:00;0;1;2;5560;ItÑ-Uudenmaan poliisilaitos;15;Tiistai;80;1;1;120;0;1;1;2;1;;434;Loviisa;1;120;120;E;1;7812;879;;465313;6705900;E;1;18;0;-1;VALTATIE 7                              ;1;1;-1;-1;;-1;2;;10;;;;0
8771067;1;7;20;8102;2;2017;12;2017-12-27 00:00:00;0;1;2;5560;ItÑ-Uudenmaan poliisilaitos;18;Keskiviikko;6;6;2;100;0;6;4;2;1;;434;Loviisa;1;120;120;E;1;7812;879;;467114;6706008;E;1;3;0;-1;VALTATIE 7                              ;1;1;-1;-1;;-1;2;;10;;;;0
8771671;1;25;7;1362;0;2017;12;2017-12-23 00:00:00;0;0;0;5530;LÑnsi-Uudenmaan poliisilaitos;12;Lauantai;90;10;2;100;0;-1;1;-1;1;;710;Raasepori;1;100;100;E;1;4953;868;86;294944;6649722;E;1;-1;0;-1;TIE 25                                  ;1;1;-1;2;1972-06-30 00:00:00;-1;1;90;10;100;85;43;0
8564439;1;25;7;3195;0;2017;10;2017-10-06 00:00:00;0;0;0;5530;LÑnsi-Uudenmaan poliisilaitos;20;Perjantai;90;10;2;100;0;1;3;2;1;;710;Raasepori;1;100;100;E;1;4953;868;86;296175;6651061;E;1;9;0;-1;VT.25                                   ;1;1;-1;2;1972-06-30 00:00:00;-1;1;90;10;100;85;43;0
8506147;1;25;7;3338;0;2017;9;2017-09-27 00:00:00;0;0;0;5530;LÑnsi-Uudenmaan poliisilaitos;21;Keskiviikko;90;10;2;100;0;1;3;2;1;;710;Raasepori;1;100;100;E;1;4953;868;86;296297;6651136;E;1;12;0;-1;TIE 25                                  ;1;1;-1;2;1972-06-30 00:00:00;-1;1;90;10;100;85;43;0
8410578;1;25;7;4061;0;2017;6;2017-06-12 00:00:00;0;0;0;5530;LÑnsi-Uudenmaan poliisilaitos;9;Maanantai;90;10;2;80;0;2;1;4;1;;710;Raasepori;1;100;100;E;1;4953;868;86;296749;6651684;E;1;17;0;-1;TIE 25                                  ;1;1;-1;2;1972-06-30 00:00:00;-1;1;90;10;100;85;43;0
8771102;1;25;7;4366;0;2017;12;2017-12-29 00:00:00;0;0;0;5530;LÑnsi-Uudenmaan poliisilaitos;18;Perjantai;90;10;2;100;0;-1;3;-1;1;;710;Raasepori;1;100;100;E;1;4953;868;86;296914;6651940;E;1;2;0;-1;VéG 25 LEKSVALL                         ;1;1;-1;2;1972-06-30 00:00:00;-1;1;90;10;100;85;43;0
8413279;1;25;7;7726;0;2017;7;2017-07-18 00:00:00;0;1;2;5530;LÑnsi-Uudenmaan poliisilaitos;18;Tiistai;13;2;5;80;0;1;1;1;1;;710;Raasepori;1;80;80;E;1;4953;868;86;299082;6654406;E;1;19;0;-1;TIE 25 X PRéSTKULLANTIE                 ;1;1;9;2;1972-06-30 00:00:00;1;1;90;10;100;85;43;0
8291437;1;25;8;919;0;2017;4;2017-04-27 00:00:00;0;1;2;5530;LÑnsi-Uudenmaan poliisilaitos;23;Torstai;90;11;2;80;0;-1;3;-1;1;;710;Raasepori;1;60;60;E;1;7814;816;86;299677;6655083;E;1;6;0;-1;RV 25                                   ;1;1;9;3;1972-06-30 00:00:00;1;1;90;10;98;39;3;0
8130376;1;25;8;984;0;2017;3;2017-03-10 00:00:00;0;0;0;5530;LÑnsi-Uudenmaan poliisilaitos;12;Perjantai;86;1;1;60;0;2;1;2;1;;710;Raasepori;1;60;60;E;1;7814;816;86;299740;6655101;E;1;4;3;-1;VT25 X TROLLBôLENTIE                    ;1;1;9;3;1972-06-30 00:00:00;1;1;90;10;98;39;3;0
8771180;1;25;9;2568;0;2017;12;2017-12-28 00:00:00;0;0;0;5530;LÑnsi-Uudenmaan poliisilaitos;15;Torstai;99;13;1;80;0;2;1;2;1;;710;Raasepori;1;80;80;E;1;10228;955;126;302703;6655019;E;1;2;0;-1;TIE 25, HANGONTIE                       ;1;1;9;3;1972-06-30 00:00:00;1;1;125;10;100;81;33;0
8460252;1;25;9;3668;0;2017;8;2017-08-22 00:00:00;0;0;0;5530;LÑnsi-Uudenmaan poliisilaitos;21;Tiistai;86;7;1;80;0;2;2;2;1;;710;Raasepori;1;80;80;E;1;10228;955;126;303744;6655314;E;1;16;5;-1;VT 25 X RASEBORGSVéGEN                  ;1;1;-1;3;1972-06-30 00:00:00;1;1;125;10;100;81;33;0
8616730;1;25;11;205;0;2017;11;2017-11-13 00:00:00;0;1;2;5530;LÑnsi-Uudenmaan poliisilaitos;8;Maanantai;90;11;2;80;0;-1;2;-1;1;;710;Raasepori;1;80;80;E;1;10228;955;126;303962;6655369;E;1;2;0;-1;VT25                                    ;1;1;-1;3;1972-06-30 00:00:00;1;1;125;10;100;100;77;0
8297081;1;25;11;3487;0;2017;5;2017-05-02 00:00:00;0;0;0;5530;LÑnsi-Uudenmaan poliisilaitos;15;Tiistai;30;2;2;60;0;1;1;1;1;;710;Raasepori;1;80;80;E;1;10228;955;126;306665;6657112;E;1;16;0;-1;RV 25 X MEKAANIKONTIE                   ;1;1;9;3;1970-06-30 00:00:00;1;1;125;10;100;100;77;0
8771087;1;25;11;3758;0;2017;12;2017-12-28 00:00:00;0;2;2;5530;LÑnsi-Uudenmaan poliisilaitos;17;Torstai;7;6;2;60;0;2;4;2;1;;710;Raasepori;1;80;80;E;1;10228;955;126;306921;6657198;E;1;3;0;-1;TIE 25                                  ;1;1;9;3;1970-06-30 00:00:00;1;1;125;10;100;100;77;0
8120974;1;25;12;314;0;2017;2;2017-02-11 00:00:00;0;0;0;5530;LÑnsi-Uudenmaan poliisilaitos;11;Lauantai;90;11;2;80;0;1;1;2;1;;710;Raasepori;1;100;100;E;1;9522;1004;81;308912;6658558;E;1;-3;0;-1;TIE 25 RAASEPORIN TIILI                 ;1;1;-1;3;1986-01-01 00:00:00;-1;1;95;10;100;100;82;0
8130796;1;25;12;2299;0;2017;3;2017-03-13 00:00:00;0;1;2;5530;LÑnsi-Uudenmaan poliisilaitos;14;Maanantai;81;1;1;80;0;1;1;1;1;;710;Raasepori;1;100;100;E;1;9522;1004;96;310323;6659952;E;1;3;0;-1;TIE 25 X TAMMISAARENTIE                 ;1;1;-1;2;1984-01-01 00:00:00;-1;1;95;10;100;100;82;0
8459968;1;25;12;2983;0;2017;8;2017-08-08 00:00:00;0;1;2;5530;LÑnsi-Uudenmaan poliisilaitos;14;Tiistai;90;10;2;100;0;1;1;1;1;;710;Raasepori;1;100;100;E;1;9522;1004;96;310843;6660388;E;1;21;0;-1;HANGONTIE, VT 25                        ;1;1;-1;2;1984-01-01 00:00:00;-1;1;95;10;100;100;82;0
8460245;1;25;12;3023;0;2017;8;2017-08-11 00:00:00;0;0;0;5530;LÑnsi-Uudenmaan poliisilaitos;23;Perjantai;90;10;2;100;0;1;2;1;1;;710;Raasepori;1;100;100;E;1;9522;1004;96;310878;6660406;E;1;16;0;-1;VéG 25                                  ;1;1;-1;2;1984-01-01 00:00:00;-1;1;95;10;100;100;82;0
8459928;1;25;12;3169;0;2017;8;2017-08-10 00:00:00;0;0;0;5530;LÑnsi-Uudenmaan poliisilaitos;17;Torstai;90;10;2;100;0;1;1;1;1;;710;Raasepori;1;100;100;E;1;9522;1004;96;311008;6660473;E;1;22;0;-1;HANGôVéGEN, RV 25, VID èSENBY           ;1;1;-1;2;1984-01-01 00:00:00;-1;1;95;10;100;100;82;0
8506266;1;25;12;4643;0;2017;9;2017-09-01 00:00:00;0;0;0;5530;LÑnsi-Uudenmaan poliisilaitos;22;Perjantai;90;10;2;100;0;-1;2;-1;1;;710;Raasepori;4;80;80;E;1;9522;1004;96;312301;6661178;E;1;13;0;-1;VT 25                                   ;1;1;-1;2;1984-01-01 00:00:00;-1;1;95;10;100;100;82;0
8460509;1;25;12;5076;0;2017;8;2017-08-28 00:00:00;0;0;0;5530;LÑnsi-Uudenmaan poliisilaitos;22;Maanantai;90;10;2;80;0;-1;2;-1;1;;710;Raasepori;4;80;80;E;1;9522;1004;96;312630;6661460;E;1;10;0;-1;VT 25                                   ;1;1;-1;2;1984-01-01 00:00:00;-1;1;95;10;100;100;82;0
8120506;1;25;13;1574;0;2017;1;2017-01-13 00:00:00;0;0;0;5530;LÑnsi-Uudenmaan poliisilaitos;24;Perjantai;81;1;1;80;0;4;3;5;1;;710;Raasepori;1;80;80;E;1;7334;1020;96;314731;6662814;E;1;1;0;-1;TIE 25                                  ;1;1;9;2;1984-01-01 00:00:00;-1;1;95;10;99;96;61;0
8771526;1;25;14;1531;0;2017;12;2017-12-22 00:00:00;0;0;0;5530;LÑnsi-Uudenmaan poliisilaitos;15;Perjantai;80;1;1;80;0;1;1;1;1;;710;Raasepori;1;80;80;E;1;10800;1253;132;317178;6664439;E;1;0;0;-1;RIKSVéG 25                              ;1;1;-1;2;1970-06-01 00:00:00;1;1;131;10;100;98;71;0
8616931;1;25;14;1570;0;2017;11;2017-11-28 00:00:00;0;0;0;5530;LÑnsi-Uudenmaan poliisilaitos;23;Tiistai;2;3;2;80;0;2;3;4;1;;710;Raasepori;1;80;80;E;1;10800;1253;132;317212;6664456;E;1;1;5;-1;TIE 25 X TIE 51                         ;1;1;-1;2;1970-06-01 00:00:00;1;1;131;10;100;98;71;0
8413844;1;25;15;1158;0;2017;7;2017-07-09 00:00:00;0;0;0;5530;LÑnsi-Uudenmaan poliisilaitos;1;Sunnuntai;90;10;2;100;0;1;3;1;1;;710;Raasepori;1;100;100;E;1;4996;668;136;318520;6665340;E;1;15;0;-1;VALTATIE 25                             ;1;1;-1;2;1964-11-01 00:00:00;-1;1;120;10;100;88;50;0
8505696;1;25;16;180;0;2017;9;2017-09-28 00:00:00;0;0;0;5530;LÑnsi-Uudenmaan poliisilaitos;10;Torstai;90;10;2;100;0;1;1;2;1;;710;Raasepori;1;100;100;E;1;4996;668;136;320277;6666728;E;1;13;0;-1;VT 25                                   ;1;1;-1;2;1964-11-01 00:00:00;-1;1;120;10;98;76;39;0
8411351;1;25;16;1498;0;2017;6;2017-06-24 00:00:00;0;0;0;5530;LÑnsi-Uudenmaan poliisilaitos;5;Lauantai;90;11;2;80;0;-1;1;-1;1;;710;Raasepori;1;80;80;E;1;4996;668;91;321236;6667622;E;1;8;0;-1;TIE 25                                  ;1;1;-1;2;1964-11-01 00:00:00;-1;1;75;10;98;76;39;0
8130793;1;25;16;2601;0;2017;3;2017-03-13 00:00:00;0;0;0;5530;LÑnsi-Uudenmaan poliisilaitos;11;Maanantai;95;1;1;80;0;1;1;2;1;;710;Raasepori;1;80;80;E;1;4996;668;91;322090;6668318;E;1;3;0;-1;TIE 25 LOHJANTIE                        ;1;1;-1;2;1964-11-01 00:00:00;-1;1;75;10;98;76;39;0
8296172;1;25;16;5672;0;2017;5;2017-05-26 00:00:00;0;1;2;5530;LÑnsi-Uudenmaan poliisilaitos;14;Perjantai;8;6;2;80;0;1;1;2;1;;149;Inkoo;1;80;80;E;1;4996;668;106;324419;6670083;E;1;16;0;-1;VT 25 STOMORA                           ;1;1;-1;2;1986-01-01 00:00:00;-1;1;95;10;98;76;39;0
8506548;1;25;16;5891;0;2017;9;2017-09-26 00:00:00;0;1;2;5530;LÑnsi-Uudenmaan poliisilaitos;23;Tiistai;90;10;2;100;0;-1;3;-1;1;;149;Inkoo;1;80;80;E;1;4996;668;106;324620;6670168;E;1;12;0;-1;VT 25                                   ;1;1;-1;2;1986-01-01 00:00:00;-1;1;95;10;98;76;39;0
8771153;1;25;18;2895;0;2017;12;2017-12-30 00:00:00;0;0;0;5530;LÑnsi-Uudenmaan poliisilaitos;15;Lauantai;8;6;2;80;0;6;1;1;1;;444;Lohja;1;80;80;E;1;5862;700;86;330984;6673900;E;1;2;0;-1;HANKONIEMENTIE X MèRBAKANTIE            ;1;1;-1;2;1963-11-01 00:00:00;-1;1;80;10;97;62;33;0
8506093;1;25;18;3276;0;2017;9;2017-09-12 00:00:00;0;0;0;5530;LÑnsi-Uudenmaan poliisilaitos;16;Tiistai;6;6;2;50;0;1;1;2;1;;444;Lohja;1;80;80;E;1;5862;700;146;331318;6674082;K;1;18;0;-1;VALTATIE 25                             ;1;1;-1;2;1982-07-01 00:00:00;1;1;140;10;97;62;33;0
8120423;1;25;18;3454;0;2017;1;2017-01-25 00:00:00;0;0;0;5530;LÑnsi-Uudenmaan poliisilaitos;11;Keskiviikko;99;13;1;80;0;-1;1;-1;1;;444;Lohja;1;80;80;E;1;5862;700;146;331460;6674189;E;1;-6;0;-1;VALTATIE 25                             ;1;1;-1;2;1982-07-01 00:00:00;1;1;140;10;97;62;33;0
8771118;1;25;19;353;0;2017;12;2017-12-02 00:00:00;0;1;2;5530;LÑnsi-Uudenmaan poliisilaitos;15;Lauantai;86;1;1;80;0;2;1;1;1;;444;Lohja;1;80;80;E;1;5862;700;91;332050;6674637;E;1;2;5;-1;TIE 25 X ARONTIE                        ;1;1;-1;2;1982-07-01 00:00:00;1;1;80;10;99;64;39;0
8617695;1;25;19;503;0;2017;11;2017-11-11 00:00:00;0;2;2;5530;LÑnsi-Uudenmaan poliisilaitos;18;Lauantai;90;10;2;80;0;-1;3;-1;1;;444;Lohja;1;80;80;E;1;5862;700;91;332176;6674719;E;1;5;0;-1;HANKONIEMENTIE                          ;1;1;-1;2;1982-07-01 00:00:00;1;1;80;10;99;64;39;0
8410316;1;25;19;1585;0;2017;6;2017-06-14 00:00:00;0;1;2;5530;LÑnsi-Uudenmaan poliisilaitos;17;Keskiviikko;8;6;2;80;0;1;1;2;1;;444;Lohja;1;80;80;E;1;8543;870;91;333175;6675122;E;1;20;2;-1;HANKONIEMENTIE                          ;1;1;9;3;;1;1;80;10;99;64;39;0
8565267;1;25;19;5870;0;2017;10;2017-10-14 00:00:00;0;0;0;5530;LÑnsi-Uudenmaan poliisilaitos;8;Lauantai;90;10;2;100;0;-1;1;-1;1;;444;Lohja;1;100;100;E;1;8543;870;91;335230;6678551;E;1;5;0;-1;HANKONIEMENTIE                          ;1;1;9;2;1982-07-01 00:00:00;1;1;85;10;99;64;39;0
8119736;1;25;20;0;2;2017;1;2017-01-27 00:00:00;0;0;0;5530;LÑnsi-Uudenmaan poliisilaitos;18;Perjantai;30;2;3;60;0;2;4;2;1;;444;Lohja;1;60;60;E;1;13860;1071;203;335362;6679980;E;1;0;2;-1;HANKONIEMENTIE X LOHJANHARJUNTIE        ;1;1;9;-1;;1;2;96;10;100;85;62;0
8410798;1;25;20;7123;1;2017;6;2017-06-22 00:00:00;0;0;0;5530;LÑnsi-Uudenmaan poliisilaitos;12;Torstai;99;13;2;80;0;-1;1;-1;1;;444;Lohja;1;80;80;E;1;21230;1314;191;340420;6684814;E;1;15;0;-1;VALTATIE 25                             ;1;0;9;1;2005-12-15 00:00:00;1;2;85;10;100;85;62;0
8411279;1;25;22;1278;0;2017;6;2017-06-20 00:00:00;0;1;2;5530;LÑnsi-Uudenmaan poliisilaitos;10;Tiistai;90;10;2;60;0;-1;1;-1;1;;927;Vihti;1;60;60;E;1;11428;1152;103;347203;6688953;E;1;10;0;-1;KEHéTIE                                 ;1;1;-1;2;1963-11-01 00:00:00;1;1;102;10;98;83;46;0
8617675;1;25;23;2414;0;2017;11;2017-11-26 00:00:00;0;0;0;5530;LÑnsi-Uudenmaan poliisilaitos;20;Sunnuntai;53;4;2;80;0;2;3;2;1;;927;Vihti;1;80;80;E;1;10936;1131;101;349474;6690724;E;1;2;2;-1;ASEMANTIE X KEHéTIE                     ;1;1;9;2;1967-11-16 00:00:00;1;1;80;10;100;90;48;0
8565239;1;25;23;2416;0;2017;10;2017-10-12 00:00:00;0;1;2;5530;LÑnsi-Uudenmaan poliisilaitos;12;Torstai;52;4;2;80;0;2;1;4;1;;927;Vihti;1;80;80;E;1;10936;1131;101;349475;6690726;E;1;5;2;-1;KEHéTIE X ASEMANTIE                     ;1;1;9;2;1967-11-16 00:00:00;1;1;80;10;100;90;48;0
8460470;1;25;23;5107;0;2017;8;2017-08-27 00:00:00;0;1;2;5530;LÑnsi-Uudenmaan poliisilaitos;19;Sunnuntai;49;4;2;60;0;1;1;2;1;;927;Vihti;1;60;60;E;1;11903;1056;101;351368;6692607;E;1;12;3;-1;KEHéTIE X HIIDENVEDENTIE                ;1;1;9;2;1967-11-16 00:00:00;1;1;80;10;100;90;48;0
8411100;1;25;23;5987;0;2017;6;2017-06-09 00:00:00;0;3;2;5530;LÑnsi-Uudenmaan poliisilaitos;8;Perjantai;49;4;2;60;0;1;1;2;1;;927;Vihti;1;60;60;E;1;11903;1056;101;352027;6693174;E;1;12;4;-1;VT 25                                   ;1;1;9;1;1996-12-20 00:00:00;1;1;80;10;100;90;48;0
8121424;1;25;24;553;0;2017;2;2017-02-11 00:00:00;0;0;0;5530;LÑnsi-Uudenmaan poliisilaitos;12;Lauantai;8;6;2;60;0;2;1;2;1;;927;Vihti;1;60;60;E;1;11903;1056;146;352562;6693411;E;1;-5;2;-1;PORINTIE X KEHéTIE                      ;1;1;9;4;2008-12-17 00:00:00;1;1;145;10;100;93;35;0
8296090;1;25;25;821;0;2017;5;2017-05-13 00:00:00;0;0;0;5530;LÑnsi-Uudenmaan poliisilaitos;23;Lauantai;90;10;2;80;0;-1;3;-1;1;;927;Vihti;1;80;80;E;1;7699;932;101;357208;6696555;E;1;3;0;-1;KEHéTIE X LAHDENKYLéNTIE                ;1;1;-1;2;1967-11-16 00:00:00;-1;1;100;10;100;94;41;0
8460331;1;25;25;1389;0;2017;8;2017-08-01 00:00:00;0;0;0;5530;LÑnsi-Uudenmaan poliisilaitos;7;Tiistai;20;5;2;80;0;1;1;1;1;;927;Vihti;1;80;80;E;1;7699;932;101;357557;6697003;E;1;15;0;-1;KEHéTIE                                 ;1;1;-1;2;1967-11-16 00:00:00;-1;1;100;10;100;94;41;0
8565783;1;25;25;6540;0;2017;10;2017-10-29 00:00:00;0;0;0;5530;LÑnsi-Uudenmaan poliisilaitos;15;Sunnuntai;90;10;2;80;0;2;1;6;1;;927;Vihti;1;80;80;E;1;5253;695;101;360558;6701063;E;1;2;0;-1;TIE 25                                  ;1;1;-1;3;1968-12-16 00:00:00;-1;1;100;10;100;67;28;0
8506276;1;25;25;7493;0;2017;9;2017-09-05 00:00:00;0;0;0;5530;LÑnsi-Uudenmaan poliisilaitos;21;Tiistai;90;10;2;80;0;-1;3;-1;1;;927;Vihti;1;100;80;E;1;5253;695;101;360878;6701917;E;1;13;0;-1;TIE 25 TAKA-SIIPPOON RISTEYS            ;1;1;-1;3;1968-12-16 00:00:00;-1;1;100;10;100;67;28;0
8119406;1;25;25;7738;0;2017;1;2017-01-17 00:00:00;0;0;0;5530;LÑnsi-Uudenmaan poliisilaitos;1;Tiistai;90;10;2;80;0;1;3;2;1;;927;Vihti;1;100;100;E;1;5253;695;101;360940;6702154;E;1;-6;0;-1;TIE 25, SIIPPOO                         ;1;1;-1;3;1968-12-16 00:00:00;-1;1;100;10;100;67;28;0
8616732;1;25;25;8180;0;2017;11;2017-11-04 00:00:00;0;0;0;5530;LÑnsi-Uudenmaan poliisilaitos;20;Lauantai;90;10;2;80;0;2;3;2;1;;927;Vihti;1;100;100;E;1;5253;695;101;361218;6702492;E;1;5;0;-1;KEHéTIE                                 ;1;1;-1;3;1968-12-16 00:00:00;-1;1;100;10;100;67;28;0
8617394;1;25;25;9689;0;2017;11;2017-11-05 00:00:00;0;0;0;5530;LÑnsi-Uudenmaan poliisilaitos;19;Sunnuntai;90;12;2;100;0;-1;3;-1;1;;927;Vihti;1;100;100;E;1;5253;695;101;362452;6703356;E;1;6;0;-1;KEHéTIE X PORTTILANTIE                  ;1;1;-1;3;1968-12-16 00:00:00;-1;1;100;10;100;67;28;0
8564555;1;25;27;0;0;2017;10;2017-10-05 00:00:00;0;0;0;5530;LÑnsi-Uudenmaan poliisilaitos;8;Torstai;30;2;2;100;0;1;1;1;1;;927;Vihti;1;100;100;E;1;5253;695;101;363170;6703758;E;1;8;0;-1;TIE 25                                  ;1;1;-1;3;1968-12-16 00:00:00;1;1;100;10;100;93;56;0
8120600;1;25;28;148;0;2017;1;2017-01-12 00:00:00;0;2;2;5560;ItÑ-Uudenmaan poliisilaitos;22;Torstai;80;1;1;80;0;4;3;5;1;;543;NurmijÑrvi;1;100;100;E;1;5253;695;101;365437;6707066;E;1;-2;0;-1;HANGONVéYLé                             ;1;1;-1;3;1968-12-16 00:00:00;-1;1;100;10;100;85;32;0
8771060;1;25;28;4162;0;2017;12;2017-12-08 00:00:00;0;0;0;5560;ItÑ-Uudenmaan poliisilaitos;20;Perjantai;90;10;2;100;0;-1;3;-1;1;;543;NurmijÑrvi;1;100;100;E;1;5253;695;101;368711;6709241;E;1;3;0;-1;HANGONVéYLé                             ;1;1;9;3;1968-12-16 00:00:00;-1;1;100;10;100;85;32;0
8616857;1;25;29;79;0;2017;11;2017-11-30 00:00:00;0;0;0;5560;ItÑ-Uudenmaan poliisilaitos;17;Torstai;90;11;2;80;0;2;3;2;1;;543;NurmijÑrvi;1;80;80;E;1;6762;928;101;369919;6710482;E;1;1;0;-1;HANGONVéYLéXLOPENTIE                    ;1;1;-1;3;1968-12-16 00:00:00;1;1;100;10;100;84;32;0
8564690;1;25;29;1401;0;2017;10;2017-10-11 00:00:00;0;0;0;5560;ItÑ-Uudenmaan poliisilaitos;18;Keskiviikko;90;10;2;80;0;2;2;2;1;;927;Vihti;1;100;100;E;1;6762;928;101;370938;6711311;E;1;8;0;-1;TIE 25                                  ;1;1;-1;3;1968-12-16 00:00:00;-1;1;100;10;100;84;32;0
8296393;1;25;30;717;0;2017;5;2017-05-19 00:00:00;0;1;2;5560;ItÑ-Uudenmaan poliisilaitos;13;Perjantai;95;1;1;100;0;1;1;1;1;;543;NurmijÑrvi;1;100;100;E;1;6762;928;101;375376;6714065;E;1;26;0;-1;HANGONVéYLé                             ;1;1;-1;3;1968-12-16 00:00:00;-1;1;100;10;100;100;26;0
8413034;1;25;30;1267;0;2017;7;2017-07-21 00:00:00;0;0;0;5560;ItÑ-Uudenmaan poliisilaitos;17;Perjantai;4;3;2;80;0;1;1;2;1;;543;NurmijÑrvi;1;100;100;E;1;6762;928;101;375918;6714191;E;1;21;0;-1;TIE 25                                  ;1;1;-1;3;1968-12-16 00:00:00;1;1;100;10;100;100;26;0
8412818;1;25;31;3797;2;2017;7;2017-07-27 00:00:00;0;1;2;5560;ItÑ-Uudenmaan poliisilaitos;17;Torstai;52;4;2;70;0;1;1;1;1;;106;HyvinkÑÑ;1;70;70;E;1;8841;1104;201;380103;6716011;E;1;24;2;-1;HANGONVéYLé X NURMIJéRVENTIE            ;1;1;-1;1;1992-09-29 00:00:00;1;2;97;10;100;77;44;0
8414155;1;25;32;119;2;2017;7;2017-07-08 00:00:00;0;0;0;5560;ItÑ-Uudenmaan poliisilaitos;7;Lauantai;90;10;2;70;0;-1;1;-1;1;;106;HyvinkÑÑ;1;70;70;E;1;11243;699;201;380273;6716218;E;1;7;0;-1;TIE 3 X TIE 25                          ;1;1;-1;1;1992-09-29 00:00:00;1;2;97;10;99;95;57;0
8771044;1;25;32;544;1;2017;12;2017-12-09 00:00:00;0;0;0;5560;ItÑ-Uudenmaan poliisilaitos;20;Lauantai;86;1;1;70;0;2;4;4;1;;106;HyvinkÑÑ;1;70;70;E;1;11243;699;201;380537;6716579;E;1;4;5;-1;TIE 25                                  ;1;1;-1;1;1992-09-29 00:00:00;1;2;97;10;99;95;57;0
8119583;1;25;32;2674;0;2017;1;2017-01-15 00:00:00;0;0;0;5560;ItÑ-Uudenmaan poliisilaitos;22;Sunnuntai;90;11;2;80;0;-1;3;-1;1;;106;HyvinkÑÑ;1;80;80;E;1;11243;699;106;381454;6718476;E;1;-4;0;-1;TIE 25                                  ;1;1;-1;1;1977-04-01 00:00:00;1;1;100;10;99;95;57;0
8130378;1;25;32;5156;0;2017;3;2017-03-21 00:00:00;0;0;0;5560;ItÑ-Uudenmaan poliisilaitos;8;Tiistai;0;3;2;80;0;1;1;1;1;;106;HyvinkÑÑ;1;80;80;E;1;11243;699;106;382999;6720353;E;1;3;0;-1;HANGONVéYLé                             ;1;1;9;1;1977-04-01 00:00:00;1;1;100;10;99;95;57;0