accidentId;roadmain;road;rseg;rdist;rway;year;month;day;dead;injr;severlvl;poldis;disname;hour;wkday;acctype;acclass;partnum;spdlim;urbmrk;surface;brightness;weather;accloc;roadnum;municipality;munidesc;spdtype;spddiropp;spddirmeas;Urban;roadtype;avg;hevavg;rwid;X;Y;roadwork;pavement;temperature;intersection;railroad;address;privacy;wintmaint;Tienverkas;action;Luovpvm;lightown;cross-sec;coatwidth;roadcoat;vision150;vision300;vision460;frameroad
8505917;1;25;32;5504;0;2017;9;2017-09-15 00:00:00;0;0;0;5560;ItÑ-Uudenmaan poliisilaitos;15;Perjantai;8;6;2;50;0;1;1;2;1;;106;HyvinkÑÑ;1;80;80;E;1;11243;699;106;383238;6720597;E;1;12;2;-1;KALEVANKATU X HANGONVéYLé               ;1;1;9;1;1977-04-01 00:00:00;1;1;100;10;99;95;57;0
8411000;1;25;33;1265;0;2017;6;2017-06-03 00:00:00;0;0;0;5560;ItÑ-Uudenmaan poliisilaitos;12;Lauantai;52;4;2;80;0;1;1;2;1;;106;HyvinkÑÑ;1;80;80;E;1;8635;721;106;384345;6721201;E;1;13;5;-1;TIE 25 X JOKELANTIE                     ;1;1;9;1;1977-04-01 00:00:00;1;1;100;10;100;90;58;0
8564567;1;25;33;3130;0;2017;10;2017-10-01 00:00:00;0;0;0;5560;ItÑ-Uudenmaan poliisilaitos;24;Sunnuntai;90;10;2;80;0;2;4;2;1;;106;HyvinkÑÑ;1;80;80;E;1;8635;721;106;386109;6721761;E;1;8;0;-1;PORVOONVéYLé                            ;1;1;-1;1;1978-12-28 00:00:00;1;1;100;10;100;90;58;0
8771071;1;25;33;4082;0;2017;12;2017-12-08 00:00:00;0;0;0;5560;ItÑ-Uudenmaan poliisilaitos;20;Perjantai;90;10;2;80;0;2;3;4;1;;106;HyvinkÑÑ;1;100;100;E;1;8635;721;106;387054;6721705;E;1;3;0;-1;TIE 25                                  ;1;1;-1;1;1978-12-28 00:00:00;-1;1;100;10;100;90;58;0
8771054;1;25;33;6686;0;2017;12;2017-12-08 00:00:00;0;0;0;5560;ItÑ-Uudenmaan poliisilaitos;20;Perjantai;90;10;2;80;0;2;4;4;1;;106;HyvinkÑÑ;1;100;100;E;1;8635;721;106;389614;6722079;E;1;3;0;-1;TIE 25                                  ;1;1;-1;1;1978-12-28 00:00:00;-1;1;100;10;100;90;58;0
8617967;1;25;33;7611;0;2017;11;2017-11-08 00:00:00;0;0;0;5560;ItÑ-Uudenmaan poliisilaitos;8;Keskiviikko;90;11;2;80;0;6;2;1;1;;106;HyvinkÑÑ;1;80;80;E;1;8635;721;106;390528;6722188;E;1;1;0;-1;VT 25                                   ;1;1;-1;1;1978-12-28 00:00:00;1;1;100;10;100;90;58;0
8120929;1;25;34;1531;0;2017;2;2017-02-08 00:00:00;0;0;0;5560;ItÑ-Uudenmaan poliisilaitos;12;Keskiviikko;90;11;2;80;0;1;1;1;1;;106;HyvinkÑÑ;1;100;100;E;1;7267;676;106;392161;6721795;E;1;-14;0;-1;TIE 25                                  ;1;1;-1;1;1978-12-28 00:00:00;-1;1;100;10;100;100;64;0
8771161;1;25;34;1992;0;2017;12;2017-12-23 00:00:00;0;1;2;5560;ItÑ-Uudenmaan poliisilaitos;17;Lauantai;20;5;2;80;0;5;3;1;1;;106;HyvinkÑÑ;1;100;100;E;1;7267;676;106;392618;6721850;E;1;2;0;-1;TIE 25                                  ;1;1;-1;1;1978-12-28 00:00:00;-1;1;100;10;100;100;64;0
8565089;1;25;34;2658;0;2017;10;2017-10-15 00:00:00;0;0;0;5560;ItÑ-Uudenmaan poliisilaitos;22;Sunnuntai;90;11;2;100;0;1;3;2;1;;106;HyvinkÑÑ;1;100;100;E;1;7267;676;106;393279;6721795;E;1;6;0;-1;PORVOONVéYLé                            ;1;1;-1;1;1978-12-28 00:00:00;-1;1;100;10;100;100;64;0
8564426;1;25;34;3318;0;2017;10;2017-10-16 00:00:00;0;0;0;5560;ItÑ-Uudenmaan poliisilaitos;21;Maanantai;90;11;2;100;0;-1;3;-1;1;;106;HyvinkÑÑ;1;100;100;E;1;7267;676;106;393937;6721811;E;1;9;0;-1;PORVOONVéYLé X KOSKENMAANTIE            ;1;1;-1;1;1978-12-28 00:00:00;-1;1;100;10;100;100;64;0
8506469;1;25;34;3507;0;2017;9;2017-09-12 00:00:00;0;0;0;5560;ItÑ-Uudenmaan poliisilaitos;20;Tiistai;8;6;2;80;0;1;1;2;1;;106;HyvinkÑÑ;1;100;100;E;1;7267;676;106;394126;6721802;E;1;14;2;-1;PORVOONVéYLé                            ;1;1;-1;1;1978-12-28 00:00:00;-1;1;100;10;100;100;64;0
8291492;1;25;34;4399;0;2017;4;2017-04-12 00:00:00;0;0;0;5560;ItÑ-Uudenmaan poliisilaitos;18;Keskiviikko;91;13;2;100;0;1;1;1;1;;505;MÑntsÑlÑ;1;100;100;E;1;7267;676;106;394995;6721614;E;1;7;0;-1;TIE 25                                  ;1;1;-1;1;1978-12-28 00:00:00;-1;1;100;10;100;100;64;0
8413883;1;25;35;781;0;2017;7;2017-07-08 00:00:00;0;0;0;5560;ItÑ-Uudenmaan poliisilaitos;24;Lauantai;90;10;2;80;0;1;3;2;1;;505;MÑntsÑlÑ;1;100;100;E;1;7267;676;106;396955;6721857;E;1;15;0;-1;HYVINKééNTIE 1135                       ;1;1;-1;1;1978-12-28 00:00:00;-1;1;100;10;100;100;55;0
8121187;1;25;35;4111;0;2017;2;2017-02-12 00:00:00;0;1;2;5560;ItÑ-Uudenmaan poliisilaitos;11;Sunnuntai;80;1;1;80;0;6;1;2;1;;505;MÑntsÑlÑ;1;100;100;E;1;7267;676;106;400173;6722504;E;1;-4;0;-1;VT 25   SUURTENMéENNIITTY               ;1;1;-1;1;1978-12-28 00:00:00;-1;1;100;10;100;100;55;0
8771152;1;25;35;4516;0;2017;12;2017-12-23 00:00:00;0;0;0;5560;ItÑ-Uudenmaan poliisilaitos;19;Lauantai;20;5;2;80;0;5;3;2;1;;505;MÑntsÑlÑ;1;100;100;E;1;7267;676;106;400578;6722511;E;1;2;0;-1;HYVINKééNTIE                            ;1;1;-1;1;1978-12-28 00:00:00;-1;1;100;10;100;100;55;0
8296953;1;25;35;5086;0;2017;5;2017-05-30 00:00:00;0;0;0;5560;ItÑ-Uudenmaan poliisilaitos;5;Tiistai;90;11;2;100;0;1;1;1;1;;505;MÑntsÑlÑ;1;100;100;E;1;7267;676;106;401142;6722443;E;1;3;0;-1;HYVINKééNTIE                            ;1;1;-1;1;1978-12-28 00:00:00;-1;1;100;10;100;100;55;0
8616602;1;25;36;2094;0;2017;11;2017-11-06 00:00:00;0;0;0;5560;ItÑ-Uudenmaan poliisilaitos;20;Maanantai;90;10;2;80;0;2;3;2;1;;505;MÑntsÑlÑ;1;100;80;E;1;7267;676;106;404770;6722613;E;1;5;0;-1;PORVOONVéYLé                            ;1;1;-1;1;1979-11-07 00:00:00;-1;1;100;10;100;79;47;0
8410016;1;25;36;2645;0;2017;6;2017-06-16 00:00:00;0;0;0;5560;ItÑ-Uudenmaan poliisilaitos;14;Perjantai;6;6;2;60;0;1;1;1;1;;505;MÑntsÑlÑ;1;60;60;E;1;7267;676;106;405318;6722634;E;1;25;0;-1;HYVINKééNTIE (TIE 25)X ISOLAMMINTIE     ;1;1;9;1;1979-11-07 00:00:00;-1;1;100;10;100;79;47;0
8297109;1;25;36;3454;0;2017;5;2017-05-19 00:00:00;0;1;2;5560;ItÑ-Uudenmaan poliisilaitos;15;Perjantai;6;6;2;60;0;1;1;1;1;;505;MÑntsÑlÑ;1;60;60;E;1;7267;676;106;406097;6722521;E;1;25;2;-1;HYVINKééNTIE X VT4                      ;1;1;9;3;2006-09-01 00:00:00;1;1;100;10;100;79;47;0
8413247;1;25;36;4125;0;2017;7;2017-07-08 00:00:00;0;2;2;5560;ItÑ-Uudenmaan poliisilaitos;11;Lauantai;40;4;2;60;1;1;1;1;1;;505;MÑntsÑlÑ;1;60;60;K;1;7267;676;106;406703;6722242;E;1;20;2;-1;POHJOINEN PIKATIE X PORVOONTIE          ;1;1;9;3;1992-08-15 00:00:00;1;1;100;10;100;79;47;0
8459905;1;45;1;3695;2;2017;8;2017-08-09 00:00:00;0;0;0;5500;Helsingin poliisilaitos;18;Keskiviikko;8;6;2;50;0;1;1;1;1;;91;Helsinki;-1;-1;-1;E;2;;;;386019;6676964;E;1;23;4;-1;TUUSULANVéYLé X POHJOLANKATU            ;3;-1;9;-1;;-1;2;;-1;;;;0
8297117;1;45;1;3909;2;2017;5;2017-05-29 00:00:00;0;1;2;5500;Helsingin poliisilaitos;15;Maanantai;6;6;2;80;0;1;1;2;1;;91;Helsinki;1;50;80;E;2;37015;1431;216;386017;6677176;E;1;20;0;-1;TUUSULANVéYLé                           ;1;0;9;1;1976-01-16 00:00:00;1;2;110;10;;;;0
8564100;1;45;1;4290;2;2017;10;2017-10-04 00:00:00;0;0;0;5500;Helsingin poliisilaitos;9;Keskiviikko;3;3;2;80;0;2;1;4;1;;91;Helsinki;1;80;80;E;2;37015;1431;216;386133;6677535;E;1;11;0;-1;TUUSULANVéYLé ETELééN                   ;1;0;9;1;1976-01-16 00:00:00;1;2;110;10;;;;0
8296299;1;45;1;4438;2;2017;5;2017-05-30 00:00:00;0;1;2;5500;Helsingin poliisilaitos;18;Tiistai;6;6;3;80;0;-1;1;2;1;;91;Helsinki;1;80;80;E;2;37015;1431;216;386159;6677680;E;1;11;0;-1;ASESEPéNTIE X TUUSULANVéYLé             ;1;0;9;1;1976-01-16 00:00:00;1;2;110;10;;;;0
8616859;1;45;1;5015;2;2017;11;2017-11-15 00:00:00;0;0;0;5500;Helsingin poliisilaitos;9;Keskiviikko;4;3;2;80;0;2;1;2;1;;91;Helsinki;1;80;80;E;2;37015;1431;216;386152;6678252;E;1;2;0;-1;TIE 45 METSéLé                          ;1;0;9;1;1976-01-16 00:00:00;1;2;145;10;;;;0
8459949;1;45;2;48;1;2017;8;2017-08-01 00:00:00;0;0;0;5500;Helsingin poliisilaitos;11;Tiistai;4;3;2;80;0;1;1;1;1;;91;Helsinki;1;80;80;E;2;37015;1431;216;386088;6678809;E;1;22;0;-1;MOOTTORITIE 45                          ;1;0;2;1;1967-01-16 00:00:00;1;2;108;10;100;84;45;0
8291458;1;45;2;1098;1;2017;4;2017-04-03 00:00:00;0;0;0;5500;Helsingin poliisilaitos;10;Maanantai;2;3;2;80;0;2;1;2;1;;91;Helsinki;1;80;80;E;2;37015;1431;216;386388;6679799;E;1;4;0;-1;TUUSULANVéYLé                           ;1;1;2;3;1999-12-10 00:00:00;1;2;108;10;100;84;45;0
8770975;1;45;2;1564;1;2017;10;2017-10-20 00:00:00;0;1;2;5500;Helsingin poliisilaitos;11;Perjantai;84;1;1;80;0;6;1;1;6;;91;Helsinki;1;80;80;E;2;37015;1431;216;386398;6680262;E;1;2;0;-1;                                        ;1;0;2;3;1999-12-10 00:00:00;1;2;108;10;100;84;45;0
8771684;1;45;2;1656;1;2017;12;2017-12-22 00:00:00;0;0;0;5500;Helsingin poliisilaitos;15;Perjantai;84;1;1;80;0;1;1;1;1;;91;Helsinki;1;80;80;E;2;37015;1431;216;386425;6680348;E;1;-1;0;-1;MUURIMESTARINTIE                        ;1;0;2;3;1999-12-10 00:00:00;1;2;108;10;100;84;45;0
8460330;1;45;2;1945;1;2017;8;2017-08-25 00:00:00;0;0;0;5500;Helsingin poliisilaitos;18;Perjantai;89;1;1;80;0;3;1;4;1;;91;Helsinki;1;80;80;E;2;68931;3747;216;386443;6680637;E;1;15;0;-1;KEHé 1 X TUUSULANVéYLé                  ;1;0;2;3;1999-12-10 00:00:00;1;2;108;10;100;84;45;0
8130087;1;45;2;2568;1;2017;3;2017-03-29 00:00:00;0;0;0;5500;Helsingin poliisilaitos;16;Keskiviikko;6;6;4;80;0;1;1;1;1;;91;Helsinki;1;80;80;E;2;68931;3747;216;386459;6681256;E;1;4;0;-1;TUUSULANVéYLé                           ;1;1;2;3;1999-12-10 00:00:00;1;2;108;10;100;84;45;0
8120153;1;45;2;3145;2;2017;1;2017-01-08 00:00:00;0;2;2;5500;Helsingin poliisilaitos;4;Sunnuntai;89;1;1;100;0;6;4;3;6;;91;Helsinki;1;100;80;E;2;68931;3747;216;386751;6681724;E;1;-2;0;-1;TUUSULANVéYLé                           ;1;1;2;1;1976-01-16 00:00:00;1;2;108;10;100;84;45;0
8414176;1;45;2;3395;1;2017;3;2017-03-31 00:00:00;0;0;0;5500;Helsingin poliisilaitos;5;Perjantai;81;1;1;80;0;5;4;6;1;;91;Helsinki;1;100;100;E;2;68931;3747;216;386975;6681866;E;1;0;0;-1;TUUSULANVéYLé                           ;1;1;2;1;1967-01-16 00:00:00;1;2;108;10;100;84;45;0
8410900;1;45;2;4335;2;2017;6;2017-06-30 00:00:00;0;0;0;5500;Helsingin poliisilaitos;4;Perjantai;99;13;2;100;0;1;1;1;1;;91;Helsinki;1;100;100;E;2;68931;3747;216;387540;6682589;E;1;14;0;-1;TUUSULANVéYLé                           ;1;0;2;1;1976-01-16 00:00:00;1;2;108;10;100;84;45;0
8841520;1;45;2;4531;1;2017;12;2017-12-09 00:00:00;0;0;0;5560;ItÑ-Uudenmaan poliisilaitos;17;Lauantai;3;3;2;100;0;1;1;2;6;;92;Vantaa;1;100;100;E;2;68931;3747;226;387664;6682744;E;1;3;0;-1;TIE 45                                  ;1;0;2;1;1967-01-16 00:00:00;1;2;108;10;100;84;45;0
8120245;1;45;2;4615;2;2017;1;2017-01-02 00:00:00;0;0;0;5560;ItÑ-Uudenmaan poliisilaitos;18;Maanantai;80;1;1;100;0;4;4;5;1;;92;Vantaa;1;100;100;E;2;68931;3747;226;387676;6682832;E;1;-3;0;-1;TUUSULANVéYLé, KAISTAT ETELééN          ;1;1;2;1;1976-01-16 00:00:00;1;2;108;10;100;84;45;0
8505736;1;45;2;4650;2;2017;9;2017-09-18 00:00:00;0;0;0;5560;ItÑ-Uudenmaan poliisilaitos;7;Maanantai;8;6;3;100;0;1;1;1;1;;92;Vantaa;1;100;100;E;2;68931;3747;226;387692;6682862;E;1;6;5;-1;TUUSULANVéYLé TAMMISTON LIITTYMé        ;1;0;2;1;1976-01-16 00:00:00;1;2;108;10;100;84;45;0
8460178;1;45;2;4744;1;2017;8;2017-08-24 00:00:00;0;1;2;5560;ItÑ-Uudenmaan poliisilaitos;15;Torstai;8;6;2;100;0;1;1;1;1;;92;Vantaa;1;100;100;E;2;68931;3747;226;387765;6682935;E;1;17;0;-1;TUUSULANVéYLé                           ;1;0;2;1;1967-01-16 00:00:00;1;2;108;10;100;84;45;0
8788488;1;45;2;4926;2;2017;11;2017-11-06 00:00:00;0;0;0;5560;ItÑ-Uudenmaan poliisilaitos;17;Maanantai;6;6;2;100;0;2;4;2;1;;92;Vantaa;1;100;100;E;2;68931;3747;226;387811;6683104;E;1;9;0;-1;TUUSULANVéYLé                           ;1;0;2;1;1976-01-16 00:00:00;1;2;108;10;100;84;45;0
8291844;1;45;2;5208;1;2017;4;2017-04-06 00:00:00;0;2;2;5560;ItÑ-Uudenmaan poliisilaitos;8;Torstai;6;6;3;100;0;1;1;1;1;;92;Vantaa;1;100;100;E;2;68931;3747;226;387947;6683360;E;1;4;0;-1;TUUSULANVéYLé                           ;1;1;2;3;1989-02-01 00:00:00;1;2;108;10;100;84;45;0
8130248;1;45;2;5297;2;2017;3;2017-03-12 00:00:00;0;1;2;5560;ItÑ-Uudenmaan poliisilaitos;16;Sunnuntai;89;1;1;100;0;1;1;1;1;;92;Vantaa;1;100;100;E;2;68931;3747;226;387945;6683453;E;1;1;0;-1;TIE 45                                  ;1;1;2;1;1976-01-16 00:00:00;1;2;108;10;100;84;45;0
8413814;1;45;2;5549;2;2017;6;2017-06-15 00:00:00;0;0;0;5560;ItÑ-Uudenmaan poliisilaitos;7;Torstai;6;6;2;100;0;1;1;1;1;;92;Vantaa;1;100;100;E;2;68931;3747;226;388031;6683689;E;1;15;0;-1;TUUSULANVéYLé                           ;1;0;2;1;1976-01-16 00:00:00;1;2;108;10;100;84;45;0
8841517;1;45;2;6041;2;2017;11;2017-11-29 00:00:00;0;0;0;5560;ItÑ-Uudenmaan poliisilaitos;17;Keskiviikko;3;3;2;100;0;2;4;2;1;;92;Vantaa;1;100;100;E;2;68931;3747;226;388144;6684163;E;1;5;0;-1;TIE 45                                  ;1;0;2;1;2005-08-16 00:00:00;1;2;108;10;100;84;45;0
8771026;1;45;2;6461;1;2017;12;2017-12-08 00:00:00;0;0;0;5560;ItÑ-Uudenmaan poliisilaitos;18;Perjantai;6;6;2;80;0;2;4;2;1;;92;Vantaa;1;100;100;E;2;68931;3747;243;388249;6684565;E;1;5;0;-1;TUUSULANVéYLé                           ;1;0;2;1;2005-08-16 00:00:00;1;2;105;10;100;84;45;0
8120868;1;45;2;6610;2;2017;2;2017-02-23 00:00:00;0;0;0;5560;ItÑ-Uudenmaan poliisilaitos;8;Torstai;3;3;2;100;0;2;4;6;1;;92;Vantaa;1;100;100;E;2;68931;3747;244;388253;6684719;E;1;1;0;-1;TUUSULANVéYLé                           ;1;1;2;1;2005-08-16 00:00:00;1;2;106;10;100;84;45;0
8564693;1;45;2;6614;2;2017;10;2017-10-12 00:00:00;0;1;2;5560;ItÑ-Uudenmaan poliisilaitos;8;Torstai;3;3;2;100;0;2;1;2;1;;92;Vantaa;1;100;100;E;2;68931;3747;244;388254;6684723;E;1;8;0;-1;TUUSULANVéYLé                           ;1;0;2;1;2005-08-16 00:00:00;1;2;106;10;100;84;45;0
8771027;1;45;2;6923;2;2017;12;2017-12-08 00:00:00;0;0;0;5560;ItÑ-Uudenmaan poliisilaitos;18;Perjantai;8;6;2;100;0;2;4;1;1;;92;Vantaa;1;100;100;E;2;68931;3747;244;388312;6685025;E;1;5;0;-1;TUUSULANVéYLé                           ;1;0;2;1;2005-08-16 00:00:00;1;2;106;10;100;84;45;0
8771017;1;45;3;346;1;2017;10;2017-10-07 00:00:00;0;0;0;5560;ItÑ-Uudenmaan poliisilaitos;23;Lauantai;7;6;2;100;0;2;4;4;1;;92;Vantaa;1;100;100;E;2;52055;1703;243;388433;6685502;E;1;7;0;-1;TUUSULANVéYLé X KEHé III                ;1;0;9;1;2005-08-16 00:00:00;1;2;105;10;;;;0
8291789;1;45;3;549;2;2017;4;2017-04-06 00:00:00;0;0;0;5560;ItÑ-Uudenmaan poliisilaitos;9;Torstai;7;6;2;100;0;1;1;1;1;;92;Vantaa;1;100;100;E;2;52055;1703;244;388476;6685703;E;1;2;0;-1;TUUSULANVéYLé X KEHé III                ;1;1;9;1;2005-08-16 00:00:00;1;2;106;10;;;;0
8120476;1;45;3;1129;1;2017;1;2017-01-10 00:00:00;0;0;0;5560;ItÑ-Uudenmaan poliisilaitos;17;Tiistai;6;6;3;100;0;2;2;2;1;;92;Vantaa;1;100;100;E;2;52055;1703;311;388721;6686230;E;1;2;0;-1;TUUSULANVéYLé                           ;1;1;9;1;2005-08-16 00:00:00;1;2;140;10;;;;0
8121216;1;45;3;1675;2;2017;1;2017-01-26 00:00:00;0;0;0;5560;ItÑ-Uudenmaan poliisilaitos;8;Torstai;2;3;3;100;0;2;1;2;1;;92;Vantaa;1;100;100;E;2;52055;1703;291;388970;6686714;E;1;2;0;-1;TUUSULANVéYLé                           ;1;1;9;1;1991-12-31 00:00:00;1;2;140;10;;;;0
8506475;1;45;3;1869;1;2017;9;2017-09-13 00:00:00;0;0;0;5560;ItÑ-Uudenmaan poliisilaitos;17;Keskiviikko;4;3;3;100;0;1;1;1;1;;92;Vantaa;1;100;100;E;2;52055;1703;291;389081;6686877;E;1;18;0;-1;TUUSULANVéYLé                           ;1;0;9;1;1991-12-31 00:00:00;1;2;140;10;;;;0
8771015;1;45;3;2420;1;2017;12;2017-12-08 00:00:00;0;0;0;5560;ItÑ-Uudenmaan poliisilaitos;18;Perjantai;3;3;2;100;0;2;2;2;1;;92;Vantaa;1;100;100;E;2;52055;1703;225;389323;6687372;E;1;7;0;-1;TUUSULANVéYLé                           ;1;0;9;1;1991-12-31 00:00:00;1;2;108;10;;;;0
8566592;1;45;3;2468;1;2017;10;2017-10-30 00:00:00;0;0;0;5560;ItÑ-Uudenmaan poliisilaitos;7;Maanantai;80;1;1;100;0;6;3;4;1;;92;Vantaa;1;100;100;E;2;52055;1703;225;389337;6687418;E;1;-1;0;-1;TIE 45 RUSKEASANTA                      ;1;0;9;1;1991-12-31 00:00:00;1;2;108;10;;;;0
8506444;1;45;3;2484;1;2017;9;2017-09-30 00:00:00;0;1;2;5560;ItÑ-Uudenmaan poliisilaitos;16;Lauantai;6;6;3;100;0;1;1;2;1;;92;Vantaa;1;100;100;E;2;52055;1703;225;389341;6687433;E;1;10;0;-1;TIE 45 POHJOINEN                        ;1;0;9;1;1991-12-31 00:00:00;1;2;108;10;;;;0
8788490;1;45;3;2550;1;2017;10;2017-10-20 00:00:00;0;0;0;5560;ItÑ-Uudenmaan poliisilaitos;16;Perjantai;3;3;2;100;0;1;1;1;1;;92;Vantaa;1;100;100;E;2;52055;1703;225;389358;6687497;E;1;8;0;-1;TIE 45                                  ;1;0;9;1;1991-12-31 00:00:00;1;2;108;10;;;;0
8564311;1;45;3;3154;1;2017;10;2017-10-13 00:00:00;0;0;0;5560;ItÑ-Uudenmaan poliisilaitos;15;Perjantai;6;6;7;120;0;1;1;2;1;;92;Vantaa;1;100;100;E;2;52055;1703;224;389390;6688098;E;1;10;0;-1;TIE 4                                   ;1;0;-1;1;1992-11-03 00:00:00;1;2;110;10;;;;0
8411226;1;45;3;3834;1;2017;6;2017-06-28 00:00:00;0;0;0;5560;ItÑ-Uudenmaan poliisilaitos;6;Keskiviikko;81;1;1;120;0;1;1;1;1;;92;Vantaa;1;100;100;E;2;52055;1703;224;389377;6688778;E;1;10;0;-1;TIE 45, KOIVUKYLéN RAMPPI               ;1;0;-1;1;1992-11-03 00:00:00;1;2;110;10;;;;0
8565124;1;45;3;6521;1;2017;10;2017-10-13 00:00:00;0;0;0;5560;ItÑ-Uudenmaan poliisilaitos;22;Perjantai;0;3;2;100;0;2;4;2;1;;858;Tuusula;1;100;100;E;2;31595;1110;233;389689;6691446;E;1;6;0;-1;TIE 45                                  ;1;0;9;1;1992-11-03 00:00:00;1;2;98;10;;;;0
8296365;1;45;3;8452;2;2017;5;2017-05-29 00:00:00;0;0;0;5560;ItÑ-Uudenmaan poliisilaitos;22;Maanantai;90;11;2;100;0;1;1;2;1;;858;Tuusula;1;100;80;E;2;31595;1110;247;389807;6693368;E;1;10;0;-1;TUUSULANVéYLé                           ;1;0;-1;1;1993-11-10 00:00:00;1;2;113;10;;;;0
8771038;1;45;3;8915;1;2017;12;2017-12-20 00:00:00;0;1;2;5560;ItÑ-Uudenmaan poliisilaitos;17;Keskiviikko;6;6;2;60;0;2;3;2;1;;858;Tuusula;1;60;60;E;2;31595;1110;247;390080;6693744;E;1;4;0;-1;TUUSULANVéYLé                           ;1;0;-1;1;1993-11-10 00:00:00;1;2;113;10;;;;0
8297105;1;45;4;51;2;2017;5;2017-05-11 00:00:00;0;0;0;5560;ItÑ-Uudenmaan poliisilaitos;17;Torstai;8;6;3;60;0;1;1;2;1;;858;Tuusula;1;60;60;E;2;31595;1110;201;390123;6693839;E;1;8;4;-1;TUUSULANVéYLé                           ;1;0;-1;1;1993-11-10 00:00:00;1;2;93;10;;;;0
8130197;1;45;4;183;2;2017;3;2017-03-16 00:00:00;0;0;0;5560;ItÑ-Uudenmaan poliisilaitos;20;Torstai;90;12;2;60;0;-1;1;-1;1;;858;Tuusula;1;60;60;E;2;31595;1110;201;390198;6693946;E;1;3;0;-1;TUUSULANVéYLé                           ;1;1;-1;1;1993-11-10 00:00:00;1;2;93;10;;;;0
8410965;1;45;4;550;2;2017;6;2017-06-05 00:00:00;0;0;0;5560;ItÑ-Uudenmaan poliisilaitos;7;Maanantai;81;1;1;60;0;1;1;2;1;;858;Tuusula;1;60;60;E;2;31595;1110;201;390420;6694234;E;1;13;0;-1;TUUSULANVéYLé                           ;1;0;9;1;1993-11-10 00:00:00;1;2;93;10;;;;0
8296427;1;45;4;1147;1;2017;5;2017-05-29 00:00:00;0;0;0;5560;ItÑ-Uudenmaan poliisilaitos;17;Maanantai;8;6;3;60;0;1;1;1;1;;858;Tuusula;1;60;60;E;2;25446;837;181;390761;6694717;E;1;18;0;-1;TUUSULANVéYLé                           ;1;0;9;1;1993-11-10 00:00:00;1;2;91;10;;;;0
8413867;1;45;4;1218;2;2017;7;2017-07-19 00:00:00;0;0;0;5560;ItÑ-Uudenmaan poliisilaitos;14;Keskiviikko;8;6;2;70;0;2;1;2;1;;858;Tuusula;1;60;60;E;2;25446;837;181;390773;6694788;E;1;15;4;-1;TUUSULANVéYLé X HAUKANTIE               ;1;0;9;1;1993-11-10 00:00:00;1;2;91;10;;;;0
8296165;1;45;4;1481;1;2017;5;2017-05-29 00:00:00;0;0;0;5560;ItÑ-Uudenmaan poliisilaitos;17;Maanantai;4;3;2;60;0;1;1;1;1;;858;Tuusula;1;60;60;E;2;25446;837;181;390887;6695024;E;1;18;0;-1;TIE 45                                  ;1;0;9;1;1993-11-10 00:00:00;1;2;91;10;;;;0
8460117;1;45;4;2278;1;2017;8;2017-08-07 00:00:00;0;0;0;5560;ItÑ-Uudenmaan poliisilaitos;18;Maanantai;40;4;2;60;0;3;1;4;1;;858;Tuusula;1;60;60;E;2;25446;837;181;391166;6695756;E;1;18;4;-1;SULANTIE X TUUSULANVéYLé                ;1;0;9;1;1993-11-10 00:00:00;1;2;91;10;;;;0
8120827;1;45;4;2285;1;2017;2;2017-02-24 00:00:00;0;1;2;5560;ItÑ-Uudenmaan poliisilaitos;7;Perjantai;49;4;2;60;1;6;1;2;1;;858;Tuusula;1;60;60;K;2;25446;837;181;391166;6695764;E;1;-7;4;-1;TUUSULANVéYLé X SULANTIE                ;1;1;9;1;1993-11-10 00:00:00;1;2;91;10;;;;0
8414153;1;45;4;2849;2;2017;5;2017-05-09 00:00:00;0;0;0;5560;ItÑ-Uudenmaan poliisilaitos;14;Tiistai;40;4;2;50;1;1;1;2;1;;858;Tuusula;1;50;50;K;2;25446;837;181;391119;6696323;E;1;7;4;-1;TUUSULANVéYLé                           ;1;0;9;1;1993-11-10 00:00:00;1;2;91;10;;;;0