accidentId;roadmain;road;rseg;rdist;rway;year;month;day;dead;injr;severlvl;poldis;disname;hour;wkday;acctype;acclass;partnum;spdlim;urbmrk;surface;brightness;weather;accloc;roadnum;municipality;munidesc;spdtype;spddiropp;spddirmeas;Urban;roadtype;avg;hevavg;rwid;X;Y;roadwork;pavement;temperature;intersection;railroad;address;privacy;wintmaint;Tienverkas;action;Luovpvm;lightown;cross-sec;coatwidth;roadcoat;vision150;vision300;vision460;frameroad
8131066;1;45;4;2881;1;2017;3;2017-03-08 00:00:00;0;0;0;5560;ItÑ-Uudenmaan poliisilaitos;8;Keskiviikko;89;13;3;50;1;5;1;2;1;;858;Tuusula;1;50;50;K;2;25446;837;181;391127;6696354;E;1;1;0;-1;FALBACKANTIE X TUUSULANVéYLé            ;1;1;9;1;1993-11-10 00:00:00;1;2;91;10;;;;0
8411078;1;45;6;4652;0;2017;6;2017-06-03 00:00:00;0;0;0;5560;ItÑ-Uudenmaan poliisilaitos;22;Lauantai;59;4;2;60;0;1;1;1;1;;858;Tuusula;2;60;60;E;2;8906;668;90;388463;6702513;E;1;12;2;-1;HéMEENTIE                               ;1;1;1;1;1994-12-01 00:00:00;1;1;80;10;100;77;52;0
8120972;1;45;7;3935;0;2017;2;2017-02-03 00:00:00;0;0;0;5560;ItÑ-Uudenmaan poliisilaitos;8;Perjantai;90;11;2;80;0;6;3;4;1;;543;NurmijÑrvi;1;80;80;E;2;7406;577;87;386849;6705995;E;1;-1;0;-1;HéMEENTIE                               ;1;1;-1;-1;;-1;1;75;10;100;83;50;0
8120435;1;45;7;5626;0;2017;1;2017-01-02 00:00:00;0;0;0;5560;ItÑ-Uudenmaan poliisilaitos;19;Maanantai;90;11;2;80;0;-1;3;-1;1;;543;NurmijÑrvi;1;80;80;E;2;7406;577;87;386753;6707682;E;1;-3;0;-1;HéMEENTIE, VT 45                        ;1;1;-1;-1;;-1;1;75;10;100;83;50;0
8617811;1;45;7;6006;0;2017;11;2017-11-13 00:00:00;0;1;2;5560;ItÑ-Uudenmaan poliisilaitos;8;Maanantai;90;10;2;80;0;2;2;2;1;;543;NurmijÑrvi;1;80;80;E;2;7406;577;87;386753;6708063;E;1;1;0;-1;HéMEENTIE                               ;1;1;-1;-1;;-1;1;75;10;100;83;50;0
8617325;1;45;7;6490;0;2017;11;2017-11-08 00:00:00;0;0;0;5560;ItÑ-Uudenmaan poliisilaitos;8;Keskiviikko;90;11;2;80;0;-1;2;-1;1;;543;NurmijÑrvi;1;80;80;E;2;7406;577;87;386663;6708537;E;1;1;0;-1;HéMEENTIE 139                           ;1;1;-1;-1;;-1;1;75;10;100;83;50;0
8130312;1;45;7;7183;0;2017;3;2017-03-09 00:00:00;0;0;0;5560;ItÑ-Uudenmaan poliisilaitos;23;Torstai;90;11;2;80;0;6;4;6;1;;543;NurmijÑrvi;1;80;80;E;2;7406;577;87;386453;6709198;E;1;0;0;-1;HéMEENTIE                               ;1;1;-1;-1;;-1;1;75;10;100;83;50;0
8121054;1;45;7;7424;0;2017;1;2017-01-01 00:00:00;0;0;0;5560;ItÑ-Uudenmaan poliisilaitos;21;Sunnuntai;90;11;2;80;0;-1;3;-1;1;;543;NurmijÑrvi;1;80;80;E;2;7406;577;87;386381;6709430;E;1;-2;0;-1;HéMEENTIE 141                           ;1;1;-1;-1;;-1;1;75;10;100;83;50;0
8617012;1;50;1;530;0;2017;11;2017-11-10 00:00:00;0;0;0;5530;LÑnsi-Uudenmaan poliisilaitos;15;Perjantai;90;10;2;80;0;-1;1;-1;1;;257;Kirkkonummi;2;80;80;E;2;11311;852;106;363152;6669786;E;1;6;0;-1;KEHé 3                                  ;1;1;-1;1;1968-11-16 00:00:00;-1;1;100;10;97;82;47;0
8296902;1;50;1;1567;0;2017;5;2017-05-25 00:00:00;0;0;0;5530;LÑnsi-Uudenmaan poliisilaitos;22;Torstai;90;11;2;80;0;-1;1;-1;1;;257;Kirkkonummi;2;80;80;E;2;11311;852;106;363580;6670721;E;1;16;0;-1;KEHé 3                                  ;1;1;-1;1;1968-11-16 00:00:00;1;1;100;10;97;82;47;0
8291461;1;50;1;3008;0;2017;4;2017-04-19 00:00:00;0;0;0;5530;LÑnsi-Uudenmaan poliisilaitos;16;Keskiviikko;8;6;2;80;0;1;1;1;1;;257;Kirkkonummi;2;80;80;E;2;11311;852;106;363729;6672133;E;1;5;0;-1;KEHé 3 X KEHéNREUNA                     ;1;1;9;1;1968-11-16 00:00:00;-1;1;100;10;97;82;47;0
8414043;1;50;1;3664;0;2017;7;2017-07-11 00:00:00;0;0;0;5530;LÑnsi-Uudenmaan poliisilaitos;1;Tiistai;90;11;2;80;0;-1;3;-1;1;;257;Kirkkonummi;2;80;80;E;2;11311;852;106;364007;6672726;E;1;12;0;-1;KEHé 3 X MAJVIIK                        ;1;1;9;1;1968-11-16 00:00:00;-1;1;100;10;97;82;47;0
8506159;1;50;1;4042;0;2017;9;2017-09-13 00:00:00;0;0;0;5530;LÑnsi-Uudenmaan poliisilaitos;24;Keskiviikko;86;1;1;80;0;1;3;2;1;;257;Kirkkonummi;2;80;80;E;2;11311;852;106;364262;6673005;E;1;12;0;-1;KEHé III X LUOMANKUJA                   ;1;1;9;1;1968-11-16 00:00:00;-1;1;100;10;97;82;47;0
8121399;1;50;1;7281;0;2017;2;2017-02-26 00:00:00;0;0;0;5530;LÑnsi-Uudenmaan poliisilaitos;22;Sunnuntai;80;1;1;80;0;6;4;5;1;;49;Espoo;1;80;80;E;2;23820;1848;106;365979;6675557;E;1;-1;0;-1;KEHé III KAUKLAHTI                      ;1;1;9;1;1968-11-16 00:00:00;1;1;100;10;100;65;20;0
8460326;1;50;1;8647;0;2017;8;2017-08-30 00:00:00;0;0;0;5530;LÑnsi-Uudenmaan poliisilaitos;3;Keskiviikko;80;1;1;80;0;1;4;1;1;;49;Espoo;1;80;80;E;2;23820;1848;106;367039;6676385;E;1;15;0;-1;KEHé 3 KAUKLAHTI                        ;1;0;9;1;1968-11-16 00:00:00;1;1;100;10;100;65;20;0
8506402;1;50;1;9191;0;2017;9;2017-09-27 00:00:00;0;0;0;5530;LÑnsi-Uudenmaan poliisilaitos;7;Keskiviikko;90;10;2;80;0;1;1;2;1;;49;Espoo;1;80;80;E;2;23820;1848;106;367567;6676507;E;1;12;0;-1;KEHé III                                ;1;0;-1;1;1968-11-16 00:00:00;1;1;100;10;100;65;20;0
8411057;1;50;1;9675;0;2017;6;2017-06-13 00:00:00;1;1;1;5530;LÑnsi-Uudenmaan poliisilaitos;6;Tiistai;0;3;2;80;0;2;1;2;1;;49;Espoo;1;80;80;E;2;23820;1848;106;368038;6676621;E;1;12;0;-1;KEHé III, MIKKELé                       ;1;0;9;1;1968-11-16 00:00:00;1;1;100;10;100;65;20;0
8564739;1;50;1;10926;1;2017;10;2017-10-03 00:00:00;0;0;0;5530;LÑnsi-Uudenmaan poliisilaitos;20;Tiistai;86;1;1;80;0;2;2;4;1;;49;Espoo;1;80;80;E;2;23820;1848;216;368829;6677490;E;1;8;0;-1;KEHé 3                                  ;1;0;2;2;1990-01-01 00:00:00;1;2;100;10;100;65;20;0
8771182;1;50;1;11942;2;2017;12;2017-12-11 00:00:00;0;0;0;5530;LÑnsi-Uudenmaan poliisilaitos;7;Maanantai;94;13;3;80;0;1;4;2;1;;49;Espoo;1;80;80;E;2;23820;1848;216;369488;6678200;E;1;2;0;-1;KEHé III                                ;1;0;2;1;1998-06-01 00:00:00;1;2;105;10;100;65;20;0
8296590;1;50;3;214;2;2017;5;2017-05-02 00:00:00;0;0;0;5530;LÑnsi-Uudenmaan poliisilaitos;17;Tiistai;3;3;2;80;0;-1;1;-1;1;;49;Espoo;1;80;80;E;2;41052;4177;226;369735;6678277;E;1;15;0;-1;KEHé III                                ;1;0;9;1;1995-12-01 00:00:00;1;2;105;10;;;;1
8119545;1;50;3;387;2;2017;1;2017-01-20 00:00:00;0;0;0;5530;LÑnsi-Uudenmaan poliisilaitos;17;Perjantai;8;6;2;80;0;-1;2;-1;1;;49;Espoo;1;80;80;E;2;41052;4177;226;369898;6678334;E;1;3;0;-1;KEHé 3                                  ;1;1;9;1;1995-12-01 00:00:00;1;2;105;10;;;;1
8296868;1;50;3;2933;2;2017;5;2017-05-24 00:00:00;0;1;2;5530;LÑnsi-Uudenmaan poliisilaitos;8;Keskiviikko;81;1;1;100;0;1;1;1;1;;49;Espoo;1;100;100;E;2;41052;4177;226;371986;6679568;E;1;15;0;-1;KEHé III                                ;1;0;9;1;1995-12-01 00:00:00;1;2;105;10;;;;1
8616448;1;50;3;3710;1;2017;11;2017-11-25 00:00:00;0;0;0;5530;LÑnsi-Uudenmaan poliisilaitos;9;Lauantai;81;1;1;80;0;2;1;2;1;;49;Espoo;1;100;100;E;2;41052;4177;226;372400;6680225;E;1;5;0;-1;KEHé III                                ;1;0;9;1;1995-12-01 00:00:00;1;2;105;10;;;;1
8771146;1;50;3;4225;1;2017;12;2017-12-20 00:00:00;0;0;0;5530;LÑnsi-Uudenmaan poliisilaitos;20;Keskiviikko;89;1;1;100;0;2;4;1;1;;49;Espoo;1;100;100;E;2;42260;4038;226;372689;6680652;E;1;2;0;-1;KEHé III                                ;1;0;9;1;1995-12-01 00:00:00;1;2;105;10;;;;1
8410573;1;50;3;4257;2;2017;6;2017-06-28 00:00:00;0;1;2;5530;LÑnsi-Uudenmaan poliisilaitos;21;Keskiviikko;80;1;1;100;0;1;1;1;1;;49;Espoo;1;100;100;E;2;42260;4038;226;372696;6680685;E;1;17;0;-1;KEHé 3                                  ;1;0;9;1;1995-12-01 00:00:00;1;2;105;10;;;;1
8119467;1;50;3;4630;1;2017;1;2017-01-11 00:00:00;0;0;0;5530;LÑnsi-Uudenmaan poliisilaitos;22;Keskiviikko;4;3;2;100;0;1;4;2;1;;49;Espoo;1;100;100;E;2;42260;4038;226;372984;6680932;E;1;-3;0;-1;KEHé III                                ;1;1;9;1;1995-12-01 00:00:00;1;2;105;10;;;;1
8119665;1;50;3;4822;1;2017;1;2017-01-02 00:00:00;0;0;0;5530;LÑnsi-Uudenmaan poliisilaitos;20;Maanantai;4;3;2;80;0;6;4;2;1;;49;Espoo;1;100;100;E;2;42260;4038;226;373113;6681075;E;1;-1;0;-1;KEHé 3                                  ;1;1;9;1;1995-12-01 00:00:00;1;2;105;10;;;;1
8617826;1;50;3;4954;1;2017;11;2017-11-17 00:00:00;0;0;0;5530;LÑnsi-Uudenmaan poliisilaitos;14;Perjantai;81;1;1;100;0;1;1;2;1;;49;Espoo;1;100;100;E;2;42260;4038;226;373191;6681182;E;1;7;0;-1;KEHé 3                                  ;1;0;9;1;1995-12-01 00:00:00;1;2;105;10;;;;1
8459909;1;50;4;20;2;2017;8;2017-08-03 00:00:00;0;0;0;5530;LÑnsi-Uudenmaan poliisilaitos;18;Torstai;81;1;1;80;0;1;1;1;1;;49;Espoo;1;100;100;E;2;42260;4038;226;373477;6681707;E;1;23;0;-1;KEHé III X KULLOONSILTA                 ;1;0;-1;1;1995-12-01 00:00:00;1;2;105;10;;;;1
8130330;1;50;4;395;2;2017;3;2017-03-21 00:00:00;0;0;0;5530;LÑnsi-Uudenmaan poliisilaitos;-1;Tiistai;9;13;2;100;0;-1;-1;-1;1;;49;Espoo;1;100;100;E;2;42260;4038;226;373678;6682024;E;1;4;0;-1;KEHé III                                ;1;1;9;1;1995-12-01 00:00:00;1;2;105;10;;;;1
8616547;1;50;4;473;1;2017;11;2017-11-18 00:00:00;0;0;0;5530;LÑnsi-Uudenmaan poliisilaitos;19;Lauantai;90;10;2;100;0;2;4;4;1;;49;Espoo;1;100;100;E;2;42260;4038;226;373735;6682081;E;1;4;0;-1;KEHé III                                ;1;0;9;1;1995-12-01 00:00:00;1;2;105;10;;;;1
8771546;1;50;4;1360;2;2017;12;2017-12-28 00:00:00;0;0;0;5530;LÑnsi-Uudenmaan poliisilaitos;7;Torstai;99;13;1;100;0;-1;3;4;1;;49;Espoo;1;100;100;E;2;42260;4038;226;374350;6682688;E;1;0;0;-1;KEHé III                                ;1;0;9;1;1995-12-01 00:00:00;1;2;105;10;;;;1
8771288;1;50;4;4417;2;2017;12;2017-12-01 00:00:00;0;0;0;5560;ItÑ-Uudenmaan poliisilaitos;19;Perjantai;80;1;1;80;0;2;4;6;1;;92;Vantaa;1;80;80;E;2;47750;4529;217;377107;6683957;E;1;1;0;-1;KEHé III                                ;1;0;-1;3;1984-01-01 00:00:00;1;2;125;10;100;78;41;1
8121162;1;50;4;4519;1;2017;2;2017-02-06 00:00:00;0;0;0;5560;ItÑ-Uudenmaan poliisilaitos;13;Maanantai;7;13;3;80;0;6;1;1;1;;92;Vantaa;1;80;80;E;2;47750;4529;182;377212;6683971;E;1;-5;0;-1;KEHé 3                                  ;1;1;-1;1;1995-12-01 00:00:00;1;2;85;10;100;78;41;1
8296160;1;50;4;4704;1;2017;4;2017-04-23 00:00:00;0;0;0;5560;ItÑ-Uudenmaan poliisilaitos;16;Sunnuntai;6;6;2;80;0;1;1;1;1;;92;Vantaa;1;80;80;E;2;47750;4529;147;377396;6683994;E;1;9;0;-1;KEHé III                                ;1;1;9;1;1995-12-01 00:00:00;1;2;85;10;100;78;41;1
8119515;1;50;4;4840;2;2017;1;2017-01-12 00:00:00;0;0;0;5560;ItÑ-Uudenmaan poliisilaitos;13;Torstai;81;1;1;80;0;6;1;5;1;;92;Vantaa;1;80;80;E;2;47750;4529;147;377525;6684000;E;1;-3;0;-1;KEHé 3                                  ;1;1;9;3;1984-01-01 00:00:00;1;2;85;10;100;78;41;1
8413802;1;50;4;5428;1;2017;7;2017-07-04 00:00:00;0;0;0;5560;ItÑ-Uudenmaan poliisilaitos;20;Tiistai;6;6;2;80;0;1;1;2;1;;92;Vantaa;1;80;80;E;2;47750;4529;162;378104;6683861;E;1;15;0;-1;KEHé III                                ;1;0;-1;3;1984-01-01 00:00:00;1;2;85;10;100;78;41;1
8121163;1;50;4;5675;2;2017;2;2017-02-06 00:00:00;0;0;0;5560;ItÑ-Uudenmaan poliisilaitos;13;Maanantai;4;3;2;80;0;1;1;1;1;;92;Vantaa;1;80;80;E;2;47750;4529;162;378346;6683892;E;1;-6;2;-1;KEHé III X VIHDINTIE                    ;1;1;-1;3;1984-01-01 00:00:00;1;2;85;10;100;78;41;1
8460425;1;50;4;5717;1;2017;8;2017-08-28 00:00:00;0;1;2;5560;ItÑ-Uudenmaan poliisilaitos;12;Maanantai;6;6;2;80;0;1;1;1;1;;92;Vantaa;1;80;80;E;2;47750;4529;162;378392;6683887;E;1;13;0;-1;KEHé III X VIHDINTIE                    ;1;0;-1;3;1984-01-01 00:00:00;1;2;85;10;100;78;41;1
8130377;1;50;5;632;2;2017;3;2017-03-08 00:00:00;0;0;0;5560;ItÑ-Uudenmaan poliisilaitos;1;Keskiviikko;80;1;1;80;0;4;4;5;1;;92;Vantaa;1;80;80;E;2;53015;4734;162;379091;6684298;E;1;-1;0;-1;KEHé III                                ;1;1;2;3;1984-01-01 00:00:00;1;2;85;10;100;75;43;1
8121212;1;50;5;792;1;2017;2;2017-02-02 00:00:00;0;0;0;5560;ItÑ-Uudenmaan poliisilaitos;7;Torstai;6;6;3;80;0;2;4;6;1;;92;Vantaa;1;80;80;E;2;53015;4734;162;379224;6684374;E;1;1;0;-1;KEHé 3                                  ;1;1;2;3;1984-01-01 00:00:00;1;2;85;10;100;75;43;1
8506016;1;50;5;1019;2;2017;9;2017-09-21 00:00:00;0;0;0;5560;ItÑ-Uudenmaan poliisilaitos;16;Torstai;2;3;2;80;0;1;1;2;1;;92;Vantaa;1;80;80;E;2;53015;4734;162;379398;6684526;E;1;14;0;-1;KEHé III                                ;1;0;2;3;1984-01-01 00:00:00;1;2;85;10;100;75;43;1
8119826;1;50;5;1405;2;2017;1;2017-01-02 00:00:00;0;1;2;5500;Helsingin poliisilaitos;19;Maanantai;6;6;5;80;0;6;4;5;9;;92;Vantaa;1;80;80;E;2;53015;4734;162;379676;6684787;E;1;-4;0;-1;KEHé 3                                  ;1;1;2;3;1984-01-01 00:00:00;1;2;85;10;100;75;43;1
8411406;1;50;5;1737;2;2017;4;2017-04-13 00:00:00;0;0;0;5560;ItÑ-Uudenmaan poliisilaitos;16;Torstai;6;6;2;70;0;1;1;1;1;;92;Vantaa;1;80;80;E;2;53015;4734;162;379894;6685032;E;1;5;0;-1;KEHé III                                ;1;1;-1;3;1984-01-01 00:00:00;1;2;85;10;100;75;43;1
8566777;1;50;5;2094;1;2017;10;2017-10-27 00:00:00;0;0;0;5560;ItÑ-Uudenmaan poliisilaitos;12;Perjantai;19;2;2;80;0;7;1;1;1;;92;Vantaa;1;-1;80;E;2;53015;4734;162;380157;6685257;E;1;-2;2;-1;KEHé III (ITééN) X RAAPPAVUORENTIE      ;1;0;-1;3;1984-01-01 00:00:00;1;2;85;10;100;75;43;1
8119326;1;50;5;2278;2;2017;1;2017-01-27 00:00:00;0;0;0;5560;ItÑ-Uudenmaan poliisilaitos;16;Perjantai;8;6;4;80;0;2;1;1;1;;92;Vantaa;1;-1;80;E;2;53015;4734;162;380278;6685403;E;1;3;0;-1;KEHé 3                                  ;1;1;9;3;1984-01-01 00:00:00;1;2;85;10;100;75;43;1
8460390;1;50;5;2296;1;2017;8;2017-08-07 00:00:00;0;0;0;5560;ItÑ-Uudenmaan poliisilaitos;5;Maanantai;80;1;1;80;0;2;4;2;1;;92;Vantaa;1;-1;80;E;2;53015;4734;162;380302;6685395;E;1;14;0;-1;KEHé 3                                  ;1;0;9;3;1984-01-01 00:00:00;1;2;85;10;100;75;43;1
8410648;1;50;5;2857;1;2017;6;2017-06-04 00:00:00;0;0;0;5560;ItÑ-Uudenmaan poliisilaitos;19;Sunnuntai;81;1;1;80;0;1;1;1;1;;92;Vantaa;1;-1;70;E;2;53015;4734;162;380730;6685742;E;1;16;0;-1;KEHé 3 X MARTINLAAKSO                   ;1;0;2;3;1984-01-01 00:00:00;1;2;85;10;100;75;43;1
8617432;1;50;5;2909;1;2017;11;2017-11-13 00:00:00;0;0;0;5560;ItÑ-Uudenmaan poliisilaitos;10;Maanantai;4;3;2;80;0;2;1;2;1;;92;Vantaa;1;-1;70;E;2;53015;4734;162;380777;6685763;E;1;5;0;-1;KEHé III                                ;1;0;2;3;1984-01-01 00:00:00;1;2;85;10;100;75;43;1
8788518;1;50;5;3279;2;2017;10;2017-10-30 00:00:00;0;0;0;5560;ItÑ-Uudenmaan poliisilaitos;7;Maanantai;80;1;1;80;0;6;4;2;1;;92;Vantaa;1;-1;70;E;2;53015;4734;162;381119;6685874;E;1;2;0;-1;KEHé III                                ;1;0;2;3;1984-01-01 00:00:00;1;2;85;10;100;75;43;1
8296551;1;50;5;3453;1;2017;5;2017-05-13 00:00:00;0;0;0;5560;ItÑ-Uudenmaan poliisilaitos;5;Lauantai;90;11;2;70;0;-1;2;-1;1;;92;Vantaa;1;-1;70;E;2;53015;4734;162;381300;6685872;E;1;1;0;-1;KEHé III X HéMEENLINNAN VéYLé           ;1;0;2;3;1978-03-01 00:00:00;1;2;108;10;100;75;43;1
8119932;1;50;5;3722;1;2017;1;2017-01-02 00:00:00;0;0;0;5560;ItÑ-Uudenmaan poliisilaitos;20;Maanantai;81;1;1;80;0;4;4;5;6;;92;Vantaa;1;-1;70;E;2;53015;4734;162;381557;6685932;E;1;-3;0;-1;KEHé III X HéMEENLINNANVéYLé            ;1;1;2;3;1978-03-01 00:00:00;1;2;108;10;100;75;43;1
8565240;1;50;5;3726;1;2017;10;2017-10-10 00:00:00;0;0;0;5560;ItÑ-Uudenmaan poliisilaitos;10;Tiistai;6;6;3;80;0;2;1;4;6;;92;Vantaa;1;-1;70;E;2;53015;4734;162;381561;6685934;E;1;5;0;-1;KEHé 3 ITééN X TIE 3                    ;1;0;2;3;1978-03-01 00:00:00;1;2;108;10;100;75;43;1
8121406;1;50;6;57;2;2017;2;2017-02-17 00:00:00;0;0;0;5560;ItÑ-Uudenmaan poliisilaitos;18;Perjantai;9;13;2;60;0;2;1;2;1;;92;Vantaa;1;-1;70;E;2;73736;7125;162;381609;6685983;E;1;3;0;-1;HéMEENLINNANVéYLé X KEHé 3              ;1;1;2;3;1978-03-01 00:00:00;1;2;108;10;100;93;54;1
8129932;1;50;6;230;1;2017;3;2017-03-22 00:00:00;0;0;0;5560;ItÑ-Uudenmaan poliisilaitos;9;Keskiviikko;4;3;2;60;0;2;1;4;1;;92;Vantaa;1;-1;70;E;2;73736;7125;162;381762;6686058;E;1;3;2;-1;KEHé 3                                  ;1;1;2;3;1978-03-01 00:00:00;1;2;108;10;100;93;54;1
8413861;1;50;6;243;2;2017;7;2017-07-31 00:00:00;0;1;2;5560;ItÑ-Uudenmaan poliisilaitos;2;Maanantai;7;6;2;80;0;1;4;2;1;;92;Vantaa;1;-1;70;E;2;73736;7125;162;381764;6686085;E;1;15;0;-1;KEHé 3                                  ;1;0;2;3;1978-03-01 00:00:00;1;2;108;10;100;93;54;1
8617367;1;50;6;437;1;2017;11;2017-11-22 00:00:00;0;0;0;5560;ItÑ-Uudenmaan poliisilaitos;17;Keskiviikko;6;6;4;80;0;2;2;6;1;;92;Vantaa;1;-1;70;E;2;73736;7125;162;381935;6686169;E;1;2;0;-1;KEHé 3                                  ;1;0;2;3;1979-06-30 00:00:00;1;2;108;10;100;93;54;1
8459887;1;50;6;530;2;2017;8;2017-08-09 00:00:00;0;0;0;5560;ItÑ-Uudenmaan poliisilaitos;17;Keskiviikko;6;6;4;80;0;1;1;1;6;;92;Vantaa;1;-1;80;E;2;73736;7125;162;382006;6686237;E;1;25;0;-1;KEHé III                                ;1;0;2;3;1979-01-01 00:00:00;1;2;80;10;100;93;54;1
8788484;1;50;6;584;1;2017;10;2017-10-18 00:00:00;0;0;0;5560;ItÑ-Uudenmaan poliisilaitos;7;Keskiviikko;2;3;2;80;0;2;4;2;1;;92;Vantaa;1;-1;80;E;2;73736;7125;162;382058;6686249;E;1;10;0;-1;KEHé III                                ;1;0;2;3;1979-06-30 00:00:00;1;2;80;10;100;93;54;1
8565853;1;50;6;616;1;2017;10;2017-10-30 00:00:00;0;0;0;5560;ItÑ-Uudenmaan poliisilaitos;6;Maanantai;82;1;1;80;0;2;4;2;1;;92;Vantaa;1;-1;80;E;2;73736;7125;162;382085;6686266;E;1;2;0;-1;KEHé 3                                  ;1;0;9;3;1979-06-30 00:00:00;1;2;80;10;100;93;54;1
8617729;1;50;6;682;2;2017;8;2017-08-12 00:00:00;0;0;0;5560;ItÑ-Uudenmaan poliisilaitos;13;Lauantai;2;3;2;80;0;1;1;1;1;;92;Vantaa;1;-1;80;E;2;73736;7125;162;382134;6686319;E;1;25;0;-1;KEHé III                                ;1;0;9;3;1979-01-01 00:00:00;1;2;80;10;100;93;54;1
8120117;1;50;6;854;1;2017;1;2017-01-02 00:00:00;0;1;2;5560;ItÑ-Uudenmaan poliisilaitos;22;Maanantai;9;13;2;80;0;6;4;5;1;;92;Vantaa;1;-1;80;E;2;73736;7125;162;382292;6686379;E;1;-4;0;-1;KEHé 3                                  ;1;1;9;3;1979-06-30 00:00:00;1;2;80;10;100;93;54;1
8563161;1;50;6;1184;1;2017;10;2017-10-31 00:00:00;0;0;0;5560;ItÑ-Uudenmaan poliisilaitos;2;Tiistai;90;11;2;80;0;1;4;2;1;;92;Vantaa;1;-1;80;E;2;73736;7125;162;382609;6686452;E;1;1;0;-1;KEHé 3, TUUPAKAN LIITTYMé               ;1;0;2;3;1979-06-30 00:00:00;1;2;80;10;100;93;54;1
8120176;1;50;6;1186;1;2017;1;2017-01-04 00:00:00;0;0;0;5560;ItÑ-Uudenmaan poliisilaitos;7;Keskiviikko;89;13;3;80;0;4;1;5;1;;92;Vantaa;1;-1;80;E;2;73736;7125;162;382611;6686452;E;1;-10;0;-1;KEHé III ITééN                          ;1;1;2;3;1979-06-30 00:00:00;1;2;80;10;100;93;54;1
8414135;1;50;6;1359;1;2017;7;2017-07-07 00:00:00;0;0;0;5560;ItÑ-Uudenmaan poliisilaitos;3;Perjantai;90;10;2;80;0;1;2;2;1;;92;Vantaa;1;-1;80;E;2;73736;7125;162;382783;6686463;E;1;9;0;-1;KEHé III                                ;1;0;2;3;1979-06-30 00:00:00;1;2;80;10;100;93;54;1
8788524;1;50;6;1359;2;2017;11;2017-11-15 00:00:00;0;0;0;5560;ItÑ-Uudenmaan poliisilaitos;8;Keskiviikko;6;6;2;80;0;2;4;2;1;;92;Vantaa;1;-1;80;E;2;73736;7125;162;382778;6686481;E;1;2;0;-1;KEHé III                                ;1;0;2;3;1979-01-01 00:00:00;1;2;80;10;100;93;54;1
8506347;1;50;6;1992;1;2017;9;2017-09-24 00:00:00;0;1;2;5560;ItÑ-Uudenmaan poliisilaitos;13;Sunnuntai;6;6;2;80;0;1;1;1;1;;92;Vantaa;1;-1;70;E;2;73736;7125;162;383413;6686478;E;1;17;0;-1;KEHé III, TUUPAKKA                      ;1;0;2;3;1979-06-30 00:00:00;1;2;80;10;100;93;54;1
8291452;1;50;6;2173;1;2017;4;2017-04-19 00:00:00;0;0;0;5560;ItÑ-Uudenmaan poliisilaitos;21;Keskiviikko;3;3;2;80;0;1;1;1;1;;92;Vantaa;1;-1;70;E;2;73736;7125;162;383593;6686479;E;1;3;0;-1;KEHé 3                                  ;1;1;2;3;1979-06-30 00:00:00;1;2;80;10;100;93;54;1
8411428;1;50;6;2589;1;2017;5;2017-05-12 00:00:00;0;0;0;5560;ItÑ-Uudenmaan poliisilaitos;9;Perjantai;3;3;2;80;0;1;1;1;1;;92;Vantaa;1;-1;70;E;2;73736;7125;162;384007;6686481;E;1;4;0;-1;KEHé 3                                  ;1;0;2;3;1979-06-30 00:00:00;1;2;80;10;100;93;54;1
8121081;1;50;6;2702;2;2017;1;2017-01-30 00:00:00;0;0;0;5560;ItÑ-Uudenmaan poliisilaitos;10;Maanantai;3;3;2;80;0;2;1;6;1;;92;Vantaa;1;-1;70;E;2;73736;7125;162;384116;6686487;E;1;1;2;-1;KEHé 3                                  ;1;1;2;3;1979-01-01 00:00:00;1;2;80;10;100;93;54;1
8291846;1;50;6;3039;1;2017;4;2017-04-06 00:00:00;0;0;0;5560;ItÑ-Uudenmaan poliisilaitos;17;Torstai;6;6;2;80;0;1;1;1;1;;92;Vantaa;1;-1;70;E;2;73736;7125;162;384447;6686407;E;1;8;0;-1;KEHé III                                ;1;1;2;3;1979-06-30 00:00:00;1;2;80;10;100;93;54;1