accidentId;roadmain;road;rseg;rdist;rway;year;month;day;dead;injr;severlvl;poldis;disname;hour;wkday;acctype;acclass;partnum;spdlim;urbmrk;surface;brightness;weather;accloc;roadnum;municipality;munidesc;spdtype;spddiropp;spddirmeas;Urban;roadtype;avg;hevavg;rwid;X;Y;roadwork;pavement;temperature;intersection;railroad;address;privacy;wintmaint;Tienverkas;action;Luovpvm;lightown;cross-sec;coatwidth;roadcoat;vision150;vision300;vision460;frameroad
8119308;1;55;3;8841;0;2017;1;2017-01-12 00:00:00;0;0;0;5560;ItÑ-Uudenmaan poliisilaitos;18;Torstai;90;11;2;80;0;6;3;5;1;;505;MÑntsÑlÑ;1;100;100;E;2;3881;473;106;415144;6714427;E;1;-3;0;-1;PORVOONTIE                              ;1;2;-1;1;1969-06-30 00:00:00;-1;1;100;10;100;99;65;0
8410094;1;55;3;10996;0;2017;6;2017-06-15 00:00:00;0;0;0;5560;ItÑ-Uudenmaan poliisilaitos;12;Torstai;90;11;2;80;0;1;1;1;1;;505;MÑntsÑlÑ;1;100;100;E;2;3881;473;106;414136;6716306;E;1;22;0;-1;PORVOONTIE                              ;1;2;-1;1;1969-06-30 00:00:00;-1;1;100;10;100;99;65;0
8617320;1;55;3;12661;0;2017;11;2017-11-10 00:00:00;0;0;0;5560;ItÑ-Uudenmaan poliisilaitos;15;Perjantai;80;1;1;80;0;2;1;1;1;;505;MÑntsÑlÑ;1;100;100;E;2;3881;473;106;413007;6717500;E;1;7;0;-1;PORVOONTIE                              ;1;2;-1;1;1969-06-30 00:00:00;1;1;100;10;100;99;65;0
8121069;1;55;5;1478;0;2017;2;2017-02-27 00:00:00;0;0;0;5560;ItÑ-Uudenmaan poliisilaitos;7;Maanantai;90;10;2;80;0;6;1;2;1;;505;MÑntsÑlÑ;1;100;100;E;2;5234;535;106;410043;6719865;E;1;-5;0;-1;TIE 55                                  ;1;2;-1;1;1970-06-30 00:00:00;-1;1;100;10;100;93;61;0
8410598;1;100;1;25;1;2017;6;2017-06-26 00:00:00;0;0;0;5500;Helsingin poliisilaitos;13;Maanantai;3;3;2;60;1;1;1;2;1;;91;Helsinki;-1;-1;-1;K;3;;;161;383364;6676463;E;1;16;0;-1;VIHDINTIE                               ;3;1;9;1;2009-08-31 00:00:00;2;2;80;10;;;;0
8506037;1;100;1;31;1;2017;9;2017-09-13 00:00:00;0;0;0;5500;Helsingin poliisilaitos;17;Keskiviikko;6;6;2;60;1;1;1;1;1;;91;Helsinki;-1;-1;-1;K;3;;;161;383370;6676461;E;1;19;0;-1;HéKéMéENTIE                             ;3;1;9;1;2009-08-31 00:00:00;2;2;80;10;;;;0
8616950;1;100;1;252;2;2017;11;2017-11-01 00:00:00;0;0;0;5500;Helsingin poliisilaitos;12;Keskiviikko;2;3;2;50;1;1;1;1;1;;91;Helsinki;4;60;60;K;3;35809;1292;161;383583;6676434;E;1;2;4;-1;MANNERHEIMINTIE X VIHDINTIE             ;1;0;9;1;2009-08-31 00:00:00;1;2;80;10;;;;0
8771404;1;100;1;272;2;2017;12;2017-12-12 00:00:00;0;0;0;5500;Helsingin poliisilaitos;16;Tiistai;4;3;2;50;1;5;4;5;1;;91;Helsinki;4;60;60;K;3;35809;1292;161;383602;6676433;E;1;0;4;-1;MANNERHEIMINTIE X HAKAMéENTIE           ;1;0;9;1;2009-08-31 00:00:00;1;2;80;10;;;;0
8296964;1;100;1;513;1;2017;5;2017-05-06 00:00:00;0;0;0;5500;Helsingin poliisilaitos;22;Lauantai;52;4;2;50;1;1;1;1;1;;91;Helsinki;4;60;60;K;3;35809;1292;161;383836;6676413;E;1;12;2;-1;HAKAMéENTIE X HAKAMéENKUJA              ;1;0;9;1;2009-08-31 00:00:00;1;2;80;10;;;;0
8459884;1;100;1;1248;2;2017;8;2017-08-08 00:00:00;0;1;2;5500;Helsingin poliisilaitos;18;Tiistai;6;6;2;60;1;1;1;1;1;;91;Helsinki;4;60;60;K;3;35809;1292;231;384542;6676481;E;1;25;5;-1;HAKAMéENTIE                             ;1;0;9;1;2009-08-31 00:00:00;1;2;115;10;;;;0
8788534;1;100;1;1618;2;2017;11;2017-11-21 00:00:00;0;0;0;5500;Helsingin poliisilaitos;12;Tiistai;8;6;2;60;0;-1;1;-1;6;;91;Helsinki;4;60;60;E;3;35809;1292;231;384877;6676352;E;1;-1;0;-1;HAKAMéENTIE                             ;1;0;9;1;2009-08-31 00:00:00;1;2;115;10;;;;0
8506084;1;100;1;1702;1;2017;9;2017-09-29 00:00:00;0;0;0;5500;Helsingin poliisilaitos;17;Perjantai;4;3;2;60;1;1;1;1;1;;91;Helsinki;4;60;60;K;3;35809;1292;231;384955;6676307;E;1;15;0;-1;HAKAMéENTIE                             ;1;0;9;1;2009-08-31 00:00:00;1;2;115;10;;;;0
8506310;1;101;2;28;1;2017;9;2017-09-15 00:00:00;0;0;0;5530;LÑnsi-Uudenmaan poliisilaitos;7;Perjantai;13;2;2;60;0;-1;1;-1;1;;49;Espoo;1;60;60;E;3;26192;1503;179;379554;6673110;E;1;13;0;-1;KARHUSAARENTIE X HAGALUNDINTIE          ;1;0;2;3;2003-09-01 00:00:00;1;2;90;10;99;49;18;0
8119912;1;101;2;405;2;2017;1;2017-01-25 00:00:00;0;0;0;5530;LÑnsi-Uudenmaan poliisilaitos;12;Keskiviikko;33;13;2;60;0;-1;1;-1;1;;49;Espoo;1;60;60;E;3;26192;1503;185;379270;6673354;E;1;-6;0;-1;TAPIOLANTIE X KEHé 1                    ;1;1;2;1;1984-01-01 00:00:00;1;2;90;10;99;49;18;0
8506258;1;101;2;408;1;2017;9;2017-09-14 00:00:00;0;0;0;5530;LÑnsi-Uudenmaan poliisilaitos;16;Torstai;6;6;2;60;0;-1;1;-1;1;;49;Espoo;1;60;60;E;3;26192;1503;185;379276;6673365;E;1;15;4;-1;TEKNIIKANTIE X KEHé 1                   ;1;0;2;1;1984-01-01 00:00:00;1;2;90;10;99;49;18;0
8119550;1;101;2;462;2;2017;1;2017-01-12 00:00:00;0;1;2;5530;LÑnsi-Uudenmaan poliisilaitos;18;Torstai;6;6;2;60;0;6;4;5;6;;49;Espoo;1;60;60;E;3;26192;1503;185;379226;6673390;E;1;-3;4;-1;KEHé 1                                  ;1;1;2;1;1984-01-01 00:00:00;1;2;90;10;99;49;18;0
8130152;1;101;2;1441;2;2017;3;2017-03-28 00:00:00;0;0;0;5530;LÑnsi-Uudenmaan poliisilaitos;10;Tiistai;4;3;2;70;0;-1;1;-1;1;;49;Espoo;1;70;70;E;3;26192;1503;185;378552;6674095;E;1;4;0;-1;KEHé 1                                  ;1;1;2;1;1984-01-01 00:00:00;1;2;90;10;99;49;18;0
8771018;1;101;2;1470;2;2017;12;2017-12-08 00:00:00;0;0;0;5530;LÑnsi-Uudenmaan poliisilaitos;18;Perjantai;49;4;2;70;0;2;4;2;1;;49;Espoo;1;70;70;E;3;35840;1626;185;378539;6674121;E;1;5;4;-1;KEHé 1 X KALEVALANTIE                   ;1;0;2;1;1984-01-01 00:00:00;1;2;90;10;99;49;18;0
8566021;1;101;2;2055;1;2017;10;2017-10-31 00:00:00;0;1;2;5530;LÑnsi-Uudenmaan poliisilaitos;13;Tiistai;8;6;2;70;0;1;1;1;1;;49;Espoo;1;70;70;E;3;35840;1626;185;378409;6674693;E;1;1;0;-1;KEHé 1                                  ;1;0;2;1;1984-01-01 00:00:00;1;2;90;10;99;49;18;0
8460114;1;101;2;3731;2;2017;8;2017-08-02 00:00:00;0;0;0;5530;LÑnsi-Uudenmaan poliisilaitos;12;Keskiviikko;6;6;2;70;0;2;1;4;1;;49;Espoo;1;70;70;E;3;35840;1626;181;378907;6676197;E;1;18;4;-1;KEHé 1 LéNTEEN X KURKIJOENTIE           ;1;0;2;1;1983-05-01 00:00:00;1;2;90;10;99;49;18;0
8566085;1;101;3;333;2;2017;10;2017-10-27 00:00:00;0;0;0;5530;LÑnsi-Uudenmaan poliisilaitos;19;Perjantai;2;3;2;70;0;-1;2;-1;1;;49;Espoo;1;70;70;E;3;56233;2772;258;378970;6677020;E;1;1;0;-1;KEHé I                                  ;1;0;2;1;1982-06-01 00:00:00;1;2;125;10;100;69;54;0
8130791;1;101;4;881;2;2017;3;2017-03-13 00:00:00;0;0;0;5530;LÑnsi-Uudenmaan poliisilaitos;9;Maanantai;94;1;1;60;0;-1;1;-1;1;;49;Espoo;-1;-1;-1;E;3;67827;3026;;379438;6678491;E;1;3;0;-1;VALLIKALLION LIITTYMé - KEHé 1          ;1;1;9;-1;;-1;2;125;10;;;;0
8566218;1;101;4;1118;1;2017;10;2017-10-27 00:00:00;0;0;0;5530;LÑnsi-Uudenmaan poliisilaitos;10;Perjantai;99;13;1;60;0;-1;1;-1;1;;49;Espoo;-1;-1;-1;E;3;67827;3026;;379561;6678697;E;1;0;0;-1;KEHé I                                  ;1;0;9;-1;;-1;2;125;10;;;;0
8130115;1;101;4;1196;1;2017;3;2017-03-23 00:00:00;0;0;0;5530;LÑnsi-Uudenmaan poliisilaitos;8;Torstai;9;13;2;60;0;-1;1;-1;1;;49;Espoo;-1;-1;-1;E;3;67827;3026;;379610;6678757;E;1;2;0;-1;KEHé 1                                  ;1;1;9;-1;;-1;2;125;10;;;;0
8291686;1;101;4;1687;2;2017;4;2017-04-21 00:00:00;0;0;0;5530;LÑnsi-Uudenmaan poliisilaitos;15;Perjantai;4;3;2;60;0;1;1;1;1;;49;Espoo;1;80;80;E;3;67827;3026;171;380060;6678891;E;1;10;0;-1;KEHé 1, LéNTEEN                         ;1;1;9;1;1981-05-01 00:00:00;1;2;120;10;90;42;10;0
8771343;1;101;4;2068;1;2017;12;2017-12-11 00:00:00;0;0;0;5500;Helsingin poliisilaitos;16;Maanantai;6;6;2;80;0;1;4;1;1;;91;Helsinki;1;80;80;E;3;67827;3026;173;380441;6678986;E;1;1;0;-1;KEHé 1 ITééN, KONALA                    ;1;0;9;1;1981-05-01 00:00:00;1;2;85;10;90;42;10;0
8459889;1;101;4;2086;1;2017;8;2017-08-11 00:00:00;0;0;0;5500;Helsingin poliisilaitos;18;Perjantai;2;3;2;80;0;1;1;1;1;;91;Helsinki;1;80;80;E;3;67827;3026;173;380459;6678987;E;1;24;0;-1;MUURIMESTARINTIE (KEHé I)               ;1;0;9;1;1981-05-01 00:00:00;1;2;85;10;90;42;10;0
8565646;1;101;4;2251;1;2017;10;2017-10-31 00:00:00;0;0;0;5500;Helsingin poliisilaitos;15;Tiistai;2;3;2;80;0;1;1;1;1;;91;Helsinki;1;80;80;E;3;67827;3026;173;380624;6678995;E;1;3;0;-1;KEHé I ITééN / KONALA                   ;1;0;9;1;1981-05-01 00:00:00;1;2;85;10;90;42;10;0
8291827;1;101;4;2581;1;2017;4;2017-04-13 00:00:00;0;1;2;5500;Helsingin poliisilaitos;9;Torstai;3;3;3;60;0;2;1;6;1;;91;Helsinki;1;80;80;E;3;67827;3026;173;380939;6679084;K;1;1;0;-1;KEHé 1 ITééN                            ;1;1;9;1;1981-05-01 00:00:00;1;2;85;10;90;42;10;0
8297048;1;101;4;2763;1;2017;5;2017-05-22 00:00:00;0;0;0;5500;Helsingin poliisilaitos;16;Maanantai;3;3;2;80;0;1;1;2;1;;91;Helsinki;1;80;80;E;3;67827;3026;173;381099;6679170;E;1;20;0;-1;KEHé 1                                  ;1;0;9;1;1981-05-01 00:00:00;1;2;85;10;90;42;10;0
8506561;1;101;4;2858;2;2017;9;2017-09-04 00:00:00;0;0;0;5500;Helsingin poliisilaitos;16;Maanantai;6;6;4;80;0;1;1;1;1;;91;Helsinki;1;80;80;E;3;67827;3026;171;381172;6679228;E;1;18;0;-1;KEHé 1, KONALAN KOHDALLA                ;1;0;9;1;1981-05-01 00:00:00;1;2;120;10;90;42;10;0
8413478;1;101;4;2920;1;2017;7;2017-07-26 00:00:00;0;0;0;5500;Helsingin poliisilaitos;9;Keskiviikko;4;3;2;80;0;1;1;2;1;;91;Helsinki;1;80;80;E;3;67827;3026;173;381235;6679249;E;1;18;0;-1;MUURIMESTARINTIE / KONALA               ;1;0;9;1;1981-05-01 00:00:00;1;2;85;10;90;42;10;0
8410290;1;101;4;2960;1;2017;6;2017-06-28 00:00:00;0;0;0;5500;Helsingin poliisilaitos;19;Keskiviikko;6;6;3;80;0;1;1;1;1;;91;Helsinki;1;80;80;E;3;67827;3026;173;381269;6679269;E;1;20;0;-1;KEHé I                                  ;1;0;9;1;1981-05-01 00:00:00;1;2;85;10;90;42;10;0
8410644;1;101;4;2966;2;2017;6;2017-06-28 00:00:00;0;0;0;5500;Helsingin poliisilaitos;19;Keskiviikko;2;3;2;60;0;1;1;1;1;;91;Helsinki;1;80;80;E;3;67827;3026;171;381265;6679284;E;1;16;0;-1;KEHé 1 X VIHDINTIE                      ;1;0;9;1;1981-05-01 00:00:00;1;2;120;10;90;42;10;0
8410565;1;101;4;3158;1;2017;6;2017-06-11 00:00:00;0;0;0;5500;Helsingin poliisilaitos;18;Sunnuntai;6;6;4;50;0;2;1;1;1;;91;Helsinki;1;80;80;E;3;67827;3026;173;381444;6679362;K;1;17;2;-1;KEHé 1 ITééN X VIHDINTIE                ;1;0;9;1;1981-05-01 00:00:00;1;2;85;10;90;42;10;0
8291733;1;101;4;3167;1;2017;4;2017-04-05 00:00:00;0;0;0;5500;Helsingin poliisilaitos;7;Keskiviikko;50;4;2;80;0;2;1;2;1;;91;Helsinki;1;80;80;E;3;67827;3026;173;381451;6679369;K;1;3;2;-1;VIHDINTIE X MUURIMESTARINTIE            ;1;1;9;1;1981-05-01 00:00:00;1;2;85;10;90;42;10;0
8121267;1;101;4;3169;1;2017;2;2017-02-27 00:00:00;0;0;0;5500;Helsingin poliisilaitos;9;Maanantai;50;4;2;50;1;5;1;2;1;;91;Helsinki;1;80;80;K;3;67827;3026;173;381452;6679370;K;1;-3;2;-1;MUURIMESTARINTIE X VIHDINTIE            ;1;1;9;1;1981-05-01 00:00:00;1;2;85;10;90;42;10;0
8130023;1;101;4;3169;1;2017;3;2017-03-17 00:00:00;0;0;0;5500;Helsingin poliisilaitos;14;Perjantai;11;2;2;70;0;2;1;2;1;;91;Helsinki;1;80;80;E;3;67827;3026;173;381452;6679370;K;1;3;2;-1;KEHé 1 X VIHDINTIE                      ;1;1;9;1;1981-05-01 00:00:00;1;2;85;10;90;42;10;0
8119758;1;101;4;3172;1;2017;1;2017-01-19 00:00:00;0;0;0;5500;Helsingin poliisilaitos;15;Torstai;19;2;2;50;1;2;1;2;1;;91;Helsinki;1;80;80;K;3;67827;3026;173;381455;6679371;E;1;3;0;-1;VIHDINTIE X KEHé 1                      ;1;1;9;1;1981-05-01 00:00:00;1;2;85;10;90;42;10;0
8131097;1;101;4;3174;1;2017;3;2017-03-21 00:00:00;0;0;0;5500;Helsingin poliisilaitos;10;Tiistai;50;4;2;50;0;1;1;1;1;;91;Helsinki;1;80;80;E;3;67827;3026;173;381457;6679372;K;1;2;2;-1;MUURIMESTARINTIE                        ;1;1;9;1;1981-05-01 00:00:00;1;2;85;10;90;42;10;0
8130333;1;101;4;3176;1;2017;3;2017-03-13 00:00:00;0;0;0;5500;Helsingin poliisilaitos;19;Maanantai;50;4;2;80;0;2;2;2;1;;91;Helsinki;1;80;80;E;3;67827;3026;173;381458;6679373;K;1;3;2;-1;KEHé 1 X VIHDINTIE                      ;1;1;9;1;1981-05-01 00:00:00;1;2;85;10;90;42;10;0
8121337;1;101;4;3183;1;2017;2;2017-02-16 00:00:00;0;0;0;5500;Helsingin poliisilaitos;14;Torstai;24;5;3;50;0;2;1;2;1;;91;Helsinki;1;80;80;E;3;67827;3026;173;381465;6679375;K;1;4;0;-1;MUURIMESTARINTIE X VIHDINTIE            ;1;1;9;1;1981-05-01 00:00:00;1;2;85;10;90;42;10;0
8119971;1;101;4;3187;1;2017;1;2017-01-20 00:00:00;0;0;0;5500;Helsingin poliisilaitos;12;Perjantai;11;2;2;60;0;1;1;2;1;;91;Helsinki;1;80;80;E;3;67827;3026;173;381469;6679377;K;1;-1;2;-1;KEHé 1 X VIHDINTIE                      ;1;1;9;1;1981-05-01 00:00:00;1;2;85;10;90;42;10;0
8130742;1;101;4;3194;1;2017;3;2017-03-22 00:00:00;0;0;0;5500;Helsingin poliisilaitos;16;Keskiviikko;4;3;2;80;0;7;1;2;1;;91;Helsinki;1;80;80;E;3;67827;3026;173;381475;6679380;K;1;4;2;-1;VIHDINTIE X KEHé 1 ITééN                ;1;1;9;1;1981-05-01 00:00:00;1;2;85;10;90;42;10;0
8131098;1;101;4;3194;1;2017;3;2017-03-21 00:00:00;0;0;0;5500;Helsingin poliisilaitos;16;Tiistai;6;6;2;60;0;2;1;2;1;;91;Helsinki;1;80;80;E;3;67827;3026;173;381475;6679380;K;1;4;5;-1;MUURIMESTARINTIE X VIHDINTIE            ;1;1;9;1;1981-05-01 00:00:00;1;2;85;10;90;42;10;0
8771092;1;101;4;3211;1;2017;12;2017-12-07 00:00:00;0;0;0;5500;Helsingin poliisilaitos;16;Torstai;2;3;2;80;0;2;2;4;1;;91;Helsinki;1;80;80;E;3;67827;3026;173;381491;6679386;E;1;2;0;-1;KEHé 1                                  ;1;0;9;1;1981-05-01 00:00:00;1;2;85;10;90;42;10;0
8119787;1;101;4;3227;1;2017;1;2017-01-31 00:00:00;0;1;2;5500;Helsingin poliisilaitos;5;Tiistai;50;4;2;80;0;2;4;1;1;;91;Helsinki;1;80;80;E;3;67827;3026;173;381506;6679391;E;1;2;2;-1;VIHDINTIE X KEHé 1                      ;1;1;9;1;1981-05-01 00:00:00;1;2;85;10;90;42;10;0
8120147;1;101;4;3229;1;2017;1;2017-01-09 00:00:00;0;0;0;5500;Helsingin poliisilaitos;21;Maanantai;2;3;2;80;0;-1;2;-1;1;;91;Helsinki;1;80;80;E;3;67827;3026;173;381508;6679392;E;1;0;0;-1;MUURIMESTARINTIE                        ;1;1;9;1;1981-05-01 00:00:00;1;2;85;10;90;42;10;0
8296547;1;101;4;3247;2;2017;5;2017-05-08 00:00:00;0;0;0;5500;Helsingin poliisilaitos;20;Maanantai;6;6;2;50;0;1;1;2;1;;91;Helsinki;1;80;80;E;3;67827;3026;171;381518;6679408;K;1;4;2;-1;VIHDINTIE X MUURIMESTARINTIE            ;1;0;9;4;2009-07-01 00:00:00;1;2;120;10;90;42;10;0
8411167;1;101;5;16;1;2017;6;2017-06-05 00:00:00;0;0;0;5500;Helsingin poliisilaitos;12;Maanantai;9;13;2;60;0;2;1;4;6;;91;Helsinki;1;80;80;E;3;74715;3622;173;381546;6679405;K;1;11;0;-1;KEHé 1 X VIHDINTIE                      ;1;0;9;1;1981-05-01 00:00:00;1;2;85;10;90;42;10;0
8411074;1;101;5;35;1;2017;6;2017-06-12 00:00:00;0;0;0;5500;Helsingin poliisilaitos;16;Maanantai;9;13;2;40;1;1;1;2;6;;91;Helsinki;1;80;80;K;3;74715;3622;173;381565;6679410;K;1;12;0;-1;KEHé I X VIHDINTIE                      ;1;0;9;1;1981-05-01 00:00:00;1;2;85;10;90;42;10;0
8130358;1;101;5;87;1;2017;3;2017-03-10 00:00:00;0;0;0;5500;Helsingin poliisilaitos;17;Perjantai;3;3;2;80;0;-1;1;-1;1;;91;Helsinki;1;80;80;E;3;74715;3622;173;381616;6679424;E;1;3;0;-1;MUURIMESTARINTIE                        ;1;1;9;1;1981-05-01 00:00:00;1;2;85;10;90;42;10;0
8119761;1;101;5;135;2;2017;1;2017-01-20 00:00:00;0;0;0;5500;Helsingin poliisilaitos;13;Perjantai;6;6;2;50;0;1;1;1;1;;91;Helsinki;1;80;80;E;3;74715;3622;171;381656;6679446;K;1;2;2;-1;VIHDINTIE X KEHé 1                      ;1;1;9;1;1981-05-01 00:00:00;1;2;120;10;90;42;10;0
8460243;1;101;5;247;2;2017;8;2017-08-17 00:00:00;0;1;2;5500;Helsingin poliisilaitos;9;Torstai;81;1;1;80;0;1;1;2;1;;91;Helsinki;1;80;80;E;3;74715;3622;246;381769;6679459;E;1;16;0;-1;MUURIMESTARINTIE                        ;1;0;9;1;1980-10-01 00:00:00;1;2;120;10;;;;0
8120053;1;101;5;300;1;2017;1;2017-01-24 00:00:00;0;0;0;5500;Helsingin poliisilaitos;19;Tiistai;50;4;2;50;0;1;4;1;1;;91;Helsinki;1;80;80;E;3;74715;3622;246;381830;6679446;E;1;-4;0;-1;KEHé 1 ITééN X VIHDINTIE                ;1;1;9;1;1980-10-01 00:00:00;1;2;125;10;;;;0
8291779;1;101;5;304;1;2017;4;2017-04-24 00:00:00;0;0;0;5500;Helsingin poliisilaitos;11;Maanantai;3;3;2;80;0;1;1;1;1;;91;Helsinki;1;80;80;E;3;74715;3622;246;381835;6679446;E;1;5;0;-1;KEHé 1                                  ;1;1;9;1;1980-10-01 00:00:00;1;2;125;10;;;;0
8617673;1;101;5;379;2;2017;11;2017-11-29 00:00:00;0;0;0;5500;Helsingin poliisilaitos;9;Keskiviikko;8;6;3;80;0;2;2;2;1;;91;Helsinki;1;80;80;E;3;74715;3622;246;381904;6679463;E;1;2;0;-1;MUURIMESTARINTIE                        ;1;0;9;1;1980-10-01 00:00:00;1;2;120;10;;;;0
8460333;1;101;5;380;1;2017;8;2017-08-25 00:00:00;0;0;0;5500;Helsingin poliisilaitos;16;Perjantai;8;6;2;80;0;2;1;4;1;;91;Helsinki;1;80;80;E;3;74715;3622;246;381912;6679447;E;1;15;0;-1;KEHé I                                  ;1;0;9;1;1980-10-01 00:00:00;1;2;125;10;;;;0
8130747;1;101;5;386;2;2017;3;2017-03-23 00:00:00;0;0;0;5500;Helsingin poliisilaitos;9;Torstai;6;6;3;60;0;1;1;1;1;;91;Helsinki;1;80;80;E;3;74715;3622;246;381911;6679463;E;1;2;0;-1;KEHé I LéNTEEN                          ;1;1;9;1;1980-10-01 00:00:00;1;2;120;10;;;;0
8297137;1;101;5;410;1;2017;5;2017-05-18 00:00:00;0;1;2;5500;Helsingin poliisilaitos;17;Torstai;7;6;2;80;0;1;1;2;1;;91;Helsinki;1;80;80;E;3;74715;3622;246;381943;6679446;K;1;17;0;-1;MUURIMESTARINTIE                        ;1;0;9;1;1980-10-01 00:00:00;1;2;125;10;;;;0
8120399;1;101;5;591;1;2017;1;2017-01-25 00:00:00;0;0;0;5500;Helsingin poliisilaitos;15;Keskiviikko;2;3;2;70;0;1;1;2;1;;91;Helsinki;1;80;80;E;3;74715;3622;251;382126;6679439;E;1;-4;0;-1;KEHé I                                  ;1;1;9;1;1980-10-01 00:00:00;1;2;125;10;;;;0
8296566;1;101;5;595;2;2017;5;2017-05-04 00:00:00;0;0;0;5500;Helsingin poliisilaitos;16;Torstai;6;6;3;80;0;1;1;1;1;;91;Helsinki;1;80;80;E;3;74715;3622;251;382123;6679456;E;1;10;0;-1;KEHé 1                                  ;1;0;9;1;1980-10-01 00:00:00;1;2;120;10;;;;0
8411076;1;101;5;629;2;2017;6;2017-06-26 00:00:00;0;0;0;5500;Helsingin poliisilaitos;3;Maanantai;80;1;1;80;0;2;2;1;1;;91;Helsinki;1;80;80;E;3;74715;3622;251;382158;6679454;E;1;12;0;-1;MUURIMESTARINTIE X VIHDINTIE            ;1;0;9;1;1980-10-01 00:00:00;1;2;120;10;;;;0
8617038;1;101;5;890;2;2017;11;2017-11-18 00:00:00;0;0;0;5500;Helsingin poliisilaitos;8;Lauantai;80;1;1;80;0;2;2;2;1;;91;Helsinki;1;80;80;E;3;74715;3622;251;382423;6679442;E;1;3;0;-1;MUURIMESTARINTIE                        ;1;0;9;1;1980-10-01 00:00:00;1;2;120;10;;;;0
8460332;1;101;5;924;1;2017;8;2017-08-25 00:00:00;0;0;0;5500;Helsingin poliisilaitos;17;Perjantai;6;6;3;80;0;2;1;4;1;;91;Helsinki;1;80;80;E;3;74715;3622;251;382464;6679422;E;1;15;0;-1;MUURIMESTARINTIE                        ;1;0;9;1;1980-10-01 00:00:00;1;2;125;10;;;;0
8296043;1;101;5;1082;2;2017;5;2017-05-03 00:00:00;0;0;0;5500;Helsingin poliisilaitos;16;Keskiviikko;2;3;4;80;0;1;1;1;1;;91;Helsinki;1;80;80;E;3;74715;3622;251;382618;6679433;E;1;16;0;-1;KEHé 1                                  ;1;0;9;1;1980-10-01 00:00:00;1;2;120;10;;;;0
8297206;1;101;5;1149;1;2017;5;2017-05-16 00:00:00;0;0;0;5500;Helsingin poliisilaitos;9;Tiistai;6;6;2;80;0;1;1;1;1;;91;Helsinki;1;80;80;E;3;74715;3622;251;382692;6679411;E;1;6;0;-1;KEHé 1                                  ;1;0;9;1;1980-10-01 00:00:00;1;2;125;10;;;;0
8297237;1;101;5;1177;2;2017;5;2017-05-22 00:00:00;0;1;2;5500;Helsingin poliisilaitos;15;Maanantai;6;6;2;80;0;1;1;1;1;;91;Helsinki;1;80;80;E;3;74715;3622;251;382714;6679428;E;1;20;0;-1;KEHé 1 ITééN                            ;1;0;9;1;1980-10-01 00:00:00;1;2;120;10;;;;0
8564425;1;101;5;1184;2;2017;10;2017-10-03 00:00:00;0;0;0;5500;Helsingin poliisilaitos;16;Tiistai;8;6;2;80;0;2;1;4;1;;91;Helsinki;1;80;80;E;3;74715;3622;251;382721;6679428;E;1;9;0;-1;KEHé 1                                  ;1;0;9;1;1980-10-01 00:00:00;1;2;120;10;;;;0
8564309;1;101;5;1284;2;2017;10;2017-10-06 00:00:00;0;0;0;5500;Helsingin poliisilaitos;9;Perjantai;5;3;2;80;0;1;1;1;1;;91;Helsinki;1;80;80;E;3;74715;3622;251;382823;6679423;E;1;10;0;-1;MUURIMESTARINTIE                        ;1;0;9;1;1980-10-01 00:00:00;1;2;120;10;;;;0
8616887;1;101;5;1422;2;2017;11;2017-11-29 00:00:00;0;0;0;5500;Helsingin poliisilaitos;10;Keskiviikko;3;3;2;80;0;2;1;4;1;;91;Helsinki;1;80;80;E;3;74715;3622;251;382964;6679416;E;1;1;0;-1;KEHé I LéNTEEN KANNELMéEN LIITTYMé      ;1;0;9;1;1980-10-01 00:00:00;1;2;120;10;;;;0
8771347;1;101;5;1444;2;2017;12;2017-12-23 00:00:00;0;1;2;5500;Helsingin poliisilaitos;8;Lauantai;84;1;1;50;1;1;4;2;6;;91;Helsinki;1;80;80;K;3;74715;3622;251;382988;6679470;E;1;1;0;-1;KEHé 1 X KANNELMéKI                     ;1;0;9;1;1980-10-01 00:00:00;1;2;120;10;;;;0