accidentId;roadmain;road;rseg;rdist;rway;year;month;day;dead;injr;severlvl;poldis;disname;hour;wkday;acctype;acclass;partnum;spdlim;urbmrk;surface;brightness;weather;accloc;roadnum;municipality;munidesc;spdtype;spddiropp;spddirmeas;Urban;roadtype;avg;hevavg;rwid;X;Y;roadwork;pavement;temperature;intersection;railroad;address;privacy;wintmaint;Tienverkas;action;Luovpvm;lightown;cross-sec;coatwidth;roadcoat;vision150;vision300;vision460;frameroad
8771376;1;101;7;2608;1;2017;12;2017-12-17 00:00:00;0;1;2;5500;Helsingin poliisilaitos;6;Sunnuntai;20;5;2;80;0;2;4;4;1;;91;Helsinki;1;80;80;E;3;66148;2703;171;388725;6680060;E;1;0;0;-1;KEHé I ITééN                            ;1;0;9;1;1980-10-01 00:00:00;1;2;85;10;;;;0
8410829;1;101;7;3059;2;2017;6;2017-06-07 00:00:00;0;0;0;5500;Helsingin poliisilaitos;24;Keskiviikko;90;11;2;70;0;1;4;1;1;;91;Helsinki;1;80;80;E;3;66148;2703;171;389202;6680000;E;1;15;0;-1;SEPPéMESTARINTIE X MALMINKAARI          ;1;0;9;1;1980-10-01 00:00:00;1;2;85;10;;;;0
8616926;1;101;7;3151;1;2017;11;2017-11-22 00:00:00;0;0;0;5500;Helsingin poliisilaitos;3;Keskiviikko;80;1;1;80;0;2;4;6;1;;91;Helsinki;1;80;80;E;3;56731;2764;171;389265;6679981;E;1;0;0;-1;KEHé I, VéHéN ENNEN PUKINMéEN LIITTYMéé ;1;0;9;1;1980-10-01 00:00:00;1;2;85;10;;;;0
8617431;1;101;7;3539;2;2017;11;2017-11-07 00:00:00;0;0;0;5500;Helsingin poliisilaitos;7;Tiistai;3;3;2;80;0;1;2;1;1;;91;Helsinki;1;80;80;E;3;56731;2764;171;389689;6679953;E;1;2;0;-1;SEPPéMESTARINTIE                        ;1;0;9;1;1980-10-01 00:00:00;1;2;85;10;;;;0
8564711;1;101;7;3746;2;2017;10;2017-10-18 00:00:00;0;0;0;5500;Helsingin poliisilaitos;22;Keskiviikko;6;6;3;80;0;1;4;1;1;;91;Helsinki;1;80;80;E;3;56731;2764;171;389899;6679951;K;1;8;0;-1;SEPPéMESTARINTIE                        ;1;0;9;4;2008-01-15 00:00:00;1;2;85;10;;;;0
8771390;1;101;7;4114;1;2017;12;2017-12-13 00:00:00;0;0;0;5500;Helsingin poliisilaitos;17;Keskiviikko;8;6;2;80;0;2;4;4;1;;91;Helsinki;1;80;80;E;3;56731;2764;171;390232;6679953;E;1;0;0;-1;KEHé I ITééN, SEPPéMESTARINTIE (MALMI)  ;1;0;9;4;2008-01-15 00:00:00;1;2;85;10;;;;0
8291794;1;101;7;4162;2;2017;4;2017-04-06 00:00:00;0;0;0;5500;Helsingin poliisilaitos;9;Torstai;12;2;2;50;1;1;1;1;1;;91;Helsinki;1;80;80;K;3;56731;2764;171;390318;6680041;E;1;2;1;-1;VANHA HELSINGINTIE X SEPPéMESTARINTIE   ;1;1;9;4;2008-01-15 00:00:00;1;2;85;10;;;;0
8119460;1;101;7;4235;2;2017;1;2017-01-18 00:00:00;0;0;0;5500;Helsingin poliisilaitos;18;Keskiviikko;4;3;2;50;1;2;4;4;1;;91;Helsinki;1;80;80;K;3;56731;2764;171;390393;6680021;E;1;2;4;-1;VANHA HELSINGINTIE X TATTARIHARJUNTIE   ;1;1;9;4;2008-01-15 00:00:00;1;2;85;10;;;;0
8297290;1;101;7;4559;2;2017;5;2017-05-01 00:00:00;0;0;0;5500;Helsingin poliisilaitos;6;Maanantai;89;1;1;80;0;1;1;1;1;;91;Helsinki;1;80;80;E;3;58966;3015;171;390725;6679960;E;1;5;0;-1;KEHé 1 MALMI                            ;1;0;9;4;2008-01-15 00:00:00;1;2;85;10;;;;0
8411096;1;101;7;4845;1;2017;6;2017-06-09 00:00:00;0;0;0;5500;Helsingin poliisilaitos;9;Perjantai;3;3;2;80;0;1;1;2;1;;91;Helsinki;1;80;80;E;3;58966;3015;171;390958;6679888;E;1;12;0;-1;KEHé 1                                  ;1;0;9;1;1980-10-01 00:00:00;1;2;85;10;;;;0
8121234;1;101;7;4852;2;2017;2;2017-02-22 00:00:00;0;1;2;5500;Helsingin poliisilaitos;19;Keskiviikko;6;6;2;80;0;4;4;5;9;;91;Helsinki;1;80;80;E;3;58966;3015;171;391015;6679889;E;1;-3;0;-1;MYLLYMESTARINTIE (MALMIN HAUTAUSMAA)    ;1;1;9;1;1980-10-01 00:00:00;1;2;85;10;;;;0
8616537;1;101;7;4976;2;2017;11;2017-11-12 00:00:00;0;0;0;5500;Helsingin poliisilaitos;15;Sunnuntai;4;3;2;80;0;2;1;2;1;;91;Helsinki;1;80;80;E;3;58966;3015;171;391135;6679851;E;1;3;2;-1;SEPPéMESTARINTIE X LAHDENVéYLé          ;1;0;9;1;1980-10-01 00:00:00;1;2;85;10;;;;0
8617302;1;101;7;5103;2;2017;11;2017-11-15 00:00:00;0;0;0;5500;Helsingin poliisilaitos;7;Keskiviikko;6;6;2;80;0;2;3;2;1;;91;Helsinki;1;80;80;E;3;58966;3015;176;391256;6679806;E;1;2;0;-1;KEHé 1                                  ;1;0;9;1;1980-10-01 00:00:00;1;2;85;10;;;;0
8564430;1;101;7;5168;2;2017;10;2017-10-04 00:00:00;0;0;0;5500;Helsingin poliisilaitos;24;Keskiviikko;89;1;1;80;0;3;4;4;1;;91;Helsinki;1;80;80;E;3;58966;3015;176;391317;6679780;E;1;9;0;-1;MYLLYMESTARINTIE X LAHDENVéYLé          ;1;0;-1;1;1980-10-01 00:00:00;1;2;85;10;;;;0
8412965;1;101;7;5223;2;2017;7;2017-07-08 00:00:00;0;0;0;5500;Helsingin poliisilaitos;11;Lauantai;90;10;2;80;0;1;1;1;1;;91;Helsinki;1;80;80;E;3;58966;3015;176;391366;6679754;E;1;22;0;-1;KEHé 1 X LAHDENVéYLé                    ;1;0;-1;1;1980-10-01 00:00:00;1;2;85;10;;;;0
8460424;1;101;7;5260;2;2017;8;2017-08-28 00:00:00;0;0;0;5500;Helsingin poliisilaitos;10;Maanantai;96;13;2;80;0;1;1;2;1;;91;Helsinki;1;80;80;E;3;58966;3015;176;391399;6679735;E;1;14;0;-1;SEPPéMESTARINTIE X LAHDENVéYLé          ;1;0;-1;1;1980-10-01 00:00:00;1;2;85;10;;;;0
8410102;1;101;8;392;2;2017;6;2017-06-16 00:00:00;0;0;0;5500;Helsingin poliisilaitos;16;Perjantai;6;6;2;80;0;1;1;2;1;;91;Helsinki;1;80;80;E;3;52033;2303;171;391828;6679282;E;1;22;0;-1;KEHé I X TIE 4                          ;1;0;9;1;1980-10-01 00:00:00;1;2;85;10;;;;0
8291580;1;101;8;533;2;2017;4;2017-04-29 00:00:00;0;0;0;5500;Helsingin poliisilaitos;7;Lauantai;89;1;1;80;0;1;1;1;1;;91;Helsinki;1;80;80;E;3;52033;2303;171;391902;6679164;E;1;3;0;-1;KEHé 1 X LAHDENVéYLé                    ;1;1;9;1;1980-10-01 00:00:00;1;2;85;10;;;;0
8617952;1;101;8;608;2;2017;11;2017-11-15 00:00:00;0;0;0;5500;Helsingin poliisilaitos;7;Keskiviikko;6;6;2;80;0;6;2;2;1;;91;Helsinki;1;80;80;E;3;52033;2303;171;391935;6679098;E;1;4;0;-1;MYLLYMESTARINTIE                        ;1;0;9;1;1980-10-01 00:00:00;1;2;85;10;;;;0
8296979;1;101;8;915;1;2017;5;2017-05-12 00:00:00;0;0;0;5500;Helsingin poliisilaitos;20;Perjantai;90;11;2;80;0;1;1;1;1;;91;Helsinki;1;80;80;E;3;52033;2303;171;392051;6678808;E;1;11;0;-1;MYLLYMESTARINTIE                        ;1;0;9;1;1980-10-01 00:00:00;1;2;85;10;;;;0
8564694;1;101;8;1309;2;2017;10;2017-10-04 00:00:00;0;0;0;5500;Helsingin poliisilaitos;10;Keskiviikko;2;3;2;80;0;2;1;4;1;;91;Helsinki;1;70;70;E;3;52033;2303;236;392373;6678603;E;1;8;0;-1;KEHé 1 KIVIKKO                          ;1;0;9;1;1980-10-01 00:00:00;1;2;115;10;;;;0
8411075;1;101;8;1948;1;2017;6;2017-06-23 00:00:00;0;0;0;5500;Helsingin poliisilaitos;16;Perjantai;4;3;3;80;0;1;1;2;1;;91;Helsinki;1;70;70;E;3;52033;2303;168;392976;6678418;E;1;12;0;-1;MYLLYMESTARINTIE ITééN MYLLYPURON KOHD  ;1;0;9;1;1980-10-01 00:00:00;1;2;85;10;;;;0
8505735;1;101;8;2190;2;2017;9;2017-09-26 00:00:00;0;0;0;5500;Helsingin poliisilaitos;16;Tiistai;6;6;3;60;0;1;1;2;1;;91;Helsinki;1;60;60;E;3;52033;2303;170;393212;6678365;E;1;13;0;-1;MYLLYMESTARINTIE                        ;1;0;9;1;1980-10-01 00:00:00;1;2;80;10;;;;0
8297156;1;101;8;2258;2;2017;5;2017-05-24 00:00:00;0;0;0;5500;Helsingin poliisilaitos;16;Keskiviikko;6;6;2;60;0;1;1;1;1;;91;Helsinki;1;60;60;E;3;52033;2303;170;393276;6678343;E;1;18;0;-1;MYLLYMESTARINTIE                        ;1;0;9;1;1980-10-01 00:00:00;1;2;80;10;;;;0
8410424;1;101;8;2392;1;2017;6;2017-06-14 00:00:00;0;0;0;5500;Helsingin poliisilaitos;16;Keskiviikko;6;6;2;60;1;1;1;1;1;;91;Helsinki;1;60;60;K;3;52033;2303;168;393386;6678267;E;1;18;0;-1;MYLLYMESTARINTIE X KONTULANTIE          ;1;0;9;1;1980-10-01 00:00:00;1;2;85;10;;;;0
8119403;1;101;8;2394;1;2017;1;2017-01-22 00:00:00;0;0;0;5500;Helsingin poliisilaitos;13;Sunnuntai;6;6;2;60;1;2;1;1;1;;91;Helsinki;1;60;60;K;3;52033;2303;168;393387;6678266;E;1;3;4;-1;MYLLYMESTARINTIE X KONTULANTIE          ;1;1;9;1;1980-10-01 00:00:00;1;2;85;10;;;;0
8771033;1;101;8;2649;1;2017;12;2017-12-09 00:00:00;0;0;0;5500;Helsingin poliisilaitos;16;Lauantai;8;6;2;60;1;2;4;4;1;;91;Helsinki;1;60;60;K;3;45924;2361;206;393543;6678070;E;1;4;0;-1;MYLLYMESTARINTIE                        ;1;0;9;1;1980-10-01 00:00:00;1;2;85;10;;;;0
8771106;1;101;8;2795;1;2017;12;2017-12-22 00:00:00;0;0;0;5500;Helsingin poliisilaitos;16;Perjantai;6;6;4;60;1;1;1;1;1;;91;Helsinki;1;60;60;K;3;45924;2361;206;393615;6677945;E;1;2;0;-1;KEHé 1 MYLLYPURO                        ;1;0;9;1;1980-10-01 00:00:00;1;2;85;10;;;;0
8771195;1;101;8;2915;1;2017;12;2017-12-02 00:00:00;0;0;0;5500;Helsingin poliisilaitos;13;Lauantai;8;6;3;60;1;1;1;2;1;;91;Helsinki;1;60;60;K;3;45924;2361;206;393636;6677829;E;1;1;4;-1;MYLLYMESTARINTIE                        ;1;0;9;1;1980-10-01 00:00:00;1;2;85;10;;;;0
8130116;1;101;8;2931;1;2017;3;2017-03-15 00:00:00;0;2;2;5560;ItÑ-Uudenmaan poliisilaitos;22;Keskiviikko;40;4;2;50;0;1;4;2;1;;91;Helsinki;1;60;60;E;3;45924;2361;171;393638;6677814;E;1;3;4;-1;MYLLYMESTARINTIE X MYLLYPURONTIE        ;1;1;9;1;1980-10-01 00:00:00;1;2;85;10;;;;0
8130130;1;101;8;3036;2;2017;3;2017-03-06 00:00:00;0;1;2;5500;Helsingin poliisilaitos;20;Maanantai;6;6;4;60;0;1;4;1;1;;91;Helsinki;1;60;60;E;3;45924;2361;173;393717;6677745;E;1;-2;4;-1;MYLLYMESTARINTIE                        ;1;1;9;1;1980-10-01 00:00:00;1;2;85;10;;;;0
8119828;1;101;8;3061;1;2017;1;2017-01-06 00:00:00;0;0;0;5500;Helsingin poliisilaitos;14;Perjantai;6;6;3;60;0;1;1;2;1;;91;Helsinki;1;60;60;E;3;45924;2361;171;393694;6677699;E;1;-18;0;-1;MYLLYMESTARINTIE                        ;1;1;9;1;1980-10-01 00:00:00;1;2;85;10;;;;0
8291338;1;101;8;3120;1;2017;2;2017-02-13 00:00:00;0;0;0;5500;Helsingin poliisilaitos;19;Maanantai;8;6;2;60;0;1;2;1;1;;91;Helsinki;1;60;60;E;3;45924;2361;171;393713;6677644;E;1;2;0;-1;MYLLYMESTARINTIE                        ;1;1;9;1;1980-10-01 00:00:00;1;2;85;10;;;;0
8564835;1;101;8;3120;2;2017;10;2017-10-13 00:00:00;0;0;0;5500;Helsingin poliisilaitos;16;Perjantai;8;6;3;60;0;1;1;1;1;;91;Helsinki;1;60;60;E;3;45924;2361;173;393723;6677662;E;1;7;0;-1;KEHé 1 KAISTAT LéNTEEN                  ;1;0;9;1;1980-10-01 00:00:00;1;2;85;10;;;;0
8413798;1;101;8;3273;2;2017;7;2017-07-06 00:00:00;0;0;0;5500;Helsingin poliisilaitos;14;Torstai;49;4;2;60;1;1;1;1;1;;91;Helsinki;1;60;60;K;3;45924;2361;173;393741;6677512;E;1;15;4;-1;MYLLYMESTARINTIE X MYLLYPURONTIE        ;1;0;9;1;1980-10-01 00:00:00;1;2;85;10;;;;0
8616949;1;101;8;3806;2;2017;11;2017-11-18 00:00:00;0;0;0;5500;Helsingin poliisilaitos;14;Lauantai;3;3;2;60;0;2;1;4;1;;91;Helsinki;1;60;60;E;3;45924;2361;173;393882;6677003;E;1;5;0;-1;MYLLYMESTARINTIE ITéKESKUS              ;1;0;9;1;1980-10-01 00:00:00;1;2;85;10;;;;0
8410916;1;101;8;3927;1;2017;6;2017-06-09 00:00:00;0;1;2;5500;Helsingin poliisilaitos;9;Perjantai;8;6;2;60;0;1;1;1;1;;91;Helsinki;1;50;50;E;3;45924;2361;236;393895;6676869;E;1;14;0;-1;MYLLYMESTARINTIE                        ;1;0;9;1;1980-10-01 00:00:00;1;2;150;10;;;;0
8410136;1;101;8;3987;2;2017;6;2017-06-29 00:00:00;0;1;2;5500;Helsingin poliisilaitos;16;Torstai;8;6;2;60;1;1;1;1;1;;91;Helsinki;1;50;50;K;3;45924;2361;168;393936;6676832;E;1;21;4;-1;MYLLYMESTARINTIE (LéNTEEN)              ;1;0;9;1;1980-10-01 00:00:00;1;2;85;10;;;;0
8411283;1;101;8;3995;1;2017;6;2017-06-13 00:00:00;0;0;0;5500;Helsingin poliisilaitos;7;Tiistai;8;6;2;60;1;1;1;1;1;;91;Helsinki;1;50;50;K;3;45924;2361;236;393903;6676802;E;1;10;0;-1;MYLLYMESTARINTIE                        ;1;0;9;1;1980-10-01 00:00:00;1;2;150;10;;;;0
8129965;1;101;8;4008;1;2017;3;2017-03-12 00:00:00;0;0;0;5500;Helsingin poliisilaitos;19;Sunnuntai;6;6;2;50;1;1;1;1;1;;91;Helsinki;1;50;50;K;3;45924;2361;236;393906;6676789;E;1;0;4;-1;MYLLYMESTARINTIE X TURUNLINNANTIE       ;1;1;9;1;1980-10-01 00:00:00;1;2;150;10;;;;0
8771818;1;101;8;4009;1;2017;12;2017-12-23 00:00:00;0;0;0;5500;Helsingin poliisilaitos;7;Lauantai;49;4;2;50;1;1;4;2;1;;91;Helsinki;1;50;50;K;3;45924;2361;236;393906;6676788;E;1;-2;4;-1;MYLLYMESTARINTIE X TURUNLINNANTIE       ;1;0;9;1;1980-10-01 00:00:00;1;2;150;10;;;;0
8460495;1;101;8;4011;1;2017;8;2017-08-26 00:00:00;0;0;0;5500;Helsingin poliisilaitos;11;Lauantai;4;3;2;50;0;1;1;1;1;;91;Helsinki;1;50;50;E;3;45924;2361;236;393906;6676786;E;1;12;4;-1;MYLLYMESTARINTIE X TURUNLINNANTIE       ;1;0;9;1;1980-10-01 00:00:00;1;2;150;10;;;;0
8617147;1;101;8;4018;1;2017;11;2017-11-29 00:00:00;0;0;0;5500;Helsingin poliisilaitos;10;Keskiviikko;30;2;2;50;1;2;1;2;1;;91;Helsinki;1;50;50;K;3;45924;2361;236;393908;6676779;E;1;3;4;-1;MYLLYMESTARINTIE X VANHANLINNANTIE      ;1;0;9;1;1980-10-01 00:00:00;1;2;150;10;;;;0
8120818;1;101;8;4033;2;2017;2;2017-02-23 00:00:00;0;2;2;5500;Helsingin poliisilaitos;5;Torstai;40;4;2;50;1;4;2;2;1;;91;Helsinki;1;50;50;K;3;45924;2361;291;393947;6676789;E;1;-1;4;-1;MYLLYMESTARINTIE X VANHANLINNANTIE      ;1;1;9;1;1980-10-01 00:00:00;1;2;140;10;;;;0
8129923;1;101;8;4040;1;2017;3;2017-03-21 00:00:00;0;0;0;5500;Helsingin poliisilaitos;11;Tiistai;6;6;2;60;0;2;1;1;1;;91;Helsinki;1;50;50;E;3;45924;2361;296;393914;6676758;E;1;2;4;-1;MYLLYMESTARINTIE X TURUNLINNANTIE       ;1;1;9;1;1980-10-01 00:00:00;1;2;150;10;;;;0
8413015;1;101;8;4046;2;2017;7;2017-07-10 00:00:00;0;0;0;5500;Helsingin poliisilaitos;16;Maanantai;2;3;2;50;0;1;1;1;1;;91;Helsinki;1;50;50;E;3;45924;2361;291;393950;6676776;E;1;21;0;-1;KEHé 1 X VANHANLINNANTIE                ;1;0;9;1;1980-10-01 00:00:00;1;2;140;10;;;;0
8566073;1;101;8;4055;1;2017;10;2017-10-23 00:00:00;0;0;0;5500;Helsingin poliisilaitos;17;Maanantai;4;3;2;50;1;1;1;1;1;;91;Helsinki;1;50;50;K;3;45924;2361;296;393919;6676744;E;1;1;0;-1;TURUNLINNANTIE                          ;1;0;9;1;1980-10-01 00:00:00;1;2;150;10;;;;0
8296404;1;101;8;4086;2;2017;5;2017-05-15 00:00:00;0;0;0;5500;Helsingin poliisilaitos;17;Maanantai;8;6;2;60;0;1;1;1;1;;91;Helsinki;1;50;50;E;3;45924;2361;291;393961;6676738;E;1;12;0;-1;MYLLYMESTARINTIE                        ;1;0;9;1;1980-10-01 00:00:00;1;2;140;10;;;;0
8120914;1;101;8;4131;1;2017;2;2017-02-08 00:00:00;0;0;0;5500;Helsingin poliisilaitos;18;Keskiviikko;39;2;3;50;1;6;1;2;1;;91;Helsinki;1;50;50;K;3;45924;2361;296;393946;6676674;E;1;-4;4;-1;MYLLYMESTARINTIE X ITéKATU              ;1;1;9;1;1980-10-01 00:00:00;1;2;150;10;;;;0
8617465;1;101;8;4132;1;2017;11;2017-11-14 00:00:00;0;0;0;5500;Helsingin poliisilaitos;15;Tiistai;53;4;2;50;1;1;1;2;1;;91;Helsinki;1;50;50;K;3;45924;2361;296;393946;6676673;E;1;4;4;-1;MYLLYMESTARINTIE X ITéKATU              ;1;0;9;1;1980-10-01 00:00:00;1;2;150;10;;;;0
8505708;1;101;8;4134;1;2017;9;2017-09-22 00:00:00;0;0;0;5500;Helsingin poliisilaitos;19;Perjantai;13;2;2;50;1;1;1;2;1;;91;Helsinki;1;50;50;K;3;45924;2361;296;393947;6676672;E;1;15;4;-1;ITéKATU X MYLLYMESTARINTIE              ;1;0;9;1;1980-10-01 00:00:00;1;2;150;10;;;;0
8129998;1;101;8;4136;1;2017;3;2017-03-27 00:00:00;0;1;2;5500;Helsingin poliisilaitos;14;Maanantai;6;6;3;50;1;1;1;2;1;;91;Helsinki;1;50;50;K;3;45924;2361;296;393948;6676670;E;1;8;4;-1;KEHé I X ITéVéYLé                       ;1;1;9;1;1980-10-01 00:00:00;1;2;150;10;;;;0
8413593;1;101;8;4140;1;2017;7;2017-07-19 00:00:00;0;0;0;5500;Helsingin poliisilaitos;15;Keskiviikko;59;4;2;60;0;2;1;2;1;;91;Helsinki;1;50;50;E;3;45924;2361;296;393950;6676666;E;1;17;4;-1;MYLLYMESTARINTIE X ITéKATU              ;1;0;9;1;1980-10-01 00:00:00;1;2;150;10;;;;0
8414115;1;101;8;4165;2;2017;7;2017-07-15 00:00:00;0;0;0;5500;Helsingin poliisilaitos;22;Lauantai;8;6;3;50;1;1;1;1;1;;91;Helsinki;1;50;50;K;3;45924;2361;291;393987;6676664;E;1;10;0;-1;MYLLYMESTARINTIE X ITéKATU              ;1;0;9;1;1980-10-01 00:00:00;1;2;140;10;;;;0
8505709;1;101;8;4217;2;2017;9;2017-09-30 00:00:00;0;0;0;5500;Helsingin poliisilaitos;9;Lauantai;3;3;2;60;1;1;1;2;1;;91;Helsinki;1;50;50;K;3;45924;2361;291;394011;6676619;E;1;9;0;-1;KEHé 1                                  ;1;0;9;1;1980-10-01 00:00:00;1;2;140;10;;;;0
8297182;1;101;8;4219;1;2017;5;2017-05-07 00:00:00;0;0;0;5500;Helsingin poliisilaitos;17;Sunnuntai;3;3;2;50;1;1;1;2;1;;91;Helsinki;1;50;50;K;3;45924;2361;296;394001;6676607;E;1;9;0;-1;ITéVéYLé X MERIPELLONTIE                ;1;0;9;1;1980-10-01 00:00:00;1;2;150;10;;;;0
8119609;1;101;8;4226;1;2017;1;2017-01-27 00:00:00;0;0;0;5500;Helsingin poliisilaitos;24;Perjantai;30;2;2;50;1;2;4;3;1;;91;Helsinki;1;50;50;K;3;45924;2361;296;394005;6676601;E;1;-1;4;-1;MERIPELLONTIE X ITéKATU                 ;1;1;9;1;1980-10-01 00:00:00;1;2;150;10;;;;0
8296135;1;101;8;4231;1;2017;5;2017-05-23 00:00:00;0;0;0;5500;Helsingin poliisilaitos;21;Tiistai;8;6;2;50;1;1;1;2;1;;91;Helsinki;1;50;50;K;3;45924;2361;296;394008;6676597;E;1;18;4;-1;MYLLYMESTARINTIE X ITéVéYLé             ;1;0;9;1;1980-10-01 00:00:00;1;2;150;10;;;;0
8505761;1;101;8;4234;2;2017;9;2017-09-05 00:00:00;0;1;2;5500;Helsingin poliisilaitos;8;Tiistai;49;4;2;50;0;1;1;2;1;;91;Helsinki;1;50;50;E;3;45924;2361;291;394020;6676605;E;1;15;4;-1;MERIPELLONTIE ITéVéYLé                  ;1;0;9;1;1980-10-01 00:00:00;1;2;140;10;;;;0
8770947;1;101;8;4248;2;2017;12;2017-12-24 00:00:00;0;0;0;5500;Helsingin poliisilaitos;23;Sunnuntai;4;3;2;50;1;1;4;1;1;;91;Helsinki;1;50;50;K;3;45924;2361;291;394027;6676593;E;1;-1;4;-1;MYLLYMESTARINTIE-KURJENKELLONKUJA       ;1;0;9;1;1980-10-01 00:00:00;1;2;140;10;;;;0
8564618;1;101;8;4249;1;2017;10;2017-10-11 00:00:00;0;0;0;5500;Helsingin poliisilaitos;-1;Keskiviikko;9;13;2;50;0;-1;-1;-1;1;;91;Helsinki;1;50;50;E;3;45924;2361;296;394016;6676582;E;1;8;0;-1;MYLLYMESTARINTIE                        ;1;0;9;1;1980-10-01 00:00:00;1;2;150;10;;;;0
8771665;1;102;2;602;1;2017;12;2017-12-04 00:00:00;0;2;2;5530;LÑnsi-Uudenmaan poliisilaitos;24;Maanantai;81;1;1;80;0;1;4;1;1;;49;Espoo;-1;-1;-1;E;3;52811;1929;221;375167;6674339;E;1;-1;0;-1;KEHé II                                 ;1;0;9;1;;1;2;110;10;;;;0
8413585;1;102;2;1503;1;2017;7;2017-07-31 00:00:00;0;0;0;5530;LÑnsi-Uudenmaan poliisilaitos;5;Maanantai;8;6;2;80;0;1;2;1;1;;49;Espoo;-1;-1;-1;E;3;52811;1929;221;374897;6675189;K;1;17;0;-1;KEHé II, SUURPELTO                      ;1;0;9;1;;1;2;110;10;;;;0
8119394;1;102;3;620;0;2017;1;2017-01-17 00:00:00;0;1;2;5530;LÑnsi-Uudenmaan poliisilaitos;11;Tiistai;29;5;2;60;0;6;1;2;1;;49;Espoo;1;60;60;E;3;52811;1929;93;375111;6676165;E;1;-4;0;-1;KEHé II X TIE 1                         ;1;1;9;1;;1;1;85;10;;;;0
8788483;1;103;1;1125;1;2017;9;2017-09-05 00:00:00;0;0;0;5560;ItÑ-Uudenmaan poliisilaitos;2;Tiistai;6;6;2;80;0;1;4;1;1;;92;Vantaa;1;80;80;E;3;8129;2050;195;397090;6680463;E;1;11;0;-1;KEHé III                                ;1;1;-1;1;2005-12-01 00:00:00;1;2;95;10;;;;0
8411061;1;103;1;1566;2;2017;6;2017-06-04 00:00:00;0;0;0;5500;Helsingin poliisilaitos;15;Sunnuntai;83;1;1;80;0;1;1;1;1;;92;Vantaa;-1;-1;-1;E;3;8129;2050;195;397424;6680133;E;1;12;0;-1;ITéVéYLéLTé RAMPPI KEHé III LéNTEEN     ;1;1;-1;1;2007-10-09 00:00:00;1;2;88;10;;;;0
8129964;1;103;1;2294;1;2017;3;2017-03-09 00:00:00;0;0;0;5560;ItÑ-Uudenmaan poliisilaitos;17;Torstai;9;13;3;80;0;5;1;6;1;;92;Vantaa;-1;-1;-1;E;3;8129;2050;195;397871;6679599;E;1;2;0;-1;KEHé III                                ;1;1;-1;1;2007-10-09 00:00:00;1;2;89;10;;;;0
8121107;1;103;1;2515;1;2017;2;2017-02-19 00:00:00;0;1;2;5500;Helsingin poliisilaitos;2;Sunnuntai;82;1;1;70;0;1;4;1;1;;92;Vantaa;-1;-1;-1;E;3;8129;2050;161;398008;6679427;E;1;1;0;-1;VUOSAAREN TIETUNNELI SATAMAAN           ;1;1;-1;1;2007-10-09 00:00:00;1;2;80;10;;;;0
8616471;1;104;3;618;0;2017;11;2017-11-25 00:00:00;0;0;0;5530;LÑnsi-Uudenmaan poliisilaitos;19;Lauantai;90;11;2;80;0;-1;3;-1;1;;444;Lohja;1;80;80;E;3;996;45;74;313815;6677656;E;1;3;0;-1;TIE 104 ANTSKOGINTIE                    ;1;3;-1;-1;;-1;1;65;10;81;51;13;0
8413599;1;104;5;320;0;2017;7;2017-07-20 00:00:00;0;0;0;5530;LÑnsi-Uudenmaan poliisilaitos;23;Torstai;90;10;2;50;0;1;2;2;1;;444;Lohja;1;60;60;E;3;1127;63;76;315636;6679645;E;1;17;0;-1;KARJALOHJANTIE                          ;1;3;-1;2;1980-06-30 00:00:00;2;1;65;10;58;13;2;0
8771478;1;104;7;4829;0;2017;12;2017-12-30 00:00:00;0;0;0;5530;LÑnsi-Uudenmaan poliisilaitos;23;Lauantai;80;1;1;80;0;4;3;2;1;;444;Lohja;1;80;80;E;3;1204;53;68;324880;6689814;E;1;0;0;-1;SAMMATINTIE                             ;1;3;-1;-1;;2;1;75;10;72;8;1;0
8771155;1;104;7;5159;0;2017;12;2017-12-04 00:00:00;0;0;0;5530;LÑnsi-Uudenmaan poliisilaitos;17;Maanantai;90;10;2;60;0;-1;2;-1;1;;444;Lohja;2;60;60;E;3;1204;53;68;325075;6690057;E;1;2;0;-1;SAMMATINTIE                             ;1;3;-1;-1;;2;1;75;10;72;8;1;0
8410572;1;110;1;4436;1;2017;6;2017-06-14 00:00:00;0;0;0;5530;LÑnsi-Uudenmaan poliisilaitos;14;Keskiviikko;6;6;2;60;1;1;1;1;1;;49;Espoo;1;60;60;K;3;9327;590;106;379228;6677851;K;1;17;0;-1;TURUNTIE X KEHé I                       ;1;0;2;3;1981-05-01 00:00:00;1;2;95;10;;;;0