accidentId;roadmain;road;rseg;rdist;rway;year;month;day;dead;injr;severlvl;poldis;disname;hour;wkday;acctype;acclass;partnum;spdlim;urbmrk;surface;brightness;weather;accloc;roadnum;municipality;munidesc;spdtype;spddiropp;spddirmeas;Urban;roadtype;avg;hevavg;rwid;X;Y;roadwork;pavement;temperature;intersection;railroad;address;privacy;wintmaint;Tienverkas;action;Luovpvm;lightown;cross-sec;coatwidth;roadcoat;vision150;vision300;vision460;frameroad
8460253;1;140;4;3015;0;2017;8;2017-08-22 00:00:00;0;0;0;5560;ItÑ-Uudenmaan poliisilaitos;17;Tiistai;41;8;2;50;1;2;1;1;2;;92;Vantaa;1;60;60;K;3;9454;672;101;395091;6686014;K;1;16;2;-1;LAHDENTIE X ITéINEN VALKOISENLéHTEENTIE ;1;2;9;3;1982-05-01 00:00:00;1;1;95;10;99;78;49;0
8291774;1;140;5;77;0;2017;4;2017-04-26 00:00:00;0;0;0;5560;ItÑ-Uudenmaan poliisilaitos;15;Keskiviikko;33;13;2;60;0;1;1;2;1;;92;Vantaa;1;60;60;E;3;7129;389;101;395282;6686978;E;1;6;0;-1;LAHDENTIE                               ;1;2;9;3;1982-05-01 00:00:00;1;1;95;10;100;70;47;0
8412874;1;140;5;1733;0;2017;7;2017-07-30 00:00:00;0;2;2;5560;ItÑ-Uudenmaan poliisilaitos;18;Sunnuntai;4;7;2;60;0;1;1;2;1;;92;Vantaa;1;80;80;E;3;7129;389;101;395906;6688493;E;1;23;0;-1;LAHDENTIE                               ;1;2;9;1;1959-06-30 00:00:00;1;1;95;10;100;70;47;0
8120768;1;140;5;1869;0;2017;2;2017-02-07 00:00:00;0;0;0;5560;ItÑ-Uudenmaan poliisilaitos;8;Tiistai;9;13;2;60;0;1;2;1;1;;92;Vantaa;1;80;80;E;3;7129;389;101;395956;6688619;E;1;-15;0;-1;LAHDENTIE                               ;1;2;9;1;1959-06-30 00:00:00;1;1;95;10;100;70;47;0
8291772;1;140;5;4462;0;2017;4;2017-04-26 00:00:00;0;0;0;5560;ItÑ-Uudenmaan poliisilaitos;10;Keskiviikko;8;6;4;60;1;1;1;2;1;;92;Vantaa;2;60;60;K;3;7129;389;101;396589;6691109;E;1;3;2;-1;VANHA LAHDENTIE X KIMALAISENTIE         ;1;2;9;1;1959-06-30 00:00:00;1;1;95;10;100;70;47;0
8119884;1;140;5;5886;0;2017;1;2017-01-03 00:00:00;0;1;2;5560;ItÑ-Uudenmaan poliisilaitos;16;Tiistai;8;6;3;60;0;6;1;5;1;;92;Vantaa;1;60;60;E;3;4362;218;101;396664;6692529;E;1;-8;5;-1;LAHDENTIE X PITKéSIIMA                  ;1;2;9;1;1958-06-30 00:00:00;1;1;95;10;100;89;64;0
8296788;1;140;5;7864;0;2017;5;2017-05-26 00:00:00;0;0;0;5560;ItÑ-Uudenmaan poliisilaitos;5;Perjantai;90;11;2;80;0;1;1;1;1;;245;Kerava;1;80;80;E;3;4362;218;101;396768;6694489;E;1;15;0;-1;VANHA LAHDENTIE                         ;1;2;-1;1;1958-06-30 00:00:00;1;1;95;10;100;89;64;0
8410365;1;140;5;9262;0;2017;6;2017-06-30 00:00:00;0;0;0;5560;ItÑ-Uudenmaan poliisilaitos;16;Perjantai;49;4;2;60;0;1;1;2;1;;245;Kerava;1;60;80;E;3;4362;218;101;396714;6695882;E;1;19;2;-1;KERAVANTIE X LAHDENTIE                  ;1;2;-1;1;1958-06-30 00:00:00;1;1;95;10;100;89;64;0
8505579;1;140;5;10407;0;2017;9;2017-09-22 00:00:00;0;2;2;5560;ItÑ-Uudenmaan poliisilaitos;4;Perjantai;8;6;2;30;0;2;3;4;1;;245;Kerava;1;80;80;E;3;6789;640;106;396806;6697014;K;1;12;0;-1;LAHDENTIE                               ;1;2;9;1;1958-06-30 00:00:00;2;1;95;10;100;89;64;0
8120412;1;140;5;12704;0;2017;1;2017-01-01 00:00:00;0;1;2;5560;ItÑ-Uudenmaan poliisilaitos;2;Sunnuntai;80;1;1;80;0;6;3;2;1;;245;Kerava;1;-1;80;E;3;8322;429;106;396890;6699302;E;1;3;0;-1;VANHA LAHDENTIE                         ;1;2;-1;1;1958-06-30 00:00:00;2;1;95;10;100;94;87;0
8563154;1;140;5;18713;0;2017;10;2017-10-31 00:00:00;0;0;0;5560;ItÑ-Uudenmaan poliisilaitos;16;Tiistai;52;4;2;60;0;1;1;1;1;;186;JÑrvenpÑÑ;1;60;60;E;3;6050;371;101;397826;6705226;E;1;-1;3;-1;VANHA LAHDENTIE X SIPOONTIE             ;1;2;-1;4;1996-12-01 00:00:00;1;1;95;10;100;94;87;0
8771297;1;140;8;2735;0;2017;12;2017-12-07 00:00:00;0;1;2;5560;ItÑ-Uudenmaan poliisilaitos;15;Torstai;52;4;2;60;0;6;1;1;1;;186;JÑrvenpÑÑ;1;80;80;E;3;5107;126;101;398455;6707868;E;1;1;2;-1;VANHA LAHDENTIE X KARTANONVéYLé         ;1;2;9;3;1984-01-01 00:00:00;1;1;95;10;100;92;61;0
8413028;1;140;8;2766;0;2017;7;2017-07-07 00:00:00;0;3;2;5560;ItÑ-Uudenmaan poliisilaitos;16;Perjantai;50;4;2;80;0;1;1;1;1;;186;JÑrvenpÑÑ;1;80;80;E;3;5107;126;101;398465;6707897;E;1;21;2;-1;VANHA LAHDENTIE X KARTANONVéYLé         ;1;2;9;3;1984-01-01 00:00:00;1;1;95;10;100;92;61;0
8564424;1;140;8;2773;0;2017;10;2017-10-02 00:00:00;0;0;0;5560;ItÑ-Uudenmaan poliisilaitos;20;Maanantai;8;6;5;50;0;1;4;1;1;;186;JÑrvenpÑÑ;1;80;80;E;3;5107;126;101;398467;6707904;K;1;9;0;-1;VANHA LAHDENTIE X KARTANONVéYLé         ;1;2;9;3;1984-01-01 00:00:00;1;1;95;10;100;92;61;0
8771769;1;140;8;3865;0;2017;12;2017-12-24 00:00:00;0;0;0;5560;ItÑ-Uudenmaan poliisilaitos;6;Sunnuntai;81;1;1;60;0;6;4;2;1;;186;JÑrvenpÑÑ;1;80;80;E;3;5107;126;101;398782;6708949;E;1;-2;0;-1;VANHA LAHDENTIE                         ;1;2;9;1;1958-06-30 00:00:00;-1;1;95;10;100;92;61;0
8565649;1;140;8;4018;0;2017;10;2017-10-25 00:00:00;0;0;0;5560;ItÑ-Uudenmaan poliisilaitos;13;Keskiviikko;5;3;2;80;0;1;1;2;1;;186;JÑrvenpÑÑ;1;80;80;E;3;5107;126;101;398821;6709097;E;1;3;0;-1;LAHDENTIE                               ;1;2;9;1;1958-06-30 00:00:00;-1;1;95;10;100;92;61;0
8411414;1;140;9;4656;0;2017;6;2017-06-03 00:00:00;0;0;0;5560;ItÑ-Uudenmaan poliisilaitos;24;Lauantai;86;1;1;80;0;1;3;1;1;;505;MÑntsÑlÑ;1;80;80;E;3;3647;277;101;401005;6713937;E;1;5;2;-1;POHJOINEN PIKATIE X TIKKARON YHDYSTIE   ;1;2;-1;1;1958-06-30 00:00:00;-1;1;95;10;100;97;77;0
8771246;1;140;10;3205;0;2017;12;2017-12-23 00:00:00;0;1;2;5560;ItÑ-Uudenmaan poliisilaitos;16;Lauantai;29;5;2;80;0;5;3;6;1;;505;MÑntsÑlÑ;1;80;80;E;3;3267;239;101;402990;6717436;E;1;1;0;-1;ETELéINEN PIKATIE 150                   ;1;2;-1;1;1958-06-30 00:00:00;-1;1;95;10;100;94;72;0
8119740;1;140;12;1475;1;2017;1;2017-01-04 00:00:00;0;3;2;5560;ItÑ-Uudenmaan poliisilaitos;18;Keskiviikko;6;6;2;50;1;4;4;2;1;;505;MÑntsÑlÑ;1;50;50;K;3;4702;236;181;407771;6723200;E;1;-15;4;-1;LAHDENTIE X PELTOLANTIE                 ;1;2;1;3;1992-08-15 00:00:00;2;2;81;10;99;93;58;0
8506439;1;140;13;6697;0;2017;9;2017-09-12 00:00:00;0;0;0;5560;ItÑ-Uudenmaan poliisilaitos;8;Tiistai;90;11;2;80;0;-1;1;-1;1;;505;MÑntsÑlÑ;1;80;80;E;3;4155;273;101;411222;6729297;E;1;13;0;-1;POIHJOINEN PIKATIE                      ;1;3;-1;1;1955-06-30 00:00:00;-1;1;95;10;100;97;77;0
8130286;1;140;15;1424;0;2017;3;2017-03-07 00:00:00;0;0;0;5560;ItÑ-Uudenmaan poliisilaitos;24;Tiistai;90;11;2;80;0;4;3;5;1;;505;MÑntsÑlÑ;1;80;80;E;3;2538;232;101;412715;6732124;E;1;-1;0;-1;POHJOINEN PIKATIE                       ;1;3;-1;1;1954-06-30 00:00:00;-1;1;95;10;100;72;35;0
8291638;1;140;16;2646;0;2017;4;2017-04-13 00:00:00;0;0;0;5560;ItÑ-Uudenmaan poliisilaitos;17;Torstai;99;13;2;80;0;1;1;1;1;;505;MÑntsÑlÑ;1;80;80;E;3;1539;124;101;415695;6738587;E;1;4;2;-1;POHJOINEN PIKATIE X KéRKôLéNTIE         ;1;3;-1;3;1979-06-30 00:00:00;2;1;95;10;100;88;71;0
8414051;1;143;1;2355;0;2017;7;2017-07-22 00:00:00;0;0;0;5560;ItÑ-Uudenmaan poliisilaitos;8;Lauantai;90;11;2;70;0;1;1;1;1;;106;HyvinkÑÑ;1;70;70;E;3;3198;467;91;381699;6726671;E;1;11;0;-1;POHJOINEN KEHéKATU                      ;1;2;-1;3;1993-08-30 00:00:00;2;1;85;10;100;84;46;0
8410925;1;143;1;4722;0;2017;6;2017-06-18 00:00:00;0;0;0;5560;ItÑ-Uudenmaan poliisilaitos;4;Sunnuntai;80;1;1;70;0;1;1;1;1;;106;HyvinkÑÑ;1;70;70;E;3;2713;334;91;384050;6726805;E;1;14;0;-1;POHJOINEN KEHéTIE                       ;1;2;-1;3;1993-08-30 00:00:00;2;1;85;10;100;84;46;0
8506264;1;145;1;2209;0;2017;9;2017-09-15 00:00:00;0;1;2;5560;ItÑ-Uudenmaan poliisilaitos;10;Perjantai;59;7;2;50;0;1;1;2;2;;858;Tuusula;5;50;50;E;3;16341;409;106;392275;6698795;E;1;14;2;-1;SAVIRIIHENTIE X JéRVENPééNTIE           ;1;0;9;2;1993-11-30 00:00:00;2;1;100;10;95;66;25;0
8130083;1;145;2;4768;0;2017;3;2017-03-23 00:00:00;0;0;0;5560;ItÑ-Uudenmaan poliisilaitos;16;Torstai;80;1;1;50;1;1;1;1;1;;186;JÑrvenpÑÑ;4;60;60;K;3;11666;278;96;394453;6703371;E;1;7;0;-1;JéRVENPééNTIE                           ;1;1;1;1;1959-06-30 00:00:00;2;1;80;10;99;66;32;0
8295997;1;145;3;901;0;2017;5;2017-05-04 00:00:00;1;1;1;5560;ItÑ-Uudenmaan poliisilaitos;3;Torstai;80;1;1;60;0;1;2;1;1;;186;JÑrvenpÑÑ;4;60;60;E;3;4718;248;101;395482;6703693;E;1;3;0;-1;POIKKITIE X KURKIAURANTIE               ;1;0;9;1;1973-06-30 00:00:00;1;1;95;10;99;62;18;0
8120578;1;145;4;556;1;2017;1;2017-01-26 00:00:00;0;0;0;5560;ItÑ-Uudenmaan poliisilaitos;18;Torstai;8;6;3;60;0;2;2;2;1;;186;JÑrvenpÑÑ;4;60;60;E;3;13059;364;316;396937;6703447;E;1;3;0;-1;LAHDEN MOOTTORITIE RAMPPI               ;1;1;-1;1;1973-06-30 00:00:00;1;2;200;10;99;93;59;0
8119737;1;146;1;7;0;2017;1;2017-01-04 00:00:00;0;0;0;5560;ItÑ-Uudenmaan poliisilaitos;11;Keskiviikko;40;4;2;60;0;6;1;2;1;;186;JÑrvenpÑÑ;4;60;60;E;3;4307;215;81;397834;6705228;E;1;-13;3;-1;VANHA LAHDENTIE X SIPOONTIE             ;1;2;-1;4;1996-12-01 00:00:00;2;1;75;10;99;96;56;0
8120776;1;146;2;940;0;2017;2;2017-02-17 00:00:00;0;1;2;5560;ItÑ-Uudenmaan poliisilaitos;1;Perjantai;86;1;1;60;0;6;3;4;1;;753;Sipoo;-1;-1;-1;E;3;3027;134;81;402498;6705697;E;1;-1;2;-1;LINSVEDINTIE X BASTNéSINTIE             ;1;2;-1;1;1994-08-31 00:00:00;-1;1;75;10;99;83;46;0
8120904;1;146;3;1878;0;2017;2;2017-02-08 00:00:00;0;0;0;5560;ItÑ-Uudenmaan poliisilaitos;7;Keskiviikko;90;11;3;80;0;-1;3;-1;1;;611;Pornainen;-1;-1;-1;E;3;3027;134;81;407546;6705596;E;1;-16;0;-1;JéRVENPééNTIE                           ;1;2;-1;1;1994-08-31 00:00:00;-1;1;75;10;100;81;36;0
8120602;1;148;1;179;0;2017;1;2017-01-20 00:00:00;0;0;0;5560;ItÑ-Uudenmaan poliisilaitos;9;Perjantai;8;6;2;50;1;7;4;1;1;;858;Tuusula;6;50;50;K;3;6786;469;106;391792;6697864;E;1;-3;0;-1;JéRVENPééNTIE X KULLOONTIE              ;1;1;9;2;1994-12-01 00:00:00;1;1;100;10;100;83;37;0
8617156;1;148;1;318;0;2017;11;2017-11-08 00:00:00;0;0;0;5560;ItÑ-Uudenmaan poliisilaitos;20;Keskiviikko;29;13;2;50;1;1;4;1;1;;858;Tuusula;6;50;50;K;3;6786;469;106;391927;6697830;E;1;5;0;-1;KULLOONTIE                              ;1;1;9;2;1994-12-01 00:00:00;1;1;100;10;100;83;37;0
8460241;1;148;1;328;0;2017;8;2017-08-24 00:00:00;0;1;2;5560;ItÑ-Uudenmaan poliisilaitos;13;Torstai;30;7;2;50;1;1;1;2;1;;858;Tuusula;6;50;50;K;3;6786;469;106;391937;6697827;E;1;16;3;-1;KLAAVOLANTIE X KULLOONTIE               ;1;1;9;2;1994-12-01 00:00:00;1;1;100;10;100;83;37;0
8296840;1;148;1;1901;0;2017;5;2017-05-13 00:00:00;0;0;0;5560;ItÑ-Uudenmaan poliisilaitos;23;Lauantai;90;11;2;50;0;1;3;1;1;;858;Tuusula;1;80;80;E;3;6786;469;106;393217;6696950;E;1;3;0;-1;KULLOONTIE                              ;1;1;-1;1;1975-03-16 00:00:00;1;1;100;10;100;83;37;0
8130117;1;148;1;2138;0;2017;3;2017-03-16 00:00:00;0;0;0;5560;ItÑ-Uudenmaan poliisilaitos;8;Torstai;81;1;1;60;0;1;1;1;1;;858;Tuusula;1;80;60;E;3;6786;469;106;393455;6696939;E;1;1;0;-1;KULLOONTIE                              ;1;1;9;1;1975-03-16 00:00:00;1;1;100;10;100;83;37;0
8291728;1;148;1;2141;0;2017;4;2017-04-19 00:00:00;0;0;0;5560;ItÑ-Uudenmaan poliisilaitos;21;Keskiviikko;8;6;2;60;0;1;2;1;1;;858;Tuusula;1;80;60;E;3;6786;469;106;393458;6696939;E;1;3;4;-1;KULLOONTIE X PALOKUJA??                 ;1;1;9;1;1975-03-16 00:00:00;1;1;100;10;100;83;37;0
8413925;1;148;1;2308;0;2017;7;2017-07-07 00:00:00;0;1;2;5560;ItÑ-Uudenmaan poliisilaitos;24;Perjantai;81;7;1;30;0;1;2;1;1;;858;Tuusula;1;60;60;E;3;6786;469;106;393625;6696958;K;1;14;0;-1;TUUSULAN ITéVéYLé X KULLOONTIE          ;1;1;9;4;1993-11-10 00:00:00;1;1;100;10;100;83;37;0
8130279;1;148;1;2928;0;2017;3;2017-03-02 00:00:00;0;1;2;5560;ItÑ-Uudenmaan poliisilaitos;19;Torstai;41;8;2;60;0;2;4;2;1;;858;Tuusula;1;60;60;E;3;15066;942;106;394249;6696967;E;1;2;2;-1;KERAVANTIE X MYRTINOJANKUJA             ;1;1;9;1;1975-03-16 00:00:00;1;1;100;10;100;83;37;0
8412876;1;148;1;3235;0;2017;7;2017-07-10 00:00:00;0;0;0;5560;ItÑ-Uudenmaan poliisilaitos;15;Maanantai;80;1;1;60;0;1;1;1;1;;245;Kerava;1;60;60;E;3;15066;942;106;394557;6696951;E;1;23;0;-1;KERAVANTIE                              ;1;1;9;1;1975-03-16 00:00:00;2;1;100;10;100;83;37;0
8119397;1;148;1;3792;2;2017;1;2017-01-05 00:00:00;0;0;0;5560;ItÑ-Uudenmaan poliisilaitos;10;Torstai;80;1;1;60;0;6;1;1;1;;245;Kerava;1;60;60;E;3;15066;942;;395115;6696982;E;1;-18;0;-1;KERAVANTIE                              ;1;1;9;-1;;2;2;;10;100;83;37;0
8564485;1;148;1;3931;2;2017;10;2017-10-06 00:00:00;0;1;2;5560;ItÑ-Uudenmaan poliisilaitos;8;Perjantai;15;8;2;60;1;-1;1;2;2;;245;Kerava;1;60;60;K;3;15066;942;;395250;6696966;E;1;9;2;-1;KERAVANTIE                              ;1;1;9;-1;;2;2;;10;100;83;37;0
8412831;1;148;1;3952;2;2017;7;2017-07-26 00:00:00;0;1;2;5560;ItÑ-Uudenmaan poliisilaitos;18;Keskiviikko;41;8;2;50;1;1;1;1;2;;245;Kerava;1;60;60;K;3;15066;942;;395274;6696981;E;1;24;2;-1;KERAVANTIE X SAVIONTIE                  ;1;1;9;-1;;2;2;;10;100;83;37;0
8506446;1;148;1;4622;2;2017;9;2017-09-14 00:00:00;0;0;0;5560;ItÑ-Uudenmaan poliisilaitos;13;Torstai;8;6;2;60;0;1;1;2;1;;245;Kerava;1;60;60;E;3;15066;942;;395866;6696700;E;1;15;4;-1;KERAVANTIE X ALIKERAVANTIE              ;1;1;9;-1;;2;2;;10;100;74;3;0
8119276;1;148;1;4671;2;2017;1;2017-01-04 00:00:00;0;0;0;5560;ItÑ-Uudenmaan poliisilaitos;15;Keskiviikko;12;2;2;60;1;4;1;1;1;;245;Kerava;1;60;60;K;3;15066;942;;395901;6696668;E;1;-15;0;-1;KERAVANTIE X ALIKERAVANTIE              ;1;1;9;-1;;2;2;;10;100;74;3;0
8410135;1;148;1;4671;2;2017;6;2017-06-09 00:00:00;0;0;0;5560;ItÑ-Uudenmaan poliisilaitos;21;Perjantai;89;1;1;60;1;1;1;1;1;;245;Kerava;1;60;60;K;3;15066;942;;395903;6696671;E;1;21;0;-1;KERAVANTIE X ALIKERAVANTIE              ;1;1;9;-1;;2;2;;10;100;74;3;0
8771507;1;148;1;4700;2;2017;12;2017-12-02 00:00:00;0;0;0;5560;ItÑ-Uudenmaan poliisilaitos;13;Lauantai;8;6;2;50;1;2;1;2;1;;245;Kerava;1;60;60;K;3;15066;942;;395924;6696653;E;1;0;0;-1;ALIKERAVANTIE                           ;1;1;9;-1;;2;2;;10;100;74;3;0
8506233;1;148;1;5161;1;2017;9;2017-09-03 00:00:00;0;1;2;5560;ItÑ-Uudenmaan poliisilaitos;15;Sunnuntai;49;4;2;80;0;1;1;2;1;;245;Kerava;1;60;60;E;3;15066;942;211;396183;6696277;E;1;16;4;-1;KERAVANTIE X LAHDENVéYLé                ;1;1;9;1;1974-06-30 00:00:00;1;2;80;10;100;74;3;0
8291346;1;148;1;5162;1;2017;4;2017-04-21 00:00:00;0;1;2;5560;ItÑ-Uudenmaan poliisilaitos;6;Perjantai;30;2;2;50;0;2;2;2;1;;245;Kerava;1;60;60;E;3;15066;942;211;396183;6696276;E;1;4;0;-1;KERAVANTIE X TIE 4                      ;1;1;9;1;1974-06-30 00:00:00;1;2;80;10;100;74;3;0
8771304;1;148;1;5178;2;2017;10;2017-10-25 00:00:00;0;0;0;5560;ItÑ-Uudenmaan poliisilaitos;7;Keskiviikko;30;2;2;60;0;2;4;2;1;;245;Kerava;1;60;60;E;3;15066;942;211;396198;6696280;E;1;1;4;-1;KERAVANTIE                              ;1;1;9;-1;;1;2;80;10;100;74;3;0
8460112;1;148;3;177;2;2017;8;2017-08-17 00:00:00;0;0;0;5560;ItÑ-Uudenmaan poliisilaitos;20;Torstai;5;3;3;60;0;1;1;1;1;;245;Kerava;1;60;60;E;3;6754;852;211;396470;6695991;E;1;18;4;-1;TIE 4 X KERAVANTIE                      ;1;1;-1;-1;;1;2;80;10;100;88;46;0
8617494;1;148;3;468;1;2017;11;2017-11-08 00:00:00;0;0;0;5560;ItÑ-Uudenmaan poliisilaitos;14;Keskiviikko;2;3;2;60;0;2;1;2;1;;245;Kerava;1;60;60;E;3;6754;852;168;396740;6695877;E;1;5;0;-1;                                        ;1;2;-1;1;1976-11-04 00:00:00;2;2;75;10;100;88;46;0
8291369;1;148;3;1850;0;2017;4;2017-04-27 00:00:00;1;0;1;5560;ItÑ-Uudenmaan poliisilaitos;11;Torstai;0;3;2;60;0;1;1;2;1;;753;Sipoo;1;60;60;E;3;4741;485;81;398061;6695670;E;1;8;0;-1;KERAVANTIE                              ;1;2;-1;1;1976-11-04 00:00:00;-1;1;75;10;100;88;46;0
8460427;1;148;3;4064;0;2017;8;2017-08-22 00:00:00;0;0;0;5560;ItÑ-Uudenmaan poliisilaitos;6;Tiistai;90;11;2;60;0;1;2;3;1;;753;Sipoo;1;80;80;E;3;4741;485;81;400133;6695006;E;1;13;0;-1;KERAVANTIE                              ;1;2;9;1;1976-11-04 00:00:00;-1;1;75;10;100;88;46;0
8506331;1;148;3;4911;0;2017;9;2017-09-25 00:00:00;0;0;0;5560;ItÑ-Uudenmaan poliisilaitos;23;Maanantai;90;10;2;80;0;-1;3;-1;1;;753;Sipoo;1;80;80;E;3;4741;485;81;400929;6694734;E;1;12;0;-1;KERAVANTIE                              ;1;2;-1;1;1976-11-04 00:00:00;-1;1;75;10;100;88;46;0
8771189;1;148;3;6450;0;2017;12;2017-12-01 00:00:00;0;0;0;5560;ItÑ-Uudenmaan poliisilaitos;1;Perjantai;80;1;1;80;0;2;4;2;1;;753;Sipoo;1;80;80;E;3;4741;485;81;402320;6694156;E;1;2;0;-1;KERAVANTIE                              ;1;2;-1;1;1976-11-04 00:00:00;2;1;75;10;100;88;46;0
8616367;1;148;4;1518;0;2017;11;2017-11-17 00:00:00;0;2;2;5560;ItÑ-Uudenmaan poliisilaitos;16;Perjantai;40;4;2;70;0;2;2;2;1;;753;Sipoo;4;70;70;E;3;5769;570;81;404030;6693288;E;1;4;3;-1;ôLJYTIE X BROBôLENTIE                   ;1;2;9;1;1976-11-04 00:00:00;2;1;75;10;100;98;72;0
8121338;1;148;4;2329;0;2017;2;2017-02-01 00:00:00;0;1;2;5560;ItÑ-Uudenmaan poliisilaitos;10;Keskiviikko;36;2;2;80;0;6;1;2;1;;753;Sipoo;1;80;80;E;3;4528;461;81;404840;6693311;E;1;-1;2;-1;ôLJYTIE X HAUTAMéKI 80                  ;1;2;-1;1;1976-01-01 00:00:00;-1;1;75;10;100;98;72;0
8119288;1;148;6;2419;0;2017;1;2017-01-07 00:00:00;0;0;0;5560;ItÑ-Uudenmaan poliisilaitos;12;Lauantai;81;1;1;80;0;4;1;5;1;;753;Sipoo;1;80;80;E;3;4223;457;81;410335;6692834;E;1;-4;0;-1;ôLJYTIE                                 ;1;2;-1;1;1976-01-01 00:00:00;-1;1;75;10;100;76;16;0
8506243;1;148;6;2432;0;2017;9;2017-09-06 00:00:00;0;1;2;5560;ItÑ-Uudenmaan poliisilaitos;7;Keskiviikko;90;11;2;80;0;1;1;1;1;;753;Sipoo;1;80;80;E;3;4223;457;81;410346;6692827;E;1;9;0;-1;ôLJYTIE                                 ;1;2;-1;1;1976-01-01 00:00:00;-1;1;75;10;100;76;16;0
8771109;1;148;6;5179;0;2017;12;2017-12-29 00:00:00;0;0;0;5560;ItÑ-Uudenmaan poliisilaitos;17;Perjantai;90;10;2;80;0;2;3;4;1;;638;Porvoo;1;80;80;E;3;4223;457;85;412713;6691577;E;1;2;0;-1;ôLJYTIE                                 ;1;2;-1;1;1976-01-01 00:00:00;-1;1;80;10;100;86;43;0
8413472;1;148;6;10051;0;2017;7;2017-07-29 00:00:00;0;1;2;5560;ItÑ-Uudenmaan poliisilaitos;21;Lauantai;6;7;2;60;0;1;1;1;1;;638;Porvoo;2;50;50;E;3;4103;645;133;416178;6688980;E;1;18;2;-1;NESTEENTIE X IVARSINTIE                 ;1;0;-1;4;;2;1;108;10;100;49;23;0
8506237;1;148;6;10269;0;2017;9;2017-09-20 00:00:00;0;0;0;5560;ItÑ-Uudenmaan poliisilaitos;8;Keskiviikko;30;2;2;60;0;1;1;1;1;;638;Porvoo;1;60;60;E;3;4103;645;113;416186;6688763;E;1;8;2;-1;NESTEENTIE                              ;1;0;-1;4;;2;1;108;10;100;49;23;0
8120023;1;152;1;3023;0;2017;1;2017-01-19 00:00:00;0;0;0;5560;ItÑ-Uudenmaan poliisilaitos;17;Torstai;99;13;4;60;0;2;4;1;1;;92;Vantaa;1;60;60;E;3;13105;1006;83;392394;6691665;E;1;2;0;-1;KULOMéENTIE                             ;1;1;9;1;1987-04-01 00:00:00;1;1;78;10;93;43;10;0
8130250;1;152;1;3929;0;2017;3;2017-03-28 00:00:00;0;2;2;5560;ItÑ-Uudenmaan poliisilaitos;4;Tiistai;50;4;2;60;0;1;4;1;1;;92;Vantaa;1;60;60;E;3;13105;1006;83;393281;6691597;E;1;3;2;-1;KULOMéENTIE X KULOTIE                   ;1;1;9;1;1987-04-01 00:00:00;1;1;78;10;93;43;10;0
8617818;1;152;1;4029;0;2017;11;2017-11-24 00:00:00;0;0;0;5560;ItÑ-Uudenmaan poliisilaitos;10;Perjantai;14;13;2;50;1;2;1;2;1;;92;Vantaa;1;60;60;K;3;13105;1006;83;393379;6691583;E;1;5;0;-1;KULOMéENTIE                             ;1;1;9;1;1987-04-01 00:00:00;1;1;78;10;93;43;10;0
8771637;1;152;1;5277;0;2017;12;2017-12-13 00:00:00;0;1;2;5560;ItÑ-Uudenmaan poliisilaitos;20;Keskiviikko;69;9;2;50;1;2;4;4;2;;92;Vantaa;6;50;50;K;3;13105;1006;81;394577;6691382;E;1;-1;0;-1;KULOMéENTIE                             ;1;1;9;4;1996-12-01 00:00:00;1;1;75;10;93;43;10;0
8506445;1;152;1;5314;0;2017;9;2017-09-27 00:00:00;0;1;2;5560;ItÑ-Uudenmaan poliisilaitos;11;Keskiviikko;6;6;2;50;1;1;1;2;1;;92;Vantaa;6;50;50;K;3;13105;1006;81;394614;6691380;E;1;13;4;-1;KULOMéENTIE                             ;1;1;9;4;1996-12-01 00:00:00;1;1;75;10;93;43;10;0
8121226;1;152;1;5508;0;2017;2;2017-02-13 00:00:00;0;0;0;5560;ItÑ-Uudenmaan poliisilaitos;17;Maanantai;8;6;2;50;1;2;1;1;1;;92;Vantaa;6;50;50;K;3;13105;1006;81;394806;6691374;E;1;5;4;-1;KULOMéENTIE                             ;1;1;9;4;1996-12-01 00:00:00;1;1;75;10;93;43;10;0
8291890;1;152;1;5578;0;2017;4;2017-04-29 00:00:00;0;0;0;5560;ItÑ-Uudenmaan poliisilaitos;6;Lauantai;80;1;1;50;1;1;1;1;1;;92;Vantaa;6;50;50;K;3;13105;1006;81;394872;6691354;E;1;2;0;-1;KULOMéENTIE                             ;1;1;9;4;1996-12-01 00:00:00;1;1;75;10;93;43;10;0
8506508;1;152;1;5914;0;2017;9;2017-09-19 00:00:00;0;0;0;5560;ItÑ-Uudenmaan poliisilaitos;2;Tiistai;86;1;1;60;0;1;4;2;1;;92;Vantaa;6;50;50;E;3;13105;1006;141;395192;6691286;E;1;8;0;-1;KULOMéENTIE X MURMELIKUJA               ;1;1;9;4;2004-10-05 00:00:00;1;1;120;10;93;43;10;0
8616535;1;152;1;5956;0;2017;11;2017-11-08 00:00:00;0;0;0;5560;ItÑ-Uudenmaan poliisilaitos;5;Keskiviikko;86;1;1;50;1;2;4;2;1;;92;Vantaa;1;50;60;K;3;13105;1006;141;395234;6691282;E;1;0;4;-1;SATURNUKSENKUJA                         ;1;1;9;4;2004-10-05 00:00:00;1;1;120;10;93;43;10;0