accidentId;roadmain;road;rseg;rdist;rway;year;month;day;dead;injr;severlvl;poldis;disname;hour;wkday;acctype;acclass;partnum;spdlim;urbmrk;surface;brightness;weather;accloc;roadnum;municipality;munidesc;spdtype;spddiropp;spddirmeas;Urban;roadtype;avg;hevavg;rwid;X;Y;roadwork;pavement;temperature;intersection;railroad;address;privacy;wintmaint;Tienverkas;action;Luovpvm;lightown;cross-sec;coatwidth;roadcoat;vision150;vision300;vision460;frameroad
8297021;1;152;1;6210;2;2017;5;2017-05-04 00:00:00;0;0;0;5560;ItÑ-Uudenmaan poliisilaitos;16;Torstai;52;4;2;60;0;1;1;1;1;;92;Vantaa;1;60;60;E;3;13105;1006;156;395493;6691257;E;1;15;2;-1;KULOMéENTIE                             ;1;1;9;-1;;1;2;95;10;93;43;10;0
8291429;1;152;1;6594;1;2017;4;2017-04-24 00:00:00;0;1;2;5560;ItÑ-Uudenmaan poliisilaitos;14;Maanantai;35;8;2;60;0;1;1;2;2;;92;Vantaa;1;60;60;E;3;11567;541;156;395923;6691237;E;1;6;2;-1;KULOMéENTIE                             ;1;1;9;1;1974-06-30 00:00:00;1;2;72;10;99;67;16;0
8505695;1;152;1;7130;0;2017;9;2017-09-20 00:00:00;0;0;0;5560;ItÑ-Uudenmaan poliisilaitos;8;Keskiviikko;20;5;2;50;1;2;1;1;6;;92;Vantaa;4;50;50;K;3;11567;541;91;396462;6691341;E;1;8;0;-1;KULOMéENTIE                             ;1;1;9;1;1979-06-30 00:00:00;1;1;75;10;99;67;16;0
8296614;1;162;1;5853;0;2017;5;2017-05-20 00:00:00;0;1;2;5560;ItÑ-Uudenmaan poliisilaitos;2;Lauantai;86;1;1;80;0;1;3;1;1;;616;Pukkila;-1;-1;-1;E;3;1470;90;81;417798;6720265;E;1;18;2;-1;HANNULANTIE X MéNTSéLéNTIE              ;1;3;-1;2;1983-01-01 00:00:00;-1;1;75;10;85;39;16;0
8296412;1;162;4;2711;0;2017;5;2017-05-08 00:00:00;0;1;2;5560;ItÑ-Uudenmaan poliisilaitos;18;Maanantai;84;1;1;80;0;1;1;2;1;;616;Pukkila;-1;-1;-1;E;3;1173;106;78;425293;6723854;E;1;6;0;-1;MYRSKYLéNTIE                            ;1;3;-1;2;1985-02-16 00:00:00;-1;1;75;10;100;63;18;0
8771064;1;162;5;6942;0;2017;12;2017-12-27 00:00:00;0;1;2;5560;ItÑ-Uudenmaan poliisilaitos;11;Keskiviikko;80;1;1;80;0;5;1;2;1;;504;MyrskylÑ;-1;-1;-1;E;3;848;82;81;433776;6726351;E;1;3;0;-1;PUKKILANTIE                             ;1;5;-1;3;1984-01-01 00:00:00;-1;1;75;10;96;61;24;0
8296398;1;167;9;8180;0;2017;5;2017-05-04 00:00:00;1;1;1;5560;ItÑ-Uudenmaan poliisilaitos;15;Torstai;20;5;2;80;0;1;1;1;1;;504;MyrskylÑ;1;80;80;E;3;1424;126;71;436836;6727113;E;1;12;0;-1;ORIMATTILANTIE X YHDYSTIE               ;1;2;9;2;1981-01-01 00:00:00;-1;1;65;10;80;33;18;0
8412794;1;167;9;9161;0;2017;7;2017-07-27 00:00:00;0;1;2;5560;ItÑ-Uudenmaan poliisilaitos;10;Torstai;89;1;1;60;0;1;1;1;1;;504;MyrskylÑ;1;80;80;E;3;1424;126;71;436602;6726170;E;1;25;0;-1;ORIMATTILANTIE                          ;1;2;-1;2;1981-01-01 00:00:00;-1;1;65;10;80;33;18;0
8119517;1;167;12;943;0;2017;1;2017-01-03 00:00:00;0;1;2;5560;ItÑ-Uudenmaan poliisilaitos;13;Tiistai;85;1;1;70;0;4;1;5;1;;504;MyrskylÑ;1;70;70;E;3;789;109;71;437109;6723829;E;1;-5;0;-1;KOSKENKYLéNTIE                          ;1;2;-1;3;1981-01-01 00:00:00;-1;1;65;10;72;22;3;0
8506217;1;167;12;944;0;2017;9;2017-09-02 00:00:00;0;1;2;5560;ItÑ-Uudenmaan poliisilaitos;12;Lauantai;0;8;2;80;0;1;1;1;1;;504;MyrskylÑ;1;70;70;E;3;789;109;71;437109;6723828;E;1;18;0;-1;KOSKENKYLéNTIE 90                       ;1;2;-1;3;1981-01-01 00:00:00;-1;1;65;10;72;22;3;0
8119519;1;167;13;4671;0;2017;1;2017-01-27 00:00:00;0;0;0;5560;ItÑ-Uudenmaan poliisilaitos;11;Perjantai;90;10;2;80;0;1;3;2;1;;434;Loviisa;1;70;70;E;3;789;109;76;440700;6714960;E;1;-3;0;-1;MYRSKYLéNTIE                            ;1;2;-1;3;1980-02-16 00:00:00;-1;1;66;10;87;41;21;0
8564681;1;167;13;7575;0;2017;10;2017-10-14 00:00:00;0;2;2;5560;ItÑ-Uudenmaan poliisilaitos;15;Lauantai;80;1;1;60;0;2;1;4;1;;434;Loviisa;1;60;60;E;3;789;109;76;441637;6712351;E;1;8;0;-1;MYRSKYLéNTIE                            ;1;2;-1;3;1980-02-16 00:00:00;-1;1;66;10;87;41;21;0
8291443;1;167;13;7650;0;2017;4;2017-04-17 00:00:00;0;0;0;5560;ItÑ-Uudenmaan poliisilaitos;11;Maanantai;90;11;2;60;0;1;1;1;1;;434;Loviisa;1;60;60;E;3;789;109;76;441687;6712295;E;1;2;0;-1;MYRSKYLéNTIE                            ;1;2;-1;3;1980-02-16 00:00:00;-1;1;66;10;87;41;21;0
8410373;1;167;13;8051;0;2017;6;2017-06-14 00:00:00;0;1;2;5560;ItÑ-Uudenmaan poliisilaitos;16;Keskiviikko;80;1;1;60;0;1;1;1;1;;434;Loviisa;1;60;60;E;3;789;109;76;441976;6712020;E;1;19;0;-1;MYRSKYLéNTIE                            ;1;2;-1;3;1980-02-16 00:00:00;-1;1;66;10;87;41;21;0
8296220;1;167;15;437;0;2017;5;2017-05-31 00:00:00;1;0;1;5560;ItÑ-Uudenmaan poliisilaitos;18;Keskiviikko;20;5;2;60;0;1;1;2;1;;434;Loviisa;1;60;60;E;3;1184;217;76;442034;6711426;E;1;14;0;-1;TETOMINTIE                              ;1;2;-1;3;1980-02-16 00:00:00;-1;1;66;10;75;26;12;0
8616852;1;170;3;11;1;2017;11;2017-11-18 00:00:00;0;0;0;5500;Helsingin poliisilaitos;23;Lauantai;12;2;2;50;1;2;4;4;1;;91;Helsinki;1;60;60;K;3;15536;815;191;394027;6676588;E;1;3;4;-1;ITéVéYLé X MYLLYMESTARINTIE             ;1;0;9;-1;;1;2;90;10;95;61;26;0
8120448;1;170;3;17;1;2017;1;2017-01-29 00:00:00;0;0;0;5500;Helsingin poliisilaitos;15;Sunnuntai;96;13;2;50;1;2;1;4;1;;91;Helsinki;1;60;60;K;3;15536;815;191;394031;6676592;E;1;2;4;-1;MERIPELLONTIE X ITéVéYLé                ;1;1;9;-1;;1;2;90;10;95;61;26;0
8564701;1;170;3;26;1;2017;10;2017-10-20 00:00:00;0;1;2;5500;Helsingin poliisilaitos;16;Perjantai;61;9;2;60;0;1;1;1;2;;91;Helsinki;1;60;60;E;3;15536;815;191;394038;6676599;E;1;8;4;-1;MERIPELLONTIE X ITéVéYLé                ;1;0;9;-1;;1;2;90;10;95;61;26;0
8296303;1;170;3;50;2;2017;5;2017-05-23 00:00:00;0;1;2;5500;Helsingin poliisilaitos;21;Tiistai;86;1;1;50;1;1;1;2;1;;91;Helsinki;1;60;60;K;3;15536;815;191;394048;6676631;E;1;19;4;-1;MYLLYMESTARINTIE X ITéVéYLé             ;1;0;9;-1;;1;2;90;10;95;61;26;0
8297292;1;170;3;1328;1;2017;5;2017-05-17 00:00:00;0;0;0;5500;Helsingin poliisilaitos;17;Keskiviikko;4;3;2;60;1;1;1;1;1;;91;Helsinki;1;60;60;K;3;15536;815;191;395123;6677375;E;1;9;2;-1;ITéVéYLé                                ;1;0;9;-1;;1;2;90;10;95;61;26;0
8120784;1;170;3;1540;1;2017;2;2017-02-28 00:00:00;0;0;0;5500;Helsingin poliisilaitos;16;Tiistai;8;6;2;60;1;2;1;2;1;;91;Helsinki;1;60;60;K;3;15536;815;191;395279;6677529;E;1;4;0;-1;ITéVéYLé VARTIOHARJUNTIE                ;1;1;9;-1;;1;2;90;10;95;61;26;0
8291365;1;170;3;1944;1;2017;4;2017-04-23 00:00:00;0;3;2;5500;Helsingin poliisilaitos;20;Sunnuntai;19;2;3;60;1;1;1;2;1;;91;Helsinki;1;60;60;K;3;15536;815;97;395566;6677816;E;1;7;0;-1;ITéVéYLé X LINNAVUORENTIE               ;1;1;2;-1;;1;2;44;10;95;61;26;0
8460120;1;170;3;1954;1;2017;8;2017-08-04 00:00:00;0;0;0;5500;Helsingin poliisilaitos;17;Perjantai;8;6;2;60;0;1;1;1;1;;91;Helsinki;1;60;60;E;3;15536;815;97;395572;6677823;E;1;18;4;-1;ITéVéYLé X LINNAVUORENTIE               ;1;0;2;-1;;1;2;44;10;95;61;26;0
8121170;1;170;3;2482;1;2017;2;2017-02-07 00:00:00;0;0;0;5500;Helsingin poliisilaitos;14;Tiistai;8;6;4;60;1;6;1;1;1;;91;Helsinki;1;60;60;K;3;15536;815;97;395938;6678198;E;1;-10;0;-1;ITéVéYLé X LINNANPAJANKUJA              ;1;1;2;-1;;1;2;44;10;95;61;26;0
8410310;1;170;3;2679;1;2017;6;2017-06-10 00:00:00;0;0;0;5500;Helsingin poliisilaitos;20;Lauantai;6;6;2;40;1;1;1;1;1;;91;Helsinki;1;60;60;K;3;15536;815;97;396073;6678339;K;1;20;0;-1;LéNSIMéENTIE                            ;1;0;2;-1;;1;2;44;10;95;61;26;0
8505635;1;170;3;3030;1;2017;9;2017-09-25 00:00:00;0;0;0;5500;Helsingin poliisilaitos;18;Maanantai;8;6;2;40;1;1;1;1;1;;91;Helsinki;1;60;60;K;3;15536;815;97;396319;6678585;E;1;18;4;-1;MELLUNMéENTIE X ITéVéYLé                ;1;0;2;3;2008-06-17 00:00:00;1;2;44;10;95;61;26;0
8119923;1;170;3;3353;1;2017;1;2017-01-09 00:00:00;0;0;0;5500;Helsingin poliisilaitos;13;Maanantai;86;1;1;50;0;5;1;1;1;;91;Helsinki;1;60;60;E;3;15536;815;97;396575;6678775;E;1;1;4;-1;ITéVéYLé X KALLVIKINTIE                 ;1;1;-1;3;2008-06-17 00:00:00;1;2;44;10;95;61;26;0
8410295;1;170;3;3361;1;2017;6;2017-06-28 00:00:00;0;0;0;5500;Helsingin poliisilaitos;16;Keskiviikko;30;2;2;60;0;1;1;1;1;;91;Helsinki;1;60;60;E;3;15536;815;97;396581;6678781;E;1;20;4;-1;ITéVéYLé X KALLVIKINTIE                 ;1;0;-1;3;2008-06-17 00:00:00;1;2;44;10;95;61;26;0
8506464;1;170;3;3635;0;2017;9;2017-09-28 00:00:00;0;0;0;5500;Helsingin poliisilaitos;7;Torstai;90;10;2;60;0;2;3;4;1;;91;Helsinki;1;60;60;E;3;12748;497;96;396698;6679024;E;1;9;0;-1;ITéVéYLé                                ;1;0;-1;3;2008-06-17 00:00:00;1;1;87;10;95;61;26;0
8506097;1;170;3;4024;0;2017;9;2017-09-21 00:00:00;0;3;2;5500;Helsingin poliisilaitos;17;Torstai;29;5;4;60;0;1;1;2;1;;92;Vantaa;1;60;60;E;3;12748;497;96;396832;6679386;E;1;14;0;-1;ITéVéYLé                                ;1;0;-1;3;1988-01-01 00:00:00;1;1;87;10;95;61;26;0
8459998;1;170;3;4099;0;2017;8;2017-08-20 00:00:00;0;0;0;5500;Helsingin poliisilaitos;15;Sunnuntai;89;1;1;60;0;1;1;1;1;;92;Vantaa;1;60;60;E;3;12748;497;96;396859;6679455;E;1;20;0;-1;ITéVéYLé                                ;1;0;-1;3;1989-01-01 00:00:00;1;1;87;10;95;61;26;0
8459999;1;170;3;4385;0;2017;8;2017-08-08 00:00:00;1;1;1;5500;Helsingin poliisilaitos;15;Tiistai;29;5;2;60;0;1;1;1;1;;92;Vantaa;1;60;60;E;3;12748;497;96;396988;6679707;E;1;20;0;-1;ITéVéYLé                                ;1;0;-1;1;;1;1;87;10;95;61;26;0
8121235;1;170;3;5198;1;2017;2;2017-02-22 00:00:00;0;0;0;5500;Helsingin poliisilaitos;21;Keskiviikko;83;1;1;60;0;6;4;5;1;;92;Vantaa;1;60;60;E;3;12748;497;131;397539;6680052;E;1;-2;0;-1;ITéVéYLé X VUOSAAREN SATAMATIE          ;1;1;-1;1;;1;2;22;10;95;61;26;0
8771024;1;170;3;5848;0;2017;12;2017-12-02 00:00:00;0;0;0;5500;Helsingin poliisilaitos;16;Lauantai;6;6;2;60;0;2;4;2;1;;92;Vantaa;1;60;60;E;3;6529;377;96;398092;6680510;E;1;5;0;-1;UUSI PORVOONTIE                         ;1;2;9;-1;;1;1;87;10;88;51;18;0
8506336;1;170;5;43;0;2017;9;2017-09-05 00:00:00;0;0;0;5500;Helsingin poliisilaitos;19;Tiistai;42;8;2;50;1;1;1;1;2;;91;Helsinki;1;60;60;K;3;6529;377;96;398891;6680785;E;1;14;2;-1;KRAPUNTIEN X UUSI PORVOONTIE            ;1;2;9;3;1989-01-01 00:00:00;1;1;83;10;85;43;18;0
8566560;1;170;5;802;0;2017;10;2017-10-31 00:00:00;1;0;1;5500;Helsingin poliisilaitos;1;Tiistai;81;1;1;60;0;1;4;1;1;;91;Helsinki;1;60;60;E;3;6529;377;96;399609;6681029;E;1;-1;0;-1;UUSI PORVOONTIE                         ;1;2;9;-1;;1;1;83;10;85;43;18;0
8121229;1;170;5;1277;0;2017;2;2017-02-20 00:00:00;0;0;0;5500;Helsingin poliisilaitos;19;Maanantai;80;1;1;60;0;6;4;5;1;;91;Helsinki;1;60;60;E;3;6529;377;96;400028;6681252;E;1;-1;0;-1;UUSI PORVOONTIE                         ;1;2;-1;-1;;1;1;83;10;85;43;18;0
8564683;1;170;5;5408;0;2017;10;2017-10-11 00:00:00;1;0;1;5560;ItÑ-Uudenmaan poliisilaitos;19;Keskiviikko;84;1;1;60;0;2;4;2;1;;753;Sipoo;1;60;60;E;3;5656;314;96;404017;6681929;E;1;8;0;-1;UUSI PORVOONTIE                         ;1;2;9;-1;;1;1;83;10;85;43;18;0
8771704;1;170;6;2715;0;2017;12;2017-12-06 00:00:00;0;1;2;5560;ItÑ-Uudenmaan poliisilaitos;1;Keskiviikko;81;1;1;60;0;6;4;2;1;;753;Sipoo;1;60;60;E;3;5656;314;96;406440;6684949;E;1;-1;0;-1;UUSI PORVOONTIE X HITèNTIE              ;1;2;1;-1;;1;1;83;10;98;70;42;0
8617314;1;170;6;3828;0;2017;11;2017-11-24 00:00:00;0;0;0;5560;ItÑ-Uudenmaan poliisilaitos;20;Perjantai;40;4;2;50;1;2;3;2;1;;753;Sipoo;1;50;50;K;3;5656;314;96;407301;6685643;E;1;8;3;-1;UUSI PORVOONTIE 1112-1124,1111-1123     ;1;2;1;3;1981-06-30 00:00:00;2;1;83;10;98;70;42;0
8412824;1;170;6;3903;0;2017;7;2017-07-30 00:00:00;0;0;0;5560;ItÑ-Uudenmaan poliisilaitos;17;Sunnuntai;40;4;2;50;0;1;1;1;1;;753;Sipoo;1;50;50;E;3;5803;333;96;407363;6685685;E;1;24;3;-1;UUSI PORVOONTIE X ERIKSNéSINTIE         ;1;2;1;3;1981-06-30 00:00:00;2;1;83;10;98;70;42;0
8130002;1;170;6;5486;0;2017;3;2017-03-03 00:00:00;0;1;2;5560;ItÑ-Uudenmaan poliisilaitos;19;Perjantai;82;1;1;50;1;4;4;5;1;;753;Sipoo;4;60;60;K;3;5803;333;96;408914;6685590;E;1;0;0;-1;UUSI PORVOONTIE                         ;1;2;1;-1;;2;1;83;10;98;70;42;0
8564919;1;170;8;392;0;2017;10;2017-10-16 00:00:00;0;0;0;5560;ItÑ-Uudenmaan poliisilaitos;20;Maanantai;90;10;2;80;0;2;4;2;1;;753;Sipoo;1;80;80;E;3;1925;178;96;411329;6687451;E;1;7;0;-1;UUSI PORVOONTIE                         ;1;3;9;-1;;2;1;83;10;100;87;61;0
8120633;1;170;8;2434;0;2017;1;2017-01-12 00:00:00;0;0;0;5560;ItÑ-Uudenmaan poliisilaitos;7;Torstai;90;11;2;80;0;-1;2;-1;1;;753;Sipoo;1;80;80;E;3;1925;178;96;413055;6688536;E;1;-3;0;-1;HELSINGINTIE                            ;1;3;-1;-1;;-1;1;83;10;100;87;61;0
8119782;1;170;8;4133;0;2017;1;2017-01-18 00:00:00;0;1;2;5560;ItÑ-Uudenmaan poliisilaitos;12;Keskiviikko;80;1;1;80;0;2;1;2;1;;638;Porvoo;1;80;80;E;3;1925;178;96;414485;6689452;E;1;1;0;-1;HELSINGINTIE                            ;1;3;-1;-1;;2;1;83;10;100;87;61;0
8410306;1;170;9;2567;0;2017;6;2017-06-06 00:00:00;0;1;2;5560;ItÑ-Uudenmaan poliisilaitos;15;Tiistai;3;3;2;60;0;1;1;1;1;;638;Porvoo;1;80;80;E;3;4152;326;96;419394;6692509;K;1;20;0;-1;HELSINGINTIE X KARLEBYNKANTTI           ;1;2;9;-1;;2;1;88;10;99;72;19;0
8291820;1;170;10;624;0;2017;4;2017-04-11 00:00:00;0;1;2;5560;ItÑ-Uudenmaan poliisilaitos;16;Tiistai;20;5;2;80;0;1;1;1;1;;638;Porvoo;1;80;80;E;3;4836;272;96;421464;6693580;E;1;10;0;-1;HELSINGINTIE                            ;1;2;-1;-1;;2;1;88;10;96;79;50;0
8130180;1;170;10;908;0;2017;3;2017-03-26 00:00:00;0;0;0;5560;ItÑ-Uudenmaan poliisilaitos;5;Sunnuntai;89;1;1;80;0;6;3;2;1;;638;Porvoo;1;80;80;E;3;4836;272;96;421740;6693647;E;1;-1;0;-1;HELSINGINTIE                            ;1;2;-1;-1;;2;1;88;10;96;79;50;0
8506263;1;170;10;2317;0;2017;8;2017-08-20 00:00:00;0;1;2;5560;ItÑ-Uudenmaan poliisilaitos;14;Sunnuntai;41;8;3;60;1;1;1;1;1;;638;Porvoo;1;60;60;K;3;4836;272;96;423046;6694170;E;1;21;2;-1;MARJAPOLKU X HELSINGINTIE               ;1;2;9;-1;;2;1;88;10;96;79;50;0
8412864;1;170;10;3328;0;2017;7;2017-07-10 00:00:00;0;1;2;5560;ItÑ-Uudenmaan poliisilaitos;18;Maanantai;40;4;2;60;0;1;1;1;1;;638;Porvoo;1;60;60;E;3;4836;272;96;423903;6694698;E;1;23;3;-1;ALKROGINTIE X HELSINGINTIE              ;1;2;9;-1;;2;1;88;10;96;79;50;0
8121122;1;170;10;4764;1;2017;2;2017-02-05 00:00:00;0;0;0;5560;ItÑ-Uudenmaan poliisilaitos;19;Sunnuntai;4;13;3;60;1;7;4;2;1;;638;Porvoo;1;60;60;K;3;18327;267;205;424844;6695676;E;1;-5;0;-1;LéNTINEN MANNERHEIMINVéYLé              ;1;1;2;3;1981-01-01 00:00:00;2;2;100;10;96;79;50;0
8506235;1;170;10;6038;0;2017;9;2017-09-30 00:00:00;0;1;2;5560;ItÑ-Uudenmaan poliisilaitos;15;Lauantai;8;7;2;40;1;1;1;2;1;;638;Porvoo;1;40;40;K;3;;;70;426115;6696026;E;1;11;4;-1;MANNERHEIMINKATU                        ;3;2;9;-1;;-1;1;;-1;96;79;50;0
8291647;1;170;10;6078;0;2017;2;2017-02-25 00:00:00;0;0;0;5560;ItÑ-Uudenmaan poliisilaitos;17;Lauantai;30;2;2;40;0;6;1;1;1;;638;Porvoo;1;40;40;E;3;;;70;426161;6696046;E;1;-4;0;-1;MANNERHEIMINKATU X VéLIKATU             ;3;2;9;-1;;-1;1;;-1;96;79;50;0
8460181;1;170;11;3248;0;2017;8;2017-08-20 00:00:00;0;0;0;5560;ItÑ-Uudenmaan poliisilaitos;22;Sunnuntai;90;10;2;60;0;1;4;2;1;;638;Porvoo;1;60;60;E;3;5493;273;101;428513;6698224;E;1;17;2;-1;LOVIISANTIE X SKARPENSINTIE             ;1;2;9;3;1954-06-30 00:00:00;2;1;95;10;99;59;34;0
8506156;1;170;11;6407;0;2017;9;2017-09-29 00:00:00;0;0;0;5560;ItÑ-Uudenmaan poliisilaitos;7;Perjantai;90;10;2;80;0;1;1;2;1;;638;Porvoo;1;80;80;E;3;2420;70;91;430001;6700885;E;1;6;0;-1;LOVIISANTIE                             ;1;3;-1;3;1954-06-30 00:00:00;-1;1;80;10;91;43;6;0
8120777;1;170;16;860;0;2017;2;2017-02-21 00:00:00;0;0;0;5560;ItÑ-Uudenmaan poliisilaitos;1;Tiistai;84;1;1;80;0;4;4;5;1;;434;Loviisa;1;80;60;E;3;1332;107;81;442842;6707344;E;1;-1;0;-1;LOVIISANTIE                             ;1;3;-1;1;1998-10-20 00:00:00;1;1;70;10;88;62;35;0
8771706;1;170;16;2888;0;2017;12;2017-12-24 00:00:00;0;2;2;5560;ItÑ-Uudenmaan poliisilaitos;5;Sunnuntai;83;1;1;80;0;6;3;1;1;;434;Loviisa;1;80;80;E;3;1332;107;81;444496;6706253;E;1;-1;0;-1;VALTATIE 170                            ;1;3;-1;1;1998-10-20 00:00:00;-1;1;78;10;88;62;35;0
8616626;1;170;17;2804;0;2017;11;2017-11-02 00:00:00;0;1;2;5560;ItÑ-Uudenmaan poliisilaitos;8;Torstai;90;11;2;80;0;1;1;1;1;;434;Loviisa;1;80;80;E;3;1332;107;81;449637;6702549;E;1;-2;0;-1;LOVIISANTIE                             ;1;3;-1;2;1954-06-30 00:00:00;-1;1;78;10;92;52;21;0
8506125;1;170;19;285;0;2017;9;2017-09-25 00:00:00;0;1;2;5560;ItÑ-Uudenmaan poliisilaitos;21;Maanantai;30;7;2;60;0;1;4;1;1;;434;Loviisa;1;60;60;E;3;7434;568;126;455924;6702553;E;1;12;1;-1;HELSINGINTIE X INSINôôRINKATU           ;1;2;2;2;1973-06-30 00:00:00;2;1;100;10;94;57;31;0
8771176;1;170;19;943;0;2017;12;2017-12-01 00:00:00;0;1;2;5560;ItÑ-Uudenmaan poliisilaitos;16;Perjantai;61;9;2;60;0;2;1;6;2;;434;Loviisa;1;60;60;E;3;7434;568;126;456459;6702198;E;1;2;2;-1;HELSINGINTIE                            ;1;2;2;2;1973-06-30 00:00:00;2;1;100;10;94;57;31;0
8119580;1;170;19;947;0;2017;1;2017-01-17 00:00:00;0;0;0;5560;ItÑ-Uudenmaan poliisilaitos;18;Tiistai;40;4;2;60;0;6;3;1;1;;434;Loviisa;1;60;60;E;3;7434;568;126;456463;6702197;E;1;-5;2;-1;VALKONTIE X HELSINGINTIE                ;1;2;2;2;1973-06-30 00:00:00;2;1;100;10;94;57;31;0
8411162;1;170;21;6209;0;2017;6;2017-06-12 00:00:00;0;0;0;5560;ItÑ-Uudenmaan poliisilaitos;9;Maanantai;90;11;2;50;0;-1;1;-1;1;;434;Loviisa;1;50;50;E;3;604;44;;468224;6706635;E;1;11;0;-1;PIETARINTIE                             ;1;1;-1;-1;;-1;1;;10;;;;0
8460059;1;176;1;2838;0;2017;8;2017-08-12 00:00:00;0;1;2;5560;ItÑ-Uudenmaan poliisilaitos;21;Lauantai;80;7;1;50;0;2;3;4;1;;434;Loviisa;4;50;50;E;3;2240;134;71;455592;6705416;E;1;19;0;-1;LAPINJéRVENTIE 267                      ;1;2;9;2;1974-06-30 00:00:00;2;1;65;10;85;35;17;0
8616578;1;178;1;122;0;2017;11;2017-11-23 00:00:00;0;0;0;5560;ItÑ-Uudenmaan poliisilaitos;16;Torstai;53;4;2;50;1;5;1;6;1;;434;Loviisa;4;50;50;K;3;3332;234;106;456499;6702081;E;1;0;2;-1;VALKONTIE X KIRKKOMIEHENNIITTY          ;1;2;9;1;1973-06-30 00:00:00;2;1;95;10;99;96;52;0
8129966;1;178;1;1610;0;2017;3;2017-03-02 00:00:00;0;1;2;5560;ItÑ-Uudenmaan poliisilaitos;20;Torstai;12;2;3;60;0;2;4;2;1;;434;Loviisa;-1;-1;-1;E;3;3332;234;106;456864;6700659;E;1;2;3;-1;VALKONTIE X ANTINKYLéNTIE               ;1;2;9;1;1973-06-30 00:00:00;2;1;95;10;99;96;52;0
8120987;1;186;10;6115;0;2017;2;2017-02-01 00:00:00;0;0;0;5530;LÑnsi-Uudenmaan poliisilaitos;8;Keskiviikko;90;10;2;80;0;5;2;5;1;;710;Raasepori;1;80;100;E;3;1526;129;81;321533;6674391;E;1;-1;0;-1;SALONTIE                                ;1;3;-1;1;1968-06-30 00:00:00;-1;1;75;10;100;53;33;0
8771220;1;186;10;7210;0;2017;12;2017-12-03 00:00:00;0;0;0;5530;LÑnsi-Uudenmaan poliisilaitos;21;Sunnuntai;90;10;2;80;0;-1;3;-1;1;;710;Raasepori;1;80;100;E;3;1526;129;81;322436;6673818;E;1;1;0;-1;TIE 186                                 ;1;3;-1;1;1968-06-30 00:00:00;-1;1;75;10;100;53;33;0
8617523;1;186;12;2630;0;2017;11;2017-11-28 00:00:00;0;0;0;5530;LÑnsi-Uudenmaan poliisilaitos;17;Tiistai;13;2;2;80;0;5;2;6;1;;710;Raasepori;1;80;80;E;3;1526;129;81;324436;6672064;E;1;1;0;-1;SALONTIE 224                            ;1;3;9;2;1986-01-01 00:00:00;-1;1;75;10;100;74;33;0
8459929;1;186;12;4080;0;2017;8;2017-08-14 00:00:00;0;0;0;5530;LÑnsi-Uudenmaan poliisilaitos;13;Maanantai;95;1;1;80;0;1;1;1;1;;710;Raasepori;1;80;80;E;3;1526;129;124;324900;6670740;E;1;22;0;-1;TIE 186                                 ;1;3;-1;2;1986-01-01 00:00:00;-1;1;110;10;100;74;33;0
8413570;1;280;2;3979;0;2017;7;2017-07-14 00:00:00;0;1;2;5530;LÑnsi-Uudenmaan poliisilaitos;7;Perjantai;80;1;1;80;0;1;1;1;1;;444;Lohja;-1;-1;-1;E;3;2123;137;74;336311;6702987;E;1;17;0;-1;SOMERONTIE 610-620                      ;1;3;-1;-1;;-1;1;70;10;90;64;42;0
8617066;1;280;2;4005;0;2017;11;2017-11-28 00:00:00;0;0;0;5530;LÑnsi-Uudenmaan poliisilaitos;11;Tiistai;90;10;2;80;0;-1;1;-1;1;;444;Lohja;-1;-1;-1;E;3;2123;137;74;336294;6703006;E;1;2;0;-1;SOMERONTIE                              ;1;3;-1;-1;;-1;1;70;10;90;64;42;0
8119602;1;280;3;712;0;2017;1;2017-01-13 00:00:00;0;0;0;5530;LÑnsi-Uudenmaan poliisilaitos;17;Perjantai;90;10;2;80;0;5;3;5;1;;444;Lohja;-1;-1;-1;E;3;2171;146;74;335358;6704029;E;1;-1;0;-1;SOMERONTIE                              ;1;3;-1;-1;;-1;1;70;10;89;56;23;0
8617783;1;280;3;5093;0;2017;11;2017-11-14 00:00:00;0;0;0;5530;LÑnsi-Uudenmaan poliisilaitos;23;Tiistai;83;1;1;60;0;2;3;2;1;;444;Lohja;4;60;60;E;3;2171;146;74;331902;6706385;E;1;-1;0;-1;SOMERONTIE                              ;1;3;-1;-1;;-1;1;70;10;89;56;23;0