accidentId;roadmain;road;rseg;rdist;rway;year;month;day;dead;injr;severlvl;poldis;disname;hour;wkday;acctype;acclass;partnum;spdlim;urbmrk;surface;brightness;weather;accloc;roadnum;municipality;munidesc;spdtype;spddiropp;spddirmeas;Urban;roadtype;avg;hevavg;rwid;X;Y;roadwork;pavement;temperature;intersection;railroad;address;privacy;wintmaint;Tienverkas;action;Luovpvm;lightown;cross-sec;coatwidth;roadcoat;vision150;vision300;vision460;frameroad
8297036;1;21531;129;153;0;2017;5;2017-05-22 00:00:00;0;1;2;5530;LÑnsi-Uudenmaan poliisilaitos;18;Maanantai;83;1;1;50;1;1;1;1;8;;49;Espoo;-1;-1;-1;K;2;10288;151;66;375379;6671896;E;1;20;0;-1;LéNSIVéYLé                              ;1;1;9;1;;1;1;60;10;;;;0
8617537;1;21531;316;478;0;2017;11;2017-11-15 00:00:00;0;0;0;5530;LÑnsi-Uudenmaan poliisilaitos;13;Keskiviikko;6;6;2;80;0;2;1;2;1;;49;Espoo;-1;-1;-1;E;2;9489;254;45;375077;6672043;E;1;3;5;-1;KEHé II X TIE 51                        ;1;1;9;1;;-1;1;65;10;;;;0
8771311;1;21532;45;25;0;2017;12;2017-12-01 00:00:00;0;0;0;5530;LÑnsi-Uudenmaan poliisilaitos;22;Perjantai;83;1;1;80;0;5;4;6;8;;49;Espoo;-1;-1;-1;E;2;3635;194;53;372563;6671456;E;1;1;0;-1;LéNSIVéYLé X SUOMENOJA                  ;1;1;9;-1;;-1;1;53;10;;;;0
8411103;1;21533;78;147;0;2017;6;2017-06-13 00:00:00;0;0;0;5530;LÑnsi-Uudenmaan poliisilaitos;7;Tiistai;80;1;1;50;0;-1;1;-1;8;;49;Espoo;-1;-1;-1;E;2;1112;;53;370393;6670671;E;1;12;0;-1;SOUKANVéYLé X KIVENLAHDENTIE            ;1;1;9;1;1969-06-30 00:00:00;1;1;53;10;;;;0
8564596;1;21549;1;11;0;2017;10;2017-10-02 00:00:00;0;0;0;5530;LÑnsi-Uudenmaan poliisilaitos;8;Maanantai;3;3;2;60;0;1;1;2;8;;444;Lohja;-1;-1;-1;E;1;;;75;340633;6685142;E;1;8;0;-1;LOHJANHARJUNTIE                         ;1;1;9;-1;;-1;1;90;10;;;;0
8120108;1;21549;1;119;0;2017;1;2017-01-16 00:00:00;0;0;0;5530;LÑnsi-Uudenmaan poliisilaitos;17;Maanantai;49;4;2;40;0;4;3;1;8;;444;Lohja;-1;-1;-1;E;1;;;75;340613;6685200;E;1;-3;2;-1;TIE 25 X LEHMIJéRVENTIE                 ;1;1;9;-1;;-1;1;90;10;;;;0
8291687;1;21549;1;159;0;2017;4;2017-04-21 00:00:00;0;0;0;5530;LÑnsi-Uudenmaan poliisilaitos;16;Perjantai;19;2;2;50;0;1;1;1;8;;444;Lohja;-1;-1;-1;E;1;;;75;340597;6685161;E;1;9;2;-1;LOHJANHARJUNTIE X TIE 25 KIERTOLIITTYMé ;1;1;9;-1;;-1;1;90;10;;;;0
8130037;1;21560;45;64;0;2017;3;2017-03-16 00:00:00;0;0;0;5530;LÑnsi-Uudenmaan poliisilaitos;13;Torstai;99;13;3;60;0;1;1;1;8;;710;Raasepori;1;-1;80;E;1;823;26;66;301536;6654750;E;1;8;0;-1;RIKSVéG 25, FORMANSALL'EN          16.04;1;1;9;1;;1;1;60;10;;;;0
8617114;1;21581;12;18;0;2017;11;2017-11-27 00:00:00;0;1;2;5560;ItÑ-Uudenmaan poliisilaitos;15;Maanantai;41;8;2;50;1;1;1;1;2;;92;Vantaa;-1;-1;-1;K;2;2554;315;76;386261;6686039;E;1;5;2;-1;PAKKALANTIE                             ;1;1;-1;-1;;-1;1;70;10;;;;0
8291783;1;21586;23;16;0;2017;4;2017-04-25 00:00:00;0;0;0;5500;Helsingin poliisilaitos;19;Tiistai;52;4;2;50;1;2;1;4;8;;91;Helsinki;-1;-1;50;K;2;2510;156;71;390133;6684728;E;1;3;2;-1;SUUTARILANTIE X KEHé III ITééN          ;1;1;9;1;2005-08-16 00:00:00;1;1;65;10;;;;0
8411342;1;21586;67;32;0;2017;6;2017-06-14 00:00:00;0;0;0;5500;Helsingin poliisilaitos;6;Keskiviikko;89;1;1;80;0;1;1;1;8;;91;Helsinki;-1;-1;80;E;2;2807;70;71;390497;6684705;E;1;8;0;-1;SUUTARILANTIE X ALA-TIKKURILANTIE       ;1;1;9;1;2005-08-16 00:00:00;-1;1;74;10;;;;0
8565218;1;21586;78;3;0;2017;10;2017-10-21 00:00:00;0;0;0;5500;Helsingin poliisilaitos;15;Lauantai;4;3;2;50;1;1;1;1;8;;91;Helsinki;-1;-1;50;K;2;5052;;54;390208;6684929;E;1;5;0;-1;SUUTARILANTIE                           ;1;1;9;1;2005-08-16 00:00:00;-1;1;71;10;;;;0
8121268;1;21700;34;251;0;2017;2;2017-02-27 00:00:00;0;0;0;5500;Helsingin poliisilaitos;8;Maanantai;7;6;3;80;0;6;1;2;8;;91;Helsinki;1;-1;100;E;1;12228;861;75;392887;6681055;E;1;-3;0;-1;PORVOONVéYLé X LAHDENVéYLé              ;1;1;9;-1;;1;1;112;10;;;;0
8506205;1;21700;34;298;0;2017;9;2017-09-07 00:00:00;0;0;0;5500;Helsingin poliisilaitos;19;Torstai;85;1;1;80;0;2;1;4;8;;91;Helsinki;1;-1;100;E;1;12228;861;75;392844;6681034;E;1;12;0;-1;TIE 7 X LAHDENVéYLé                     ;1;1;9;-1;;1;1;112;10;;;;0
8506558;1;21700;34;350;0;2017;9;2017-09-12 00:00:00;0;0;0;5500;Helsingin poliisilaitos;14;Tiistai;83;1;1;80;0;2;1;2;8;;91;Helsinki;1;-1;100;E;1;12228;861;121;392801;6681001;E;1;19;0;-1;TIE 7 X LAHDENVéYLé                     ;1;1;9;1;1973-01-01 00:00:00;1;1;112;10;;;;0
8564630;1;21700;34;586;0;2017;10;2017-10-06 00:00:00;0;0;0;5500;Helsingin poliisilaitos;24;Perjantai;84;1;1;80;0;2;4;2;8;;91;Helsinki;1;-1;100;E;1;12228;861;121;392702;6680783;E;1;8;0;-1;PORVOON VéYLé X LAHDENVéYLé             ;1;1;9;1;1973-01-01 00:00:00;1;1;112;10;;;;0
8460180;1;21701;12;455;0;2017;8;2017-08-31 00:00:00;0;1;2;5500;Helsingin poliisilaitos;15;Torstai;83;1;1;50;0;2;1;4;1;;91;Helsinki;-1;-1;-1;E;1;3527;152;62;393903;6681086;E;1;17;0;-1;PORVOONVéYLé RAMPPI JAKOMéKEEN          ;1;1;9;-1;;1;1;62;10;;;;0
8505574;1;21720;56;557;0;2017;9;2017-09-01 00:00:00;0;0;0;5560;ItÑ-Uudenmaan poliisilaitos;19;Perjantai;8;6;2;120;0;1;1;1;1;;434;Loviisa;-1;-1;-1;E;1;82;20;66;453565;6703126;E;1;14;0;-1;VALTATIE 7                              ;1;1;-1;1;;1;1;60;10;;;;0
8120555;1;21801;12;0;0;2017;1;2017-01-17 00:00:00;0;0;0;5500;Helsingin poliisilaitos;21;Tiistai;8;6;3;50;1;6;3;2;8;;91;Helsinki;-1;-1;-1;K;3;6376;571;41;383581;6676424;E;1;0;4;-1;HAKAMéENTIE X MANNERHEIMINTIE           ;1;1;9;1;2009-08-31 00:00:00;-1;1;35;10;;;;0
8119380;1;21803;34;176;0;2017;1;2017-01-24 00:00:00;0;0;0;5500;Helsingin poliisilaitos;11;Tiistai;3;3;2;50;0;-1;1;-1;8;;91;Helsinki;4;-1;60;E;3;3656;66;56;385151;6676247;E;1;-4;0;-1;HAKAMéENTIE                             ;1;1;9;1;2009-08-31 00:00:00;-1;1;60;10;;;;0
8771451;1;21812;78;336;0;2017;12;2017-12-05 00:00:00;0;0;0;5500;Helsingin poliisilaitos;23;Tiistai;8;6;2;80;0;2;4;6;8;;91;Helsinki;-1;-1;80;E;3;12972;501;93;381486;6679555;E;1;0;4;-1;VIHDINTIE X KEHé 1                      ;1;1;9;-1;;2;1;65;10;;;;0
8130138;1;21812;112;560;0;2017;3;2017-03-07 00:00:00;0;0;0;5500;Helsingin poliisilaitos;22;Tiistai;4;3;2;50;1;6;4;5;8;;91;Helsinki;-1;-1;70;K;3;6409;229;76;381774;6679434;K;1;-1;2;-1;VIHDINTIE X MUURIMESTARINTIE (KEHé 1)   ;1;1;9;-1;;2;1;70;10;;;;0
8121380;1;21812;511;408;0;2017;2;2017-02-08 00:00:00;0;0;0;5500;Helsingin poliisilaitos;21;Keskiviikko;6;6;2;40;0;6;4;1;8;;91;Helsinki;-1;-1;70;E;3;6763;252;91;381441;6679345;E;1;-8;0;-1;VIHDINTIE (KEHé I LIITTYMé)             ;1;1;9;-1;;2;1;65;10;;;;0
8121218;1;21812;511;416;0;2017;2;2017-02-11 00:00:00;0;0;0;5500;Helsingin poliisilaitos;14;Lauantai;3;3;2;80;0;1;1;2;8;;91;Helsinki;-1;-1;70;E;3;6763;252;91;381441;6679353;E;1;-5;0;-1;KEHé I X VIHDINTIE                      ;1;1;9;-1;;2;1;65;10;;;;0
8410911;1;21813;12;328;0;2017;6;2017-06-13 00:00:00;0;0;0;5500;Helsingin poliisilaitos;17;Tiistai;8;6;3;40;1;2;1;2;1;;91;Helsinki;-1;-1;40;K;3;2788;27;74;383101;6679239;E;1;14;4;-1;KAUPINTIE X NéYTTELIJéNTIE              ;1;1;9;-1;;0;1;67;10;;;;0
8506265;1;21814;56;108;0;2017;9;2017-09-08 00:00:00;0;0;0;5500;Helsingin poliisilaitos;16;Perjantai;8;6;2;50;1;1;1;2;8;;91;Helsinki;-1;-1;40;K;3;4137;25;63;385130;6680139;E;1;12;4;-1;MUURIMESTARINTIE X PAKILANTIE           ;1;1;9;-1;;0;1;54;10;;;;0
8121204;1;21814;56;174;0;2017;2;2017-02-21 00:00:00;0;0;0;5500;Helsingin poliisilaitos;13;Tiistai;12;2;2;40;1;2;1;1;8;;91;Helsinki;-1;-1;40;K;3;4137;25;51;385193;6680170;E;1;0;4;-1;PAKILANTIE 67                           ;1;1;9;-1;;0;1;54;10;;;;0
8130356;1;21815;12;10;0;2017;3;2017-03-15 00:00:00;0;0;0;5500;Helsingin poliisilaitos;1;Keskiviikko;80;1;1;50;1;5;4;4;8;;91;Helsinki;-1;-1;80;K;3;4323;116;63;388226;6679983;E;1;1;0;-1;SEPPéMESTARINTIE X PUKINMéENKAARI       ;1;1;9;1;1998-07-01 00:00:00;-1;1;60;10;;;;0
8120673;1;21816;56;4;0;2017;1;2017-01-17 00:00:00;0;0;0;5500;Helsingin poliisilaitos;8;Tiistai;50;4;2;50;1;2;2;2;8;;91;Helsinki;-1;-1;80;K;3;2263;353;;389108;6680056;E;1;-5;2;-1;SEPPéMESTARINTIE X MALMINKAARI          ;1;1;9;-1;;-1;1;65;10;;;;0
8617928;1;21816;78;30;0;2017;11;2017-11-20 00:00:00;0;0;0;5500;Helsingin poliisilaitos;18;Maanantai;3;3;2;50;1;2;4;6;8;;91;Helsinki;-1;-1;50;K;3;4394;94;;389073;6680056;E;1;4;0;-1;SEPPéMESTARINTIE X MALMINKAARI          ;1;1;9;-1;;-1;1;65;10;;;;0
8120437;1;21817;12;7;0;2017;1;2017-01-11 00:00:00;0;0;0;5500;Helsingin poliisilaitos;17;Keskiviikko;4;3;2;50;1;1;4;1;8;;91;Helsinki;-1;-1;50;K;3;5014;262;71;390319;6680042;E;1;-1;0;-1;VANHA HELSINGINTIE                      ;1;1;9;1;;2;1;60;10;;;;0
8771365;1;21817;34;479;0;2017;12;2017-12-01 00:00:00;0;0;0;5500;Helsingin poliisilaitos;16;Perjantai;8;6;2;50;1;5;4;6;1;;91;Helsinki;-1;-1;50;K;3;4985;298;71;390396;6679843;E;1;1;4;-1;PIHLAJAMéENTIE 37                       ;1;1;9;1;;2;1;60;10;;;;0
8120492;1;21817;45;25;0;2017;1;2017-01-19 00:00:00;0;1;2;5500;Helsingin poliisilaitos;22;Torstai;15;8;2;50;1;2;4;1;8;;91;Helsinki;-1;-1;50;K;3;5436;410;68;390386;6679851;E;1;2;4;-1;PIHLAJAMéENTIE X SEPPéMESTERINTIE       ;1;1;9;1;;2;1;60;10;;;;0
8459907;1;21817;67;276;0;2017;8;2017-08-12 00:00:00;0;0;0;5500;Helsingin poliisilaitos;13;Lauantai;7;6;2;50;1;1;1;2;8;;91;Helsinki;-1;-1;-1;K;3;6891;425;66;390393;6680021;E;1;23;4;-1;PIHLAJAMéENTIE X VANHA HELSINGIN TIE    ;1;1;9;1;;2;1;60;10;;;;0
8296610;1;21817;67;278;0;2017;5;2017-05-23 00:00:00;0;0;0;5500;Helsingin poliisilaitos;13;Tiistai;6;6;2;50;1;1;1;1;8;;91;Helsinki;-1;-1;-1;K;3;6891;425;66;390391;6680021;E;1;18;4;-1;VANHA HELSINGIN TIE X PIHLAJAMéENTIE    ;1;1;9;1;;2;1;60;10;;;;0
8120166;1;21818;13;144;0;2017;1;2017-01-30 00:00:00;0;0;0;5500;Helsingin poliisilaitos;11;Maanantai;50;4;2;40;0;5;1;6;8;;91;Helsinki;4;-1;60;E;3;5725;101;61;393351;6678317;E;1;0;2;-1;MYLLYMESTARINTIE X LATOKARTANON SILMUKKA;1;1;9;1;1980-10-01 00:00:00;2;1;60;10;;;;0
8459903;1;21820;12;431;0;2017;8;2017-08-16 00:00:00;0;0;0;5500;Helsingin poliisilaitos;17;Keskiviikko;8;6;2;50;1;1;1;2;8;;91;Helsinki;-1;-1;-1;K;3;;;61;392210;6678619;E;1;23;2;-1;MYLLYMESTARINTIE X LATOKARTANONKAARI    ;1;1;-1;-1;;-1;1;44;10;;;;0
8771359;1;21820;78;182;0;2017;12;2017-12-05 00:00:00;0;0;0;5500;Helsingin poliisilaitos;21;Tiistai;89;1;1;80;0;2;4;2;8;;91;Helsinki;-1;-1;-1;E;3;;;63;392132;6678757;E;1;1;0;-1;MYLLYMESTARINTIE                        ;1;1;-1;-1;;-1;1;46;10;;;;0
8460183;1;21823;34;47;0;2017;8;2017-08-15 00:00:00;0;2;2;5500;Helsingin poliisilaitos;17;Tiistai;6;6;2;60;1;1;1;1;1;;49;Espoo;-1;-1;60;K;3;2898;21;66;375038;6676763;E;1;17;0;-1;NIHTISILTA, KEHé 2 LIITTYMé             ;1;1;9;1;;1;1;63;10;;;;0
8616997;1;21833;34;308;0;2017;11;2017-11-29 00:00:00;0;1;2;5560;ItÑ-Uudenmaan poliisilaitos;17;Keskiviikko;41;8;2;60;1;2;4;1;8;;543;NurmijÑrvi;-1;-1;-1;K;4;2460;491;104;380915;6704322;E;1;1;2;-1;HéMEENLINNANTIE X SIIPPOONTIE           ;1;2;9;1;1991-11-14 00:00:00;1;1;104;10;;;;0
8410101;1;21852;111;322;0;2017;6;2017-06-10 00:00:00;0;2;2;5500;Helsingin poliisilaitos;17;Lauantai;95;13;2;60;0;1;1;2;8;;91;Helsinki;-1;-1;80;E;2;3547;119;68;386432;6680327;E;1;22;0;-1;TUUSULANVéYLé X MUURIMESTARINTIE        ;1;1;9;1;;1;1;60;10;;;;0
8616830;1;21852;111;355;0;2017;11;2017-11-11 00:00:00;0;0;0;5500;Helsingin poliisilaitos;13;Lauantai;86;1;1;80;0;2;1;4;8;;91;Helsinki;-1;-1;80;E;2;3547;119;68;386444;6680357;E;1;6;5;-1;KEHé I X TUUSULANVéYLé                  ;1;1;9;1;;1;1;60;10;;;;0
8617286;1;21852;212;266;0;2017;11;2017-11-15 00:00:00;0;0;0;5500;Helsingin poliisilaitos;13;Keskiviikko;3;3;2;80;0;2;1;2;8;;91;Helsinki;-1;-1;80;E;2;4369;453;61;386404;6680520;E;1;4;0;-1;TUUSULANVéYLé X MUURIMESTARINTIE        ;1;1;9;1;;1;1;60;10;;;;0
8616911;1;21852;313;232;0;2017;11;2017-11-23 00:00:00;0;1;2;5500;Helsingin poliisilaitos;21;Torstai;10;2;2;80;0;2;4;4;8;;91;Helsinki;-1;-1;80;E;2;5335;73;68;386628;6680457;E;1;2;0;-1;KEHé 1 X TUUSULANVéYLé                  ;1;1;9;1;;1;1;60;10;;;;0
8506488;1;21852;313;405;0;2017;9;2017-09-10 00:00:00;0;1;2;5500;Helsingin poliisilaitos;11;Sunnuntai;80;1;1;80;0;-1;1;2;8;;91;Helsinki;-1;-1;80;E;2;5335;73;68;386485;6680554;E;1;16;0;-1;KEHé 1 X TUUSULANVéYLé                  ;1;1;9;1;;1;1;60;10;;;;0
8120384;1;21852;313;446;0;2017;1;2017-01-03 00:00:00;0;0;0;5500;Helsingin poliisilaitos;11;Tiistai;82;1;1;80;0;4;1;5;8;;91;Helsinki;-1;-1;80;E;2;5335;73;68;386467;6680590;E;1;-5;0;-1;KEHé 1 X TUUSULANVéYLé                  ;1;1;9;1;;1;1;60;10;;;;0
8121293;1;21852;414;17;0;2017;2;2017-02-16 00:00:00;0;0;0;5500;Helsingin poliisilaitos;20;Torstai;2;3;2;80;0;2;4;6;8;;91;Helsinki;-1;-1;80;E;2;2963;32;143;386020;6680169;E;1;0;0;-1;KEHé 1 ITééN X TUUSULANVéYLé            ;1;1;9;1;;1;1;145;10;;;;0
8413199;1;21852;515;1;0;2017;7;2017-07-08 00:00:00;0;0;0;5500;Helsingin poliisilaitos;13;Lauantai;89;1;1;80;0;1;1;1;8;;91;Helsinki;-1;-1;80;E;2;13400;322;101;386405;6680547;E;1;20;0;-1;KEHé 1 X TUUSUNLANTIE                   ;1;1;9;1;;1;1;92;10;;;;0
8120270;1;21852;616;306;0;2017;1;2017-01-02 00:00:00;0;0;0;5500;Helsingin poliisilaitos;21;Maanantai;84;1;1;80;0;4;4;5;8;;91;Helsinki;-1;-1;80;E;2;15109;723;106;386410;6680287;E;1;-4;0;-1;MUURIMESTARINTIE X TUUSULANVéYLé        ;1;1;9;1;;1;1;95;10;;;;0
8121379;1;21852;616;611;0;2017;2;2017-02-08 00:00:00;0;0;0;5500;Helsingin poliisilaitos;17;Keskiviikko;2;3;2;80;0;1;2;1;8;;91;Helsinki;-1;-1;80;E;2;15109;723;106;386445;6680593;E;1;-5;0;-1;KEHé 1 ITééN X TUUSULANVéYLé            ;1;1;9;1;;1;1;95;10;;;;0
8130157;1;21853;23;1;0;2017;3;2017-03-09 00:00:00;0;1;2;5500;Helsingin poliisilaitos;14;Torstai;6;6;2;40;0;2;1;2;8;;91;Helsinki;-1;-1;50;E;2;12197;477;98;386740;6681531;E;1;3;0;-1;YHDYSKUNNANTIE X VANHA TUUSULANTIE      ;1;1;9;3;;-1;1;85;10;;;;0
8296527;1;21854;78;272;0;2017;5;2017-05-07 00:00:00;0;3;2;5560;ItÑ-Uudenmaan poliisilaitos;19;Sunnuntai;40;4;2;50;0;1;1;1;8;;92;Vantaa;-1;-1;50;E;2;5164;156;93;387699;6683234;E;1;8;4;-1;TAMMISTON KAUPPATIE X TAMMISTONKATU     ;1;1;9;-1;;1;1;60;10;;;;0
8771019;1;21856;67;46;0;2017;12;2017-12-08 00:00:00;0;0;0;5560;ItÑ-Uudenmaan poliisilaitos;15;Perjantai;80;1;1;60;0;2;1;2;8;;92;Vantaa;-1;-1;-1;E;2;7702;306;61;388856;6686601;E;1;5;0;-1;ILMAKEHé X TIE 45                       ;1;1;9;1;1991-12-31 00:00:00;1;1;61;10;;;;0
8412868;1;21857;34;214;0;2017;7;2017-07-26 00:00:00;0;0;0;5560;ItÑ-Uudenmaan poliisilaitos;16;Keskiviikko;9;13;3;80;0;1;1;1;8;;92;Vantaa;-1;-1;-1;E;2;6493;216;61;389324;6687305;E;1;23;2;-1;TUUSULANVéYLé                           ;1;1;9;1;1990-11-01 00:00:00;1;1;61;10;;;;0
8130329;1;21857;45;139;0;2017;3;2017-03-20 00:00:00;0;0;0;5560;ItÑ-Uudenmaan poliisilaitos;2;Maanantai;7;6;2;80;0;2;4;2;8;;92;Vantaa;-1;-1;-1;E;2;6539;318;61;389347;6687449;E;1;-2;0;-1;YLéSTôNTIE                              ;1;1;9;1;1990-11-01 00:00:00;1;1;61;10;;;;0
8410459;1;21857;78;91;0;2017;6;2017-06-11 00:00:00;0;0;0;5560;ItÑ-Uudenmaan poliisilaitos;20;Sunnuntai;83;1;1;100;0;1;1;2;8;;92;Vantaa;-1;-1;-1;E;2;6836;311;61;389301;6687567;E;1;18;0;-1;TIE 45                                  ;1;1;9;1;1990-11-01 00:00:00;1;1;61;10;;;;0
8771029;1;21857;910;71;0;2017;12;2017-12-08 00:00:00;0;0;0;5560;ItÑ-Uudenmaan poliisilaitos;4;Perjantai;86;1;1;100;0;5;4;4;8;;92;Vantaa;-1;-1;-1;E;2;5716;;61;389271;6687305;E;1;4;5;-1;TUUSULANVéYLé                           ;1;1;9;1;1990-11-01 00:00:00;1;1;61;10;;;;0
8565851;1;21857;910;78;0;2017;10;2017-10-30 00:00:00;0;0;0;5560;ItÑ-Uudenmaan poliisilaitos;7;Maanantai;89;13;2;80;0;6;3;1;8;;92;Vantaa;-1;-1;-1;E;2;5716;;61;389269;6687297;E;1;2;0;-1;TIE 45                                  ;1;1;9;1;1990-11-01 00:00:00;1;1;61;10;;;;0
8564740;1;21858;213;75;0;2017;10;2017-10-03 00:00:00;0;1;2;5560;ItÑ-Uudenmaan poliisilaitos;16;Tiistai;82;1;1;80;0;2;1;4;8;;92;Vantaa;-1;-1;-1;E;2;4702;50;50;389453;6689012;E;1;8;0;-1;TUUSULANVéYLé X KOIVUKYLéNVéYLé         ;1;1;-1;1;1993-11-10 00:00:00;1;1;60;10;;;;0
8413852;1;21858;213;202;0;2017;7;2017-07-28 00:00:00;0;0;0;5560;ItÑ-Uudenmaan poliisilaitos;8;Perjantai;82;1;1;80;0;1;1;1;8;;92;Vantaa;-1;-1;-1;E;2;4702;50;50;389579;6689041;E;1;15;0;-1;TIE 45 X KOIVUKYLéNVéYLé                ;1;1;9;1;1993-11-10 00:00:00;1;1;60;10;;;;0
8129963;1;21859;67;13;0;2017;1;2017-01-23 00:00:00;0;0;0;5560;ItÑ-Uudenmaan poliisilaitos;23;Maanantai;30;2;2;60;0;6;4;2;8;;858;Tuusula;-1;-1;-1;E;2;6102;829;60;389510;6690984;E;1;-1;5;-1;KULOMéENTIE X TUUSULANVéYLé             ;1;1;9;1;1993-11-10 00:00:00;1;1;60;10;;;;0
8129961;1;21860;1;20;0;2017;3;2017-03-10 00:00:00;0;0;0;5560;ItÑ-Uudenmaan poliisilaitos;11;Perjantai;4;3;2;50;1;-1;1;-1;8;;858;Tuusula;-1;-1;-1;K;2;;;60;390984;6697057;E;1;2;0;-1;KIEVARINPORTTI 1                        ;1;1;9;1;1993-11-10 00:00:00;-1;1;75;10;;;;0
8565322;1;21860;1;84;0;2017;10;2017-10-10 00:00:00;0;0;0;5560;ItÑ-Uudenmaan poliisilaitos;21;Tiistai;8;6;2;50;1;2;4;4;8;;858;Tuusula;-1;-1;-1;K;2;;;60;390960;6697103;E;1;5;2;-1;JéRVENPééNTIE X TUUSULANVéYLé           ;1;1;9;1;1993-11-10 00:00:00;-1;1;75;10;;;;0
8506421;1;21862;1;78;0;2017;9;2017-09-16 00:00:00;0;0;0;5560;ItÑ-Uudenmaan poliisilaitos;18;Lauantai;86;1;1;40;1;3;1;2;8;;858;Tuusula;-1;-1;-1;K;3;;;60;391638;6697935;E;1;13;5;-1;JéRVENPééNTIE                           ;1;1;9;1;1993-11-30 00:00:00;-1;1;75;10;;;;0
8120660;1;21871;12;227;0;2017;1;2017-01-07 00:00:00;0;0;0;5560;ItÑ-Uudenmaan poliisilaitos;18;Lauantai;52;4;2;40;0;4;2;2;8;;92;Vantaa;-1;-1;-1;E;3;4721;278;110;394851;6684156;E;1;-1;2;-1;LAHDENTIE X KYYTITIE                    ;1;1;9;-1;;1;1;110;10;;;;0
8506015;1;21884;34;32;0;2017;9;2017-09-08 00:00:00;0;0;0;5560;ItÑ-Uudenmaan poliisilaitos;9;Perjantai;6;6;2;60;0;1;1;2;8;;753;Sipoo;-1;-1;-1;E;3;1690;86;70;402763;6693837;E;1;10;0;-1;KERAVANTIE X NIKKILéNTIE                ;1;2;9;-1;;1;1;70;10;;;;0
8506199;1;21989;1;78;0;2017;9;2017-09-02 00:00:00;0;0;0;5530;LÑnsi-Uudenmaan poliisilaitos;21;Lauantai;8;7;2;50;0;-1;2;-1;8;;444;Lohja;-1;-1;-1;E;4;;;67;335267;6679986;E;1;16;0;-1;MAKSJOENTIE                             ;1;2;9;-1;;-1;1;67;10;;;;0
8412827;1;21990;23;21;0;2017;7;2017-07-10 00:00:00;0;1;2;5560;ItÑ-Uudenmaan poliisilaitos;15;Maanantai;59;4;2;50;1;1;1;1;8;;92;Vantaa;6;-1;50;K;2;916;135;61;387455;6686707;E;1;24;4;-1;TIKKURILANTIE X LENTOASEMANTIE          ;1;1;-1;-1;;1;1;60;10;;;;0
8411258;1;21990;23;23;0;2017;6;2017-06-06 00:00:00;0;0;0;5560;ItÑ-Uudenmaan poliisilaitos;7;Tiistai;39;2;2;50;1;1;1;2;8;;92;Vantaa;6;-1;50;K;2;916;135;61;387455;6686709;E;1;10;4;-1;TIKKURILANTIE X LENTOASEMANTIE          ;1;1;-1;-1;;1;1;60;10;;;;0
8296447;1;31030;12;8;0;2017;5;2017-05-23 00:00:00;0;1;2;5560;ItÑ-Uudenmaan poliisilaitos;17;Tiistai;30;2;2;60;0;1;1;1;8;;92;Vantaa;-1;-1;-1;E;4;2657;222;75;389608;6689125;E;1;20;2;-1;TUUSULANTIE X KOIVUKYLéNVéYLé           ;1;2;9;1;1993-11-10 00:00:00;2;1;90;10;;;;0
8788526;1;31305;1;83;0;2017;11;2017-11-20 00:00:00;0;0;0;5560;ItÑ-Uudenmaan poliisilaitos;15;Maanantai;59;4;2;50;1;2;1;6;8;;638;Porvoo;1;-1;60;K;2;;;55;423257;6695973;E;1;1;2;-1;HARABACKANKATU X MéNTSéLéNTIE           ;1;2;9;1;;1;1;55;10;;;;0
8120339;1;31306;1;77;0;2017;1;2017-01-17 00:00:00;0;0;0;5560;ItÑ-Uudenmaan poliisilaitos;9;Tiistai;29;13;2;60;0;-1;2;-1;1;;92;Vantaa;-1;-1;-1;E;3;;;;395252;6686882;E;1;-5;0;-1;LAHDENTIE 140, KOIVUKYLéN LIIKENNEYMPYRé;-1;-1;-1;-1;;-1;-1;;-1;;;;
8563969;1;31327;1;57;0;2017;10;2017-10-06 00:00:00;0;0;0;5560;ItÑ-Uudenmaan poliisilaitos;15;Perjantai;2;3;2;50;1;2;1;2;8;;186;JÑrvenpÑÑ;-1;-1;-1;K;3;;;;396453;6703685;E;1;12;5;-1;POHJOISVéYLé                            ;1;1;-1;-1;;-1;1;;10;;;;0
8410372;1;70138;151;1515;0;2017;6;2017-06-28 00:00:00;0;0;0;5560;ItÑ-Uudenmaan poliisilaitos;13;Keskiviikko;33;13;2;40;1;1;1;1;1;;92;Vantaa;-1;-1;-1;K;-1;;;36;387358;6687481;E;1;19;4;-1;TIETOTIE X ILMAKEHé                     ;1;7;-1;1;2000-09-20 00:00:00;-1;1;30;10;;;;0
8566559;1;71421;161;5351;0;2017;10;2017-10-20 00:00:00;0;0;0;5560;ItÑ-Uudenmaan poliisilaitos;24;Perjantai;95;1;1;40;1;2;4;3;1;;858;Tuusula;-1;-1;-1;K;-1;;;41;388579;6714746;E;1;-1;0;-1;KESKUSTIE, JOKELA                       ;1;7;-1;1;1989-01-01 00:00:00;-1;1;30;10;;;;0
8120781;1;81630;161;0;0;2017;2;2017-02-02 00:00:00;0;0;0;5560;ItÑ-Uudenmaan poliisilaitos;10;Torstai;50;4;2;50;1;2;1;4;1;;92;Vantaa;-1;-1;-1;K;-1;;;36;395512;6681544;E;1;0;2;-1;FAZERINTIE X LéNSIMéENTIE               ;1;7;-1;1;1993-12-15 00:00:00;-1;1;30;10;;;;0