accidentId;roadmain;road;rseg;rdist;rway;year;month;day;dead;injr;severlvl;poldis;disname;hour;wkday;acctype;acclass;partnum;spdlim;urbmrk;surface;brightness;weather;accloc;roadnum;municipality;munidesc;spdtype;spddiropp;spddirmeas;Urban;roadtype;avg;hevavg;rwid;X;Y;roadwork;pavement;temperature;intersection;railroad;address;privacy;wintmaint;Tienverkas;action;Luovpvm;lightown;cross-sec;coatwidth;roadcoat;vision150;vision300;vision460;frameroad
8410760;2;40913;1;;;2017;6;2017-06-15 00:00:00;0;0;0;5500;Helsingin poliisilaitos;9;Torstai;6;6;2;40;1;1;1;1;1;;91;Helsinki;-1;-1;-1;K;-1;;;;386297;6676487;E;1;15;4;-1;KOSKELANTIE X KALERVONKATU              ;-1;-1;-1;-1;;-1;-1;;-1;;;;
8413412;2;40913;1;;;2017;7;2017-07-18 00:00:00;0;0;0;5500;Helsingin poliisilaitos;14;Tiistai;92;13;2;50;1;2;1;1;1;;91;Helsinki;-1;-1;-1;K;-1;;;;386840;6676917;E;1;18;4;-1;KOSKELANTIE 56                          ;-1;-1;-1;-1;;-1;-1;;-1;;;;
8506623;2;40913;1;;;2017;9;2017-09-13 00:00:00;0;5;2;5500;Helsingin poliisilaitos;18;Keskiviikko;8;6;2;40;1;1;1;1;1;;91;Helsinki;-1;-1;-1;K;-1;;;;387319;6677136;E;1;19;0;-1;KOSKELANTIE 39                          ;-1;-1;-1;-1;;-1;-1;;-1;;;;
8507180;2;40913;1;;;2017;9;2017-09-27 00:00:00;0;0;0;5500;Helsingin poliisilaitos;23;Keskiviikko;91;13;2;40;1;1;4;1;1;;91;Helsinki;-1;-1;-1;K;-1;;;;386854;6676926;E;1;10;0;-1;KOSKELANTIE 56                          ;-1;-1;-1;-1;;-1;-1;;-1;;;;
8565632;2;40913;1;;;2017;10;2017-10-29 00:00:00;0;0;0;5500;Helsingin poliisilaitos;13;Sunnuntai;8;6;2;40;1;2;1;4;1;;91;Helsinki;-1;-1;-1;K;-1;;;;387310;6677155;E;1;3;0;-1;KOSKELANTIE 39                          ;-1;-1;-1;-1;;-1;-1;;-1;;;;
8565845;2;40913;1;;;2017;10;2017-10-30 00:00:00;0;0;0;5500;Helsingin poliisilaitos;19;Maanantai;4;3;2;50;1;1;4;2;1;;91;Helsinki;-1;-1;-1;K;-1;;;;387091;6677024;E;1;2;0;-1;KOSKELANTIE 37                          ;-1;-1;-1;-1;;-1;-1;;-1;;;;
8772051;2;40913;1;;;2017;12;2017-12-28 00:00:00;0;0;0;5500;Helsingin poliisilaitos;21;Torstai;6;6;2;50;1;2;4;4;1;;91;Helsinki;-1;-1;-1;K;-1;;;;386143;6676432;E;1;4;4;-1;MéKELéNKATU X KOSKELANTIE               ;-1;-1;-1;-1;;-1;-1;;-1;;;;
8772614;2;40913;1;;;2017;12;2017-12-21 00:00:00;0;0;0;5500;Helsingin poliisilaitos;14;Torstai;91;1;1;50;1;1;4;2;1;;91;Helsinki;-1;-1;-1;K;-1;;;;387407;6677202;E;1;-3;0;-1;KOSKELANTIE X KUNNALLISKODINTIE         ;-1;-1;-1;-1;;-1;-1;;-1;;;;
8566210;2;40914;1;;;2017;10;2017-10-26 00:00:00;0;0;0;5500;Helsingin poliisilaitos;10;Torstai;6;6;2;40;1;5;1;6;1;;91;Helsinki;-1;-1;-1;K;-1;;;;381874;6678334;E;1;0;4;-1;KAUPINTIE                               ;-1;-1;-1;-1;;-1;-1;;-1;;;;
8121810;2;40915;1;;;2017;2;2017-02-08 00:00:00;0;0;0;5500;Helsingin poliisilaitos;14;Keskiviikko;4;3;2;40;1;1;1;1;1;;91;Helsinki;-1;-1;-1;K;-1;;;;384426;6673842;E;1;-3;4;-1;MECHELININKATU X LINNANKOSKENKATU       ;-1;-1;-1;-1;;-1;-1;;-1;;;;
8122058;2;40915;1;;;2017;2;2017-02-09 00:00:00;0;0;0;5500;Helsingin poliisilaitos;10;Torstai;4;3;2;40;1;1;1;1;1;;91;Helsinki;-1;-1;-1;K;-1;;;;384535;6672641;E;1;-10;0;-1;MECHELININKATU 26 KOHDALLA              ;-1;-1;-1;-1;;-1;-1;;-1;;;;
8130816;2;40915;1;;;2017;3;2017-03-09 00:00:00;0;0;0;5500;Helsingin poliisilaitos;16;Torstai;7;6;2;30;1;2;1;1;1;;91;Helsinki;-1;-1;-1;K;-1;;;;384395;6673686;K;1;4;0;-1;MECHELININKATU 39                       ;-1;-1;-1;-1;;-1;-1;;-1;;;;
8130872;2;40915;1;;;2017;3;2017-03-15 00:00:00;0;0;0;5500;Helsingin poliisilaitos;14;Keskiviikko;2;3;2;-1;1;1;1;1;-1;;91;Helsinki;-1;-1;-1;K;-1;;;;383556;6674556;E;1;6;0;-1;PACIUKSENKATU X TUKHOLMANKATU           ;-1;-1;-1;-1;;-1;-1;;-1;;;;
8130947;2;40915;1;;;2017;3;2017-03-26 00:00:00;0;0;0;5500;Helsingin poliisilaitos;18;Sunnuntai;8;6;2;40;1;1;1;1;1;;91;Helsinki;-1;-1;-1;K;-1;;;;384526;6672682;K;1;12;0;-1;MECHELININKATU 28                       ;-1;-1;-1;-1;;-1;-1;;-1;;;;
8291751;2;40915;1;;;2017;4;2017-04-22 00:00:00;0;0;0;5500;Helsingin poliisilaitos;20;Lauantai;3;3;2;30;1;1;1;2;1;;91;Helsinki;-1;-1;-1;K;-1;;;;384398;6673349;K;1;8;0;-1;MECHELININKATU X SIBELIUKSENKATU        ;-1;-1;-1;-1;;-1;-1;;-1;;;;
8291819;2;40915;1;;;2017;4;2017-04-09 00:00:00;0;0;0;5500;Helsingin poliisilaitos;4;Sunnuntai;99;13;1;30;1;1;4;2;1;;91;Helsinki;-1;-1;-1;K;-1;;;;384379;6673484;K;1;4;0;-1;MECHELININKATU                          ;-1;-1;-1;-1;;-1;-1;;-1;;;;
8296874;2;40915;1;;;2017;5;2017-05-17 00:00:00;0;1;2;5500;Helsingin poliisilaitos;11;Keskiviikko;16;8;2;40;1;1;1;1;3;;91;Helsinki;-1;-1;-1;K;-1;;;;383897;6673970;E;1;13;0;-1;PACIUKSENKATU                           ;-1;-1;-1;-1;;-1;-1;;-1;;;;
8410609;2;40915;1;;;2017;6;2017-06-13 00:00:00;0;0;0;5500;Helsingin poliisilaitos;19;Tiistai;4;3;2;40;1;2;1;1;1;;91;Helsinki;-1;-1;-1;K;-1;;;;384594;6672392;E;1;16;0;-1;MECHELININKATU 10                       ;-1;-1;-1;-1;;-1;-1;;-1;;;;
8411015;2;40915;1;;;2017;6;2017-06-08 00:00:00;0;0;0;5500;Helsingin poliisilaitos;13;Torstai;8;6;2;30;1;2;1;4;1;;91;Helsinki;-1;-1;-1;K;-1;;;;384405;6673736;K;1;12;0;-1;MECHELININKATU 42                       ;-1;-1;-1;-1;;-1;-1;;-1;;;;
8460799;2;40915;1;;;2017;8;2017-08-03 00:00:00;0;0;0;5500;Helsingin poliisilaitos;15;Torstai;0;1;1;40;1;1;1;1;1;;91;Helsinki;-1;-1;-1;K;-1;;;;384433;6673210;K;1;20;0;-1;MECHELININKATU X KESéKATU               ;-1;-1;-1;-1;;-1;-1;;-1;;;;
8460867;2;40915;1;;;2017;8;2017-08-05 00:00:00;0;0;0;5500;Helsingin poliisilaitos;19;Lauantai;6;6;2;30;1;1;1;1;1;;91;Helsinki;-1;-1;-1;K;-1;;;;384426;6673831;K;1;19;4;-1;LINNAKOSKENKATU X MECHELININKATU        ;-1;-1;-1;-1;;-1;-1;;-1;;;;
8506700;2;40915;1;;;2017;9;2017-09-09 00:00:00;0;0;0;5500;Helsingin poliisilaitos;17;Lauantai;9;13;2;30;1;2;1;4;1;;91;Helsinki;-1;-1;-1;K;-1;;;;384633;6672116;K;1;16;0;-1;MECHELININKATU 3                        ;-1;-1;-1;-1;;-1;-1;;-1;;;;
8506862;2;40915;1;;;2017;9;2017-09-04 00:00:00;0;0;0;5500;Helsingin poliisilaitos;16;Maanantai;4;3;2;30;1;1;1;1;1;;91;Helsinki;-1;-1;-1;K;-1;;;;384633;6672098;K;1;14;0;-1;MECHELININKATU X HIETANIEMENKATU        ;-1;-1;-1;-1;;-1;-1;;-1;;;;
8507032;2;40915;1;;;2017;9;2017-09-18 00:00:00;0;0;0;5500;Helsingin poliisilaitos;17;Maanantai;19;2;2;40;1;1;1;1;1;;91;Helsinki;-1;-1;-1;K;-1;;;;384577;6672464;E;1;12;0;-1;MECHELININKATU 16                       ;-1;-1;-1;-1;;-1;-1;;-1;;;;
8507168;2;40915;1;;;2017;9;2017-09-17 00:00:00;0;0;0;5500;Helsingin poliisilaitos;8;Sunnuntai;6;1;1;40;1;2;1;2;1;;91;Helsinki;-1;-1;-1;K;-1;;;;384626;6672298;K;1;10;4;-1;MECHELININKATU X ARKADIANKATU           ;-1;-1;-1;-1;;-1;-1;;-1;;;;
8564269;2;40915;1;;;2017;10;2017-10-07 00:00:00;0;0;0;5500;Helsingin poliisilaitos;14;Lauantai;4;3;2;40;1;1;1;2;1;;91;Helsinki;-1;-1;-1;K;-1;;;;384567;6672509;K;1;10;0;-1;MECHELININKATU 20                       ;-1;-1;-1;-1;;-1;-1;;-1;;;;
8564896;2;40915;1;;;2017;10;2017-10-13 00:00:00;0;0;0;5500;Helsingin poliisilaitos;24;Perjantai;99;13;0;40;1;2;4;2;-1;;91;Helsinki;-1;-1;-1;K;-1;;;;384622;6672189;K;1;7;4;-1;MECHELININKATU                          ;-1;-1;-1;-1;;-1;-1;;-1;;;;
8616865;2;40915;1;;;2017;11;2017-11-07 00:00:00;0;0;0;5500;Helsingin poliisilaitos;10;Tiistai;6;6;2;40;1;1;1;1;1;;91;Helsinki;-1;-1;-1;K;-1;;;;384640;6671923;E;1;4;4;-1;MECHELININKATU                          ;-1;-1;-1;-1;;-1;-1;;-1;;;;
8617331;2;40915;1;;;2017;11;2017-11-10 00:00:00;0;0;0;5500;Helsingin poliisilaitos;22;Perjantai;4;3;2;40;1;2;4;4;1;;91;Helsinki;-1;-1;-1;K;-1;;;;384640;6672183;K;1;8;0;-1;MECHELININKATU                          ;-1;-1;-1;-1;;-1;-1;;-1;;;;
8617722;2;40915;1;;;2017;11;2017-11-06 00:00:00;0;0;0;5500;Helsingin poliisilaitos;17;Maanantai;3;3;2;40;1;2;4;2;1;;91;Helsinki;-1;-1;-1;K;-1;;;;384658;6671947;E;1;9;0;-1;MECHELININKATU                          ;-1;-1;-1;-1;;-1;-1;;-1;;;;
8772104;2;40915;1;;;2017;12;2017-12-11 00:00:00;0;0;0;5500;Helsingin poliisilaitos;16;Maanantai;99;13;1;40;1;-1;2;-1;-1;;91;Helsinki;-1;-1;-1;K;-1;;;;384300;6673855;E;1;3;0;-1;LINNANKOSKENKATU 17-19                  ;-1;-1;-1;-1;;-1;-1;;-1;;;;
8772161;2;40915;1;;;2017;12;2017-12-07 00:00:00;0;0;0;5500;Helsingin poliisilaitos;18;Torstai;99;13;1;40;1;-1;3;-1;-1;;91;Helsinki;-1;-1;-1;K;-1;;;;384300;6673855;E;1;2;0;-1;LINNANKOSKENKATU 18                     ;-1;-1;-1;-1;;-1;-1;;-1;;;;
8413099;2;40916;1;;;2017;7;2017-07-21 00:00:00;0;0;0;5560;ItÑ-Uudenmaan poliisilaitos;11;Perjantai;8;6;3;40;1;1;1;1;1;;186;JÑrvenpÑÑ;-1;-1;-1;K;-1;;;;395672;6706074;E;1;20;4;-1;HELSINGINTIE 40                         ;-1;-1;-1;-1;;-1;-1;;-1;;;;
8460871;2;40916;1;;;2017;8;2017-08-20 00:00:00;0;0;0;5560;ItÑ-Uudenmaan poliisilaitos;12;Sunnuntai;96;13;2;40;1;1;1;1;1;;186;JÑrvenpÑÑ;-1;-1;-1;K;-1;;;;394859;6705247;E;1;19;0;-1;HELSINGINTIE 5                          ;-1;-1;-1;-1;;-1;-1;;-1;;;;
8564947;2;40916;1;;;2017;10;2017-10-01 00:00:00;0;1;2;5560;ItÑ-Uudenmaan poliisilaitos;20;Sunnuntai;41;8;2;40;1;2;4;2;2;;186;JÑrvenpÑÑ;-1;-1;-1;K;-1;;;;394772;6704490;E;1;7;2;-1;SIBELIUKSENVéYLé X SIPOONTIE            ;-1;-1;-1;-1;;-1;-1;;-1;;;;
8788540;2;40916;1;;;2017;9;2017-09-01 00:00:00;0;0;0;5560;ItÑ-Uudenmaan poliisilaitos;-1;Perjantai;8;1;1;40;1;6;1;1;1;;186;JÑrvenpÑÑ;-1;-1;-1;K;-1;;;;395561;6705989;E;1;;4;-1;LééKéRINKUJA 1                          ;-1;-1;-1;-1;;-1;-1;;-1;;;;
8411361;2;40921;2;;;2017;6;2017-06-02 00:00:00;0;0;0;5530;LÑnsi-Uudenmaan poliisilaitos;20;Perjantai;99;8;2;40;1;-1;1;-1;2;;49;Espoo;-1;-1;-1;K;-1;;;;376650;6674082;E;1;7;0;-1;TURVERADANTIE X KOIVU-MANKKAANTIE       ;-1;-1;-1;-1;;-1;-1;;-1;;;;
8121602;2;40922;1;;;2017;2;2017-02-16 00:00:00;0;0;0;5500;Helsingin poliisilaitos;9;Torstai;6;6;3;50;1;1;1;2;1;;91;Helsinki;-1;-1;-1;K;-1;;;;384081;6671541;E;1;1;4;-1;PORKKALANKATU 20                        ;-1;-1;-1;-1;;-1;-1;;-1;;;;
8130876;2;40922;1;;;2017;3;2017-03-15 00:00:00;0;1;2;5500;Helsingin poliisilaitos;24;Keskiviikko;8;6;2;50;1;1;4;1;1;;91;Helsinki;-1;-1;-1;K;-1;;;;383069;6671263;E;1;3;4;-1;LAUTTASAARENTIE X POHJOISKAARI          ;-1;-1;-1;-1;;-1;-1;;-1;;;;
8410743;2;40922;1;;;2017;6;2017-06-05 00:00:00;0;0;0;5500;Helsingin poliisilaitos;17;Maanantai;3;3;2;40;1;2;1;4;1;;91;Helsinki;-1;-1;-1;K;-1;;;;384048;6671553;E;1;15;0;-1;PORKKALANKATU                           ;-1;-1;-1;-1;;-1;-1;;-1;;;;
8410865;2;40922;1;;;2017;6;2017-06-27 00:00:00;0;0;0;5500;Helsingin poliisilaitos;19;Tiistai;49;4;2;50;1;1;1;2;1;;91;Helsinki;-1;-1;-1;K;-1;;;;383895;6671546;E;1;14;4;-1;SALMISAARENKATU X PORKKALANKATU         ;-1;-1;-1;-1;;-1;-1;;-1;;;;
8413546;2;40922;1;;;2017;7;2017-07-19 00:00:00;0;0;0;5500;Helsingin poliisilaitos;17;Keskiviikko;40;4;2;50;1;1;1;2;1;;91;Helsinki;-1;-1;-1;K;-1;;;;383888;6671531;E;1;17;4;-1;PORKKALANKATU X LéNSISATAMANKATU        ;-1;-1;-1;-1;;-1;-1;;-1;;;;
8565633;2;40922;1;;;2017;10;2017-10-30 00:00:00;0;1;2;5500;Helsingin poliisilaitos;8;Maanantai;6;8;2;30;1;2;1;2;1;;91;Helsinki;-1;-1;-1;K;-1;;;;381698;6671325;E;1;3;0;-1;LAUTTASAARENTIE 50                      ;-1;-1;-1;-1;;-1;-1;;-1;;;;
8617519;2;40922;1;;;2017;11;2017-11-27 00:00:00;0;0;0;5500;Helsingin poliisilaitos;12;Maanantai;6;6;2;50;1;1;1;2;1;;91;Helsinki;-1;-1;-1;K;-1;;;;383962;6671536;E;1;3;4;-1;PORKKALANKATU 22                        ;-1;-1;-1;-1;;-1;-1;;-1;;;;
8617909;2;40922;1;;;2017;11;2017-11-01 00:00:00;0;1;2;5500;Helsingin poliisilaitos;21;Keskiviikko;14;7;2;40;1;1;4;1;1;;91;Helsinki;-1;-1;-1;K;-1;;;;382602;6671185;E;1;0;0;-1;LAUTTASAARENTIE 19                      ;-1;-1;-1;-1;;-1;-1;;-1;;;;
8772166;2;40922;1;;;2017;12;2017-12-12 00:00:00;0;1;2;5500;Helsingin poliisilaitos;19;Tiistai;62;9;2;50;1;5;4;4;2;;91;Helsinki;-1;-1;-1;K;-1;;;;383900;6671532;E;1;2;4;-1;PORKKALANKATU X SALMISAARENKATU         ;-1;-1;-1;-1;;-1;-1;;-1;;;;
8296139;2;40923;1;;;2017;5;2017-05-11 00:00:00;0;2;2;5530;LÑnsi-Uudenmaan poliisilaitos;17;Torstai;8;6;2;50;1;1;1;2;1;;49;Espoo;-1;-1;-1;K;-1;;;;372313;6672206;E;1;6;4;-1;FINNOONTIE 2                            ;-1;-1;-1;-1;;-1;-1;;-1;;;;
8296565;2;40923;1;;;2017;5;2017-05-03 00:00:00;0;0;0;5530;LÑnsi-Uudenmaan poliisilaitos;-1;Keskiviikko;99;13;0;50;1;1;4;1;1;;49;Espoo;-1;-1;-1;K;-1;;;;370535;6675402;E;1;6;0;-1;FINNOONTIE                              ;-1;-1;-1;-1;;-1;-1;;-1;;;;
8411018;2;40923;1;;;2017;6;2017-06-08 00:00:00;2;0;1;5530;LÑnsi-Uudenmaan poliisilaitos;5;Torstai;83;1;1;60;1;1;1;2;1;;49;Espoo;-1;-1;-1;K;-1;;;;370619;6675270;E;1;12;0;-1;Finnoontie                              ;-1;-1;-1;-1;;-1;-1;;-1;;;;
8413131;2;40923;1;;;2017;7;2017-07-26 00:00:00;0;1;2;5530;LÑnsi-Uudenmaan poliisilaitos;19;Keskiviikko;8;6;2;50;1;1;1;1;1;;49;Espoo;-1;-1;-1;K;-1;;;;372687;6671316;E;1;20;4;-1;FINNOONSILTA                            ;-1;-1;-1;-1;;-1;-1;;-1;;;;
8460856;2;40923;1;;;2017;8;2017-08-05 00:00:00;0;0;0;5530;LÑnsi-Uudenmaan poliisilaitos;11;Lauantai;8;6;2;50;1;1;1;2;1;;49;Espoo;-1;-1;-1;K;-1;;;;372662;6671384;E;1;19;4;-1;FINNOONSILTA                            ;-1;-1;-1;-1;;-1;-1;;-1;;;;
8506869;2;40923;1;;;2017;9;2017-09-07 00:00:00;0;0;0;5530;LÑnsi-Uudenmaan poliisilaitos;14;Torstai;90;11;2;60;1;-1;1;-1;1;;49;Espoo;-1;-1;-1;K;-1;;;;370596;6675095;E;1;14;0;-1;FINNOONTIE                              ;-1;-1;-1;-1;;-1;-1;;-1;;;;
8412913;2;40925;1;;;2017;7;2017-07-16 00:00:00;0;0;0;5530;LÑnsi-Uudenmaan poliisilaitos;20;Sunnuntai;11;2;0;40;1;1;1;1;2;;49;Espoo;-1;-1;-1;K;-1;;;;370811;6675660;E;1;22;4;-1;HôSMéRINTIE X SUNANTIE                  ;-1;-1;-1;-1;;-1;-1;;-1;;;;
8413816;2;40925;1;;;2017;7;2017-07-11 00:00:00;0;0;0;5530;LÑnsi-Uudenmaan poliisilaitos;19;Tiistai;96;13;0;40;1;-1;1;1;-1;;49;Espoo;-1;-1;-1;K;-1;;;;370219;6677125;E;1;15;0;-1;KIRKKOKATU 10                           ;-1;-1;-1;-1;;-1;-1;;-1;;;;
8411019;2;40927;1;;;2017;6;2017-06-12 00:00:00;0;0;0;5500;Helsingin poliisilaitos;22;Maanantai;4;3;2;40;1;2;2;4;1;;49;Espoo;-1;-1;-1;K;-1;;;;376993;6678942;E;1;12;0;-1;RASTAALANTIE                            ;-1;-1;-1;-1;;-1;-1;;-1;;;;
8291662;2;40928;1;;;2017;4;2017-04-06 00:00:00;0;1;2;5500;Helsingin poliisilaitos;7;Torstai;86;1;1;40;1;1;1;1;1;;91;Helsinki;-1;-1;-1;K;-1;;;;380788;6679790;E;1;0;2;-1;KONALANTIE 39                           ;-1;-1;-1;-1;;-1;-1;;-1;;;;
8565819;2;40928;1;;;2017;10;2017-10-26 00:00:00;0;0;0;5500;Helsingin poliisilaitos;13;Torstai;81;13;3;30;1;5;1;6;1;;91;Helsinki;-1;-1;-1;K;-1;;;;380754;6678937;E;1;2;0;-1;PIISPANTIE 2                            ;-1;-1;-1;-1;;-1;-1;;-1;;;;
8411321;2;40931;1;;;2017;6;2017-06-02 00:00:00;0;0;0;5560;ItÑ-Uudenmaan poliisilaitos;12;Perjantai;8;6;2;50;1;1;1;2;1;;92;Vantaa;-1;-1;-1;K;-1;;;;379894;6684665;E;1;8;0;-1;MARTINKYLéNTIE 39                       ;-1;-1;-1;-1;;-1;-1;;-1;;;;
8412849;2;40931;1;;;2017;7;2017-07-20 00:00:00;0;0;0;5560;ItÑ-Uudenmaan poliisilaitos;18;Torstai;8;6;2;50;1;1;1;1;1;;92;Vantaa;-1;-1;-1;K;-1;;;;380288;6684745;E;1;23;4;-1;MARTINKYLéNTIE X RAAPPAVUORENTIE        ;-1;-1;-1;-1;;-1;-1;;-1;;;;
8413098;2;40931;1;;;2017;7;2017-07-21 00:00:00;0;0;0;5560;ItÑ-Uudenmaan poliisilaitos;10;Perjantai;8;6;2;50;1;1;1;1;1;;92;Vantaa;-1;-1;-1;K;-1;;;;381073;6685080;E;1;20;4;-1;KIVIVUORENTIE X MARTINKYLéNTIE          ;-1;-1;-1;-1;;-1;-1;;-1;;;;
8413791;2;40931;1;;;2017;7;2017-07-27 00:00:00;0;0;0;5560;ItÑ-Uudenmaan poliisilaitos;7;Torstai;49;4;2;40;1;1;1;1;1;;92;Vantaa;-1;-1;-1;K;-1;;;;380339;6684767;E;1;15;2;-1;RAAPPAVUORENTIE X MARTINKYLéNTIE        ;-1;-1;-1;-1;;-1;-1;;-1;;;;
8460757;2;40931;1;;;2017;8;2017-08-18 00:00:00;0;0;0;5560;ItÑ-Uudenmaan poliisilaitos;11;Perjantai;96;13;2;40;-1;1;1;1;-1;;92;Vantaa;-1;-1;-1; ;-1;;;;379438;6684268;E;1;20;0;-1;MARTINKYLéNTIE                          ;-1;-1;-1;-1;;-1;-1;;-1;;;;
8461263;2;40931;1;;;2017;6;2017-06-21 00:00:00;0;0;0;5560;ItÑ-Uudenmaan poliisilaitos;4;Keskiviikko;82;1;1;50;1;1;1;1;1;;92;Vantaa;-1;-1;-1;K;-1;;;;382060;6685732;E;1;10;0;-1;VANTAANKOSKENTIE                        ;-1;-1;-1;-1;;-1;-1;;-1;;;;
8296454;2;40932;;;;2017;5;2017-05-02 00:00:00;0;0;0;5500;Helsingin poliisilaitos;9;Tiistai;55;8;2;50;1;1;1;1;2;;91;Helsinki;-1;-1;-1;K;-1;;;;385848;6677827;E;1;12;0;-1;ASESEPéNTIE X ASESEPéNKUJA              ;-1;-1;-1;-1;;-1;-1;;-1;;;;
8411022;2;40932;;;;2017;6;2017-06-20 00:00:00;0;1;2;5500;Helsingin poliisilaitos;17;Tiistai;50;8;2;50;1;1;1;1;2;;91;Helsinki;-1;-1;-1;K;-1;;;;386083;6677874;E;1;12;5;-1;ASESEPéNTIE X TINASEPéNTIE              ;-1;-1;-1;-1;;-1;-1;;-1;;;;
8130935;2;40933;1;;;2017;3;2017-03-24 00:00:00;0;0;0;5500;Helsingin poliisilaitos;10;Perjantai;6;6;2;50;1;1;1;1;1;;91;Helsinki;-1;-1;-1;K;-1;;;;385191;6676271;E;1;3;0;-1;VETURITIE                               ;-1;-1;-1;-1;;-1;-1;;-1;;;;
8291816;2;40933;1;;;2017;4;2017-04-08 00:00:00;0;0;0;5500;Helsingin poliisilaitos;11;Lauantai;6;6;2;50;1;1;1;1;1;;91;Helsinki;-1;-1;-1;K;-1;;;;385195;6676322;E;2;3;0;-1;VETURITIE                               ;-1;-1;-1;-1;;-1;-1;;-1;;;;
8410606;2;40933;1;;;2017;6;2017-06-08 00:00:00;0;0;0;5500;Helsingin poliisilaitos;21;Torstai;4;3;2;40;1;2;2;2;1;;91;Helsinki;-1;-1;-1;K;-1;;;;385497;6677755;E;1;16;0;-1;VETURITIE X METSéLéNTIE                 ;-1;-1;-1;-1;;-1;-1;;-1;;;;
8564281;2;40933;1;;;2017;10;2017-10-12 00:00:00;0;0;0;5500;Helsingin poliisilaitos;16;Torstai;6;6;2;40;1;2;1;4;1;;91;Helsinki;-1;-1;-1;K;-1;;;;386302;6678803;E;1;10;4;-1;KéSKYNHALTIJANTIE                       ;-1;-1;-1;-1;;-1;-1;;-1;;;;
8291553;2;40934;1;;;2017;4;2017-04-11 00:00:00;0;0;0;5500;Helsingin poliisilaitos;8;Tiistai;4;3;2;50;1;1;1;2;1;;91;Helsinki;-1;-1;-1;K;-1;;;;387483;6675278;E;1;6;5;-1;KYLéSAARENKATU 1-3                      ;-1;-1;-1;-1;;-1;-1;;-1;;;;
8297339;2;40934;1;;;2017;5;2017-05-21 00:00:00;0;0;0;5500;Helsingin poliisilaitos;19;Sunnuntai;6;6;2;30;1;1;1;1;1;;91;Helsinki;-1;-1;-1;K;-1;;;;388036;6674615;E;1;18;0;-1;KYLéSAARENKATU X VERKKOSAARENKUJA       ;-1;-1;-1;-1;;-1;-1;;-1;;;;
8506818;2;40934;1;;;2017;9;2017-09-06 00:00:00;0;1;2;5500;Helsingin poliisilaitos;16;Keskiviikko;40;8;2;40;0;1;1;2;3;;91;Helsinki;-1;-1;-1;E;-1;;;;388063;6674492;E;1;15;0;-1;KYLéSAARENTIE 14                        ;-1;-1;-1;-1;;-1;-1;;-1;;;;
8130848;2;40935;1;;;2017;3;2017-03-14 00:00:00;0;0;0;5500;Helsingin poliisilaitos;9;Tiistai;52;4;2;50;1;1;1;2;1;;91;Helsinki;-1;-1;-1;K;-1;;;;387937;6677287;E;1;3;2;-1;KOSKELANTIE 72                          ;-1;-1;-1;-1;;-1;-1;;-1;;;;
8296437;2;40935;1;;;2017;5;2017-05-08 00:00:00;0;0;0;5500;Helsingin poliisilaitos;9;Maanantai;8;6;2;40;1;1;1;1;2;;91;Helsinki;-1;-1;-1;K;-1;;;;389669;6678232;E;1;7;5;-1;VIIKINTIE                               ;-1;-1;-1;-1;;-1;-1;;-1;;;;
8410739;2;40935;1;;;2017;6;2017-06-21 00:00:00;0;0;0;5500;Helsingin poliisilaitos;15;Keskiviikko;99;13;2;50;1;-1;1;-1;-1;;91;Helsinki;-1;-1;-1;K;-1;;;;388070;6677285;E;1;15;0;-1;VIIKINTIE                               ;-1;-1;-1;-1;;-1;-1;;-1;;;;
8460791;2;40935;1;;;2017;8;2017-08-17 00:00:00;0;0;0;5500;Helsingin poliisilaitos;11;Torstai;12;2;2;50;1;2;1;2;1;;91;Helsinki;-1;-1;-1;K;-1;;;;388525;6677550;E;1;20;5;-1;VIIKINTIE X SéYNéSLAHDENTIE 2           ;-1;-1;-1;-1;;-1;-1;;-1;;;;
8772259;2;40935;1;;;2017;12;2017-12-15 00:00:00;0;0;0;5500;Helsingin poliisilaitos;7;Perjantai;4;3;3;50;1;5;4;5;1;;91;Helsinki;-1;-1;-1;K;-1;;;;388041;6677281;E;1;1;4;-1;KOSKELANTIE X HéMEENTIE                 ;-1;-1;-1;-1;;-1;-1;;-1;;;;
8291704;2;40936;1;;;2017;4;2017-04-13 00:00:00;0;0;0;5500;Helsingin poliisilaitos;15;Torstai;29;5;2;40;1;2;1;2;1;;91;Helsinki;-1;-1;-1;K;-1;;;;386340;6677996;E;1;3;0;-1;MéKITORPANTIE X OLTERMANNINTIE          ;-1;-1;-1;-1;;-1;-1;;-1;;;;
8297015;2;40936;1;;;2017;5;2017-05-10 00:00:00;0;0;0;5500;Helsingin poliisilaitos;15;Keskiviikko;91;1;1;30;1;2;1;6;1;;91;Helsinki;-1;-1;-1;K;-1;;;;386786;6678604;E;1;4;0;-1;MESTARINTIE 3                           ;-1;-1;-1;-1;;-1;-1;;-1;;;;
8413149;2;40936;1;;;2017;7;2017-07-25 00:00:00;0;0;0;5500;Helsingin poliisilaitos;18;Tiistai;30;2;2;40;1;1;1;2;1;;91;Helsinki;-1;-1;-1;K;-1;;;;386352;6677686;E;1;20;2;-1;PANUNTIE X OSMONTIE                     ;-1;-1;-1;-1;;-1;-1;;-1;;;;
8617904;2;40936;1;;;2017;11;2017-11-03 00:00:00;0;1;2;5500;Helsingin poliisilaitos;17;Perjantai;64;9;2;40;1;1;2;2;2;;91;Helsinki;-1;-1;-1;K;-1;;;;386405;6677561;E;1;2;0;-1;PANUNTIE                                ;-1;-1;-1;-1;;-1;-1;;-1;;;;