accidentId;roadmain;road;rseg;rdist;rway;year;month;day;dead;injr;severlvl;poldis;disname;hour;wkday;acctype;acclass;partnum;spdlim;urbmrk;surface;brightness;weather;accloc;roadnum;municipality;munidesc;spdtype;spddiropp;spddirmeas;Urban;roadtype;avg;hevavg;rwid;X;Y;roadwork;pavement;temperature;intersection;railroad;address;privacy;wintmaint;Tienverkas;action;Luovpvm;lightown;cross-sec;coatwidth;roadcoat;vision150;vision300;vision460;frameroad
8120626;2;;;;;2017;1;2017-01-13 00:00:00;0;0;0;5500;Helsingin poliisilaitos;21;Perjantai;96;13;2;30;1;2;3;3;1;;91;Helsinki;-1;-1;-1;K;-1;;;;385525;6671798;E;1;2;0;-1;KALEVANKATU 12                          ;-1;-1;-1;-1;;-1;-1;;-1;;;;
8120638;2;;;;;2017;1;2017-01-26 00:00:00;0;0;0;5500;Helsingin poliisilaitos;15;Torstai;99;13;2;40;1;2;1;2;1;;91;Helsinki;-1;-1;-1;K;-1;;;;393530;6677704;E;1;3;0;-1;ALAKIVENTIE 3                           ;-1;-1;-1;-1;;-1;-1;;-1;;;;
8120655;2;;;;;2017;1;2017-01-14 00:00:00;0;0;0;5560;ItÑ-Uudenmaan poliisilaitos;8;Lauantai;84;13;2;40;1;4;2;2;1;;92;Vantaa;-1;-1;-1;K;-1;;;;393077;6686212;E;1;0;5;-1;OHRATIE 11                              ;-1;-1;-1;-1;;-1;-1;;-1;;;;
8120657;2;;;;;2017;1;2017-01-07 00:00:00;0;0;0;5500;Helsingin poliisilaitos;24;Lauantai;81;1;1;20;1;4;4;2;1;;91;Helsinki;-1;-1;-1;K;-1;;;;389593;6679149;E;1;-1;0;-1;KIILLETIE 5                             ;-1;-1;-1;-1;;-1;-1;;-1;;;;
8120676;2;;;;;2017;1;2017-01-02 00:00:00;0;0;0;5500;Helsingin poliisilaitos;16;Maanantai;49;13;2;30;1;2;1;6;1;;91;Helsinki;-1;-1;-1;K;-1;;;;386126;6671318;E;1;-2;5;-1;KASARMIKATU X PUNANOTKONKATU            ;-1;-1;-1;-1;;-1;-1;;-1;;;;
8120677;2;;;;;2017;1;2017-01-12 00:00:00;0;0;0;5560;ItÑ-Uudenmaan poliisilaitos;15;Torstai;99;13;1;50;1;-1;1;-1;1;;245;Kerava;-1;-1;-1;K;-1;;;;395385;6696786;E;1;0;4;-1;SAVIONTIE X KERAVANTIE                  ;-1;-1;-1;-1;;-1;-1;;-1;;;;
8120690;2;;;;;2017;1;2017-01-06 00:00:00;0;0;0;5500;Helsingin poliisilaitos;4;Perjantai;99;13;2;40;1;4;4;1;1;;91;Helsinki;-1;-1;-1;K;-1;;;;391594;6674714;E;1;-20;0;-1;PUUSEPéNKATU                            ;-1;-1;-1;-1;;-1;-1;;-1;;;;
8120692;2;;;;;2017;1;2017-01-30 00:00:00;0;1;2;5500;Helsingin poliisilaitos;18;Maanantai;71;9;2;40;1;2;4;2;1;;91;Helsinki;-1;-1;-1;K;-1;;;;391428;6679233;E;1;2;0;-1;LATOKARTANONKAARI 40                    ;-1;-1;-1;-1;;-1;-1;;-1;;;;
8120709;2;;;;;2017;1;2017-01-27 00:00:00;0;0;0;5560;ItÑ-Uudenmaan poliisilaitos;14;Perjantai;9;13;2;40;1;7;1;1;1;;92;Vantaa;-1;-1;-1;K;-1;;;;394627;6682990;E;2;3;0;-1;HARJUNREUNA                             ;-1;-1;-1;-1;;-1;-1;;-1;;;;
8120710;2;;;;;2017;1;2017-01-05 00:00:00;0;0;0;5500;Helsingin poliisilaitos;13;Torstai;19;2;2;40;1;-1;1;1;4;;91;Helsinki;-1;-1;-1;K;-1;;;;393907;6676605;E;1;-15;0;-1;ITéKATU 3                               ;-1;-1;-1;-1;;-1;-1;;-1;;;;
8121466;2;;;;;2017;2;2017-02-14 00:00:00;0;0;0;5530;LÑnsi-Uudenmaan poliisilaitos;14;Tiistai;40;4;2;40;1;7;1;1;1;;444;Lohja;-1;-1;-1;K;-1;;;;337663;6681797;E;1;7;2;-1;MALMINKATU X MYYRYNTIE                  ;-1;-1;-1;-1;;-1;-1;;-1;;;;
8121473;2;;;;;2017;2;2017-02-18 00:00:00;0;0;0;5560;ItÑ-Uudenmaan poliisilaitos;11;Lauantai;7;6;2;40;1;2;1;2;1;;92;Vantaa;-1;-1;-1;K;-1;;;;395146;6683576;E;1;6;2;-1;HIIRAKKOTIE                             ;-1;-1;-1;-1;;-1;-1;;-1;;;;
8121474;2;;;;;2017;2;2017-02-13 00:00:00;0;0;0;5500;Helsingin poliisilaitos;13;Maanantai;93;1;1;30;1;1;1;1;1;;91;Helsinki;-1;-1;-1;K;-1;;;;387251;6673935;E;1;6;1;-1;SUVILAHDENKATU X VILHONVUORENKATU       ;-1;-1;-1;-1;;-1;-1;;-1;;;;
8121475;2;;;;;2017;2;2017-02-14 00:00:00;0;1;2;5500;Helsingin poliisilaitos;4;Tiistai;71;9;2;30;1;1;4;2;1;;91;Helsinki;-1;-1;-1;K;-1;;;;385245;6671613;E;1;6;4;-1;ALBERTINKATU X KALEVANKATU              ;-1;-1;-1;-1;;-1;-1;;-1;;;;
8121480;2;;;;;2017;2;2017-02-13 00:00:00;0;0;0;5560;ItÑ-Uudenmaan poliisilaitos;16;Maanantai;40;4;2;40;1;2;1;1;1;;92;Vantaa;-1;-1;-1;K;-1;;;;392381;6689173;E;1;5;2;-1;KOIVUKYLéN PUISTOTIE X KUUSITIE         ;-1;-1;-1;-1;;-1;-1;;-1;;;;
8121481;2;;;;;2017;2;2017-02-14 00:00:00;0;0;0;5560;ItÑ-Uudenmaan poliisilaitos;12;Tiistai;59;1;1;40;1;2;1;1;1;;434;Loviisa;-1;-1;-1;K;-1;;;;457572;6702559;E;1;5;5;-1;MARIANKATU 16                           ;-1;-1;-1;-1;;-1;-1;;-1;;;;
8121482;2;;;;;2017;2;2017-02-13 00:00:00;0;0;0;5560;ItÑ-Uudenmaan poliisilaitos;18;Maanantai;4;3;2;-1;1;-1;1;-1;4;;186;JÑrvenpÑÑ;-1;-1;-1;K;-1;;;;393852;6707868;E;-1;5;0;-1;OKSAPOLKU 1                             ;-1;-1;-1;-1;;-1;-1;;-1;;;;
8121484;2;;;;;2017;2;2017-02-14 00:00:00;0;0;0;5500;Helsingin poliisilaitos;20;Tiistai;62;9;2;30;1;2;4;1;2;;91;Helsinki;-1;-1;-1;K;-1;;;;390834;6674531;E;1;5;2;-1;HITSAAJANKATU X PETTER WETTERINTIE      ;-1;-1;-1;-1;;-1;-1;;-1;;;;
8121494;2;;;;;2017;2;2017-02-16 00:00:00;0;0;0;5530;LÑnsi-Uudenmaan poliisilaitos;-1;Torstai;83;1;1;40;1;2;1;2;1;;49;Espoo;-1;-1;-1;K;-1;;;;378947;6677771;E;1;4;4;-1;HEVOSENKENKé X LEPPéVAARANAUKIO         ;-1;-1;-1;-1;;-1;-1;;-1;;;;
8121497;2;;;;;2017;2;2017-02-28 00:00:00;0;0;0;5500;Helsingin poliisilaitos;14;Tiistai;96;13;2;30;1;-1;1;-1;-1;;91;Helsinki;-1;-1;-1;K;-1;;;;383657;6671321;E;1;4;0;-1;TALLBERGINKATU                          ;-1;-1;-1;-1;;-1;-1;;-1;;;;
8121500;2;;;;;2017;2;2017-02-16 00:00:00;0;0;0;5500;Helsingin poliisilaitos;16;Torstai;2;3;2;30;1;1;1;2;1;;91;Helsinki;-1;-1;-1;K;-1;;;;385819;6672179;E;1;4;0;-1;KAIVOKATU X MIKONKATU                   ;-1;-1;-1;-1;;-1;-1;;-1;;;;
8121501;2;;;;;2017;2;2017-02-17 00:00:00;0;0;0;5500;Helsingin poliisilaitos;13;Perjantai;13;1;1;40;1;2;1;2;1;;91;Helsinki;-1;-1;-1;K;-1;;;;383936;6671021;E;1;4;2;-1;SAUKONPAADENRANTA X LéNSISATAMANKATU    ;-1;-1;-1;-1;;-1;-1;;-1;;;;
8121503;2;;;;;2017;2;2017-02-17 00:00:00;0;0;0;5500;Helsingin poliisilaitos;24;Perjantai;51;4;2;40;1;2;4;2;1;;91;Helsinki;-1;-1;-1;K;-1;;;;381168;6671648;E;1;4;1;-1;TELKKéKUJA X KATAJAHARJUNTIE            ;-1;-1;-1;-1;;-1;-1;;-1;;;;
8121504;2;;;;;2017;2;2017-02-28 00:00:00;0;0;0;5530;LÑnsi-Uudenmaan poliisilaitos;16;Tiistai;69;9;1;50;1;-1;1;-1;-1;;49;Espoo;-1;-1;-1;K;-1;;;;376990;6678665;E;1;4;0;-1;RASTAALANTIE X PééSKYSKUJA              ;-1;-1;-1;-1;;-1;-1;;-1;;;;
8121505;2;;;;;2017;2;2017-02-28 00:00:00;0;0;0;5530;LÑnsi-Uudenmaan poliisilaitos;17;Tiistai;99;13;2;40;1;-1;2;-1;-1;;49;Espoo;-1;-1;-1;K;-1;;;;378407;6677765;E;1;4;0;-1;RUMMUNLYôJéNKATU 8                      ;-1;-1;-1;-1;;-1;-1;;-1;;;;
8121506;2;;;;;2017;2;2017-02-28 00:00:00;0;0;0;5560;ItÑ-Uudenmaan poliisilaitos;12;Tiistai;6;6;2;50;1;2;1;2;1;;92;Vantaa;-1;-1;-1;K;-1;;;;387847;6682708;E;1;4;4;-1;TAPANINKYLéNTIE X VALIMOTIE             ;-1;-1;-1;-1;;-1;-1;;-1;;;;
8121507;2;;;;;2017;2;2017-02-15 00:00:00;0;1;2;5500;Helsingin poliisilaitos;8;Keskiviikko;62;9;2;40;1;2;1;1;2;;91;Helsinki;-1;-1;-1;K;-1;;;;384580;6674368;E;1;4;4;-1;REIJOLANKATU X URHEILUKATU              ;-1;-1;-1;-1;;-1;-1;;-1;;;;
8121508;2;;;;;2017;2;2017-02-17 00:00:00;0;0;0;5500;Helsingin poliisilaitos;15;Perjantai;99;13;1;30;1;-1;1;-1;-1;;91;Helsinki;-1;-1;-1;K;-1;;;;386677;6676874;E;1;4;0;-1;UNTAMONTIE 15                           ;-1;-1;-1;-1;;-1;-1;;-1;;;;
8121522;2;;;;;2017;2;2017-02-16 00:00:00;0;1;2;5560;ItÑ-Uudenmaan poliisilaitos;15;Torstai;42;8;2;40;1;-1;1;2;2;;92;Vantaa;-1;-1;-1;K;-1;;;;391446;6686419;E;1;3;0;-1;VALKOISENLéHTEENTIE X TALVIKKIRINNE     ;-1;-1;-1;-1;;-1;-1;;-1;;;;
8121523;2;;;;;2017;2;2017-02-13 00:00:00;0;0;0;5530;LÑnsi-Uudenmaan poliisilaitos;13;Maanantai;8;1;1;30;1;1;1;1;1;;49;Espoo;-1;-1;-1;K;-1;;;;370398;6677041;E;1;3;5;-1;KAIVOMESTARINNIITTY 2                   ;-1;-1;-1;-1;;-1;-1;;-1;;;;
8121524;2;;;;;2017;2;2017-02-16 00:00:00;0;0;0;5530;LÑnsi-Uudenmaan poliisilaitos;16;Torstai;15;8;2;40;1;-1;1;-1;-1;;49;Espoo;-1;-1;-1;K;-1;;;;374707;6674105;E;1;3;0;-1;KLARIKSENTIE X MAAKIRJANTIE             ;-1;-1;-1;-1;;-1;-1;;-1;;;;
8121528;2;;;;;2017;2;2017-02-15 00:00:00;0;0;0;5500;Helsingin poliisilaitos;10;Keskiviikko;36;2;2;40;1;2;1;1;1;;91;Helsinki;-1;-1;-1;K;-1;;;;392989;6679606;E;1;3;2;-1;KIVIKONKAARI X VARUSTUKSENTIE           ;-1;-1;-1;-1;;-1;-1;;-1;;;;
8121529;2;;;;;2017;2;2017-02-16 00:00:00;0;0;0;5500;Helsingin poliisilaitos;18;Torstai;8;6;2;40;1;2;4;2;1;;91;Helsinki;-1;-1;-1;K;-1;;;;384604;6671560;E;1;3;0;-1;MECHELININKATU X PORKKALANKATU          ;-1;-1;-1;-1;;-1;-1;;-1;;;;
8121531;2;;;;;2017;2;2017-02-17 00:00:00;0;0;0;5560;ItÑ-Uudenmaan poliisilaitos;12;Perjantai;52;4;2;-1;0;2;2;4;4;;91;Helsinki;-1;-1;-1;E;-1;;;;385912;6677757;E;1;3;0;-1;ASESEPéNKUJA 2                          ;-1;-1;-1;-1;;-1;-1;;-1;;;;
8121532;2;;;;;2017;2;2017-02-17 00:00:00;0;1;2;5560;ItÑ-Uudenmaan poliisilaitos;15;Perjantai;75;9;2;40;1;2;2;2;3;;92;Vantaa;-1;-1;-1;K;-1;;;;391716;6685664;E;1;3;0;-1;ASEMATIE 7                              ;-1;-1;-1;-1;;-1;-1;;-1;;;;
8121533;2;;;;;2017;2;2017-02-17 00:00:00;0;0;0;5560;ItÑ-Uudenmaan poliisilaitos;6;Perjantai;91;1;1;40;1;6;2;2;1;;106;HyvinkÑÑ;-1;-1;-1;K;-1;;;;382531;6722759;E;1;3;0;-1;MARTINKATU 13-15                        ;-1;-1;-1;-1;;-1;-1;;-1;;;;
8121534;2;;;;;2017;2;2017-02-20 00:00:00;0;0;0;5500;Helsingin poliisilaitos;3;Maanantai;81;13;0;50;1;6;4;1;1;;91;Helsinki;-1;-1;-1;K;-1;;;;393182;6682327;E;1;3;0;-1;VANHA PORVOONTIE                        ;-1;-1;-1;-1;;-1;-1;;-1;;;;
8121535;2;;;;;2017;2;2017-02-17 00:00:00;0;0;0;5500;Helsingin poliisilaitos;8;Perjantai;99;13;1;30;1;-1;2;-1;-1;;91;Helsinki;-1;-1;-1;K;-1;;;;385521;6671964;E;1;3;0;-1;YRJôNKATU 29                            ;-1;-1;-1;-1;;-1;-1;;-1;;;;
8121536;2;;;;;2017;2;2017-02-18 00:00:00;0;0;0;5500;Helsingin poliisilaitos;14;Lauantai;99;13;1;40;1;-1;1;-1;-1;;91;Helsinki;-1;-1;-1;K;-1;;;;384967;6674311;E;1;3;0;-1;POHJOINEN STADIONTIE                    ;-1;-1;-1;-1;;-1;-1;;-1;;;;
8121537;2;;;;;2017;2;2017-02-18 00:00:00;0;0;0;5500;Helsingin poliisilaitos;17;Lauantai;99;13;1;30;1;-1;3;-1;-1;;91;Helsinki;-1;-1;-1;K;-1;;;;383212;6679570;E;1;3;0;-1;KANTELETTARENTIE 1                      ;-1;-1;-1;-1;;-1;-1;;-1;;;;
8121538;2;;;;;2017;2;2017-02-17 00:00:00;0;0;0;5500;Helsingin poliisilaitos;11;Perjantai;99;13;1;40;1;-1;1;-1;-1;;91;Helsinki;-1;-1;-1;K;-1;;;;391908;6673111;E;1;3;0;-1;YLISKYLéNTIE 3                          ;-1;-1;-1;-1;;-1;-1;;-1;;;;
8121568;2;;;;;2017;1;2017-01-22 00:00:00;0;0;0;5560;ItÑ-Uudenmaan poliisilaitos;17;Sunnuntai;7;6;2;40;1;2;1;1;1;;92;Vantaa;-1;-1;-1;K;-1;;;;388025;6685307;E;1;2;0;-1;VALIMOTIE X TASETIE                     ;-1;-1;-1;-1;;-1;-1;;-1;;;;
8121569;2;;;;;2017;2;2017-02-16 00:00:00;0;0;0;5560;ItÑ-Uudenmaan poliisilaitos;18;Torstai;52;4;2;40;1;2;4;2;1;;92;Vantaa;-1;-1;-1;K;-1;;;;379080;6684381;E;1;2;2;-1;TIILENPOLTTAJANKUJA X PETIKONTIE        ;-1;-1;-1;-1;;-1;-1;;-1;;;;
8121570;2;;;;;2017;2;2017-02-15 00:00:00;0;0;0;5560;ItÑ-Uudenmaan poliisilaitos;16;Keskiviikko;36;2;2;50;1;1;1;1;1;;858;Tuusula;-1;-1;-1;K;-1;;;;395983;6710917;E;1;2;0;-1;OPPIPOJANTIE                            ;-1;-1;-1;-1;;-1;-1;;-1;;;;
8121571;2;;;;;2017;2;2017-02-16 00:00:00;0;0;0;5560;ItÑ-Uudenmaan poliisilaitos;18;Torstai;52;4;2;50;1;2;4;1;1;;92;Vantaa;-1;-1;-1;K;-1;;;;389757;6685605;E;1;2;2;-1;PUUTARHATIE X TIKKURILANTIE             ;-1;-1;-1;-1;;-1;-1;;-1;;;;
8121572;2;;;;;2017;2;2017-02-16 00:00:00;0;0;0;5530;LÑnsi-Uudenmaan poliisilaitos;13;Torstai;11;1;1;40;1;1;1;2;4;;710;Raasepori;-1;-1;-1;K;-1;;;;301266;6654131;E;1;2;0;-1;STATIONSVéGEN 1                         ;-1;-1;-1;-1;;-1;-1;;-1;;;;
8121583;2;;;;;2017;2;2017-02-28 00:00:00;0;0;0;5500;Helsingin poliisilaitos;15;Tiistai;52;4;2;40;1;5;1;2;1;;91;Helsinki;-1;-1;-1;K;-1;;;;391289;6676305;E;1;2;2;-1;SIILITIE X SIILIKUJA                    ;-1;-1;-1;-1;;-1;-1;;-1;;;;
8121585;2;;;;;2017;2;2017-02-16 00:00:00;0;0;0;5500;Helsingin poliisilaitos;16;Torstai;4;3;2;30;1;1;1;2;1;;91;Helsinki;-1;-1;-1;K;-1;;;;384155;6673545;E;1;2;0;-1;MERIKANNONTIE                           ;-1;-1;-1;-1;;-1;-1;;-1;;;;
8121587;2;;;;;2017;2;2017-02-18 00:00:00;0;0;0;5500;Helsingin poliisilaitos;18;Lauantai;20;5;2;-1;1;1;3;2;4;;91;Helsinki;-1;-1;-1;K;-1;;;;385427;6679238;E;1;2;0;-1;PAKILANTIE 18                           ;-1;-1;-1;-1;;-1;-1;;-1;;;;
8121588;2;;;;;2017;2;2017-02-18 00:00:00;0;0;0;5500;Helsingin poliisilaitos;23;Lauantai;99;13;2;40;1;1;4;2;1;;91;Helsinki;-1;-1;-1;K;-1;;;;389883;6679183;E;1;2;0;-1;MOREENITIE                              ;-1;-1;-1;-1;;-1;-1;;-1;;;;
8121589;2;;;;;2017;2;2017-02-27 00:00:00;0;3;2;5530;LÑnsi-Uudenmaan poliisilaitos;20;Maanantai;29;5;2;50;1;5;4;2;1;;49;Espoo;-1;-1;-1;K;-1;;;;370671;6671033;E;1;2;0;-1;MARTINSILLANTIE X MARTINMETSé           ;-1;-1;-1;-1;;-1;-1;;-1;;;;
8121590;2;;;;;2017;2;2017-02-28 00:00:00;0;0;0;5530;LÑnsi-Uudenmaan poliisilaitos;10;Tiistai;99;13;0;-1;1;-1;1;-1;4;;49;Espoo;-1;-1;-1;K;-1;;;;373607;6679762;E;-1;2;0;-1;HEINIEMENPOLKU 1                        ;-1;-1;-1;-1;;-1;-1;;-1;;;;
8121591;2;;;;;2017;2;2017-02-17 00:00:00;0;0;0;5560;ItÑ-Uudenmaan poliisilaitos;10;Perjantai;49;4;2;40;1;5;1;6;1;;106;HyvinkÑÑ;-1;-1;-1;K;-1;;;;382616;6722701;E;1;2;2;-1;SEITTEMéNMIEHENKATU X MARTINKATU        ;-1;-1;-1;-1;;-1;-1;;-1;;;;
8121593;2;;;;;2017;1;2017-01-27 00:00:00;0;0;0;5560;ItÑ-Uudenmaan poliisilaitos;7;Perjantai;6;6;2;40;1;2;4;3;1;;92;Vantaa;-1;-1;-1;K;-1;;;;395172;6683578;E;1;2;2;-1;HIIRAKKOTIE X HAKUNILANTIE              ;-1;-1;-1;-1;;-1;-1;;-1;;;;
8121595;2;;;;;2017;2;2017-02-13 00:00:00;0;0;0;5500;Helsingin poliisilaitos;16;Maanantai;4;3;2;30;1;2;1;2;1;;91;Helsinki;-1;-1;-1;K;-1;;;;384672;6671125;E;1;2;0;-1;JéTKéSAARENLAITURI                      ;-1;-1;-1;-1;;-1;-1;;-1;;;;
8121596;2;;;;;2017;2;2017-02-19 00:00:00;0;0;0;5500;Helsingin poliisilaitos;16;Sunnuntai;4;3;2;40;1;2;1;2;1;;91;Helsinki;-1;-1;-1;K;-1;;;;385192;6671868;E;1;2;5;-1;MALMINRINNE X RUNEBERGINKATU            ;-1;-1;-1;-1;;-1;-1;;-1;;;;
8121598;2;;;;;2017;2;2017-02-20 00:00:00;0;0;0;5500;Helsingin poliisilaitos;18;Maanantai;96;13;2;50;1;5;2;2;5;;91;Helsinki;-1;-1;-1;K;-1;;;;382748;6675222;E;1;2;0;-1;HUOPALAHDENTIE 1                        ;-1;-1;-1;-1;;-1;-1;;-1;;;;
8121603;2;;;;;2017;2;2017-02-15 00:00:00;0;0;0;5500;Helsingin poliisilaitos;18;Keskiviikko;99;13;1;40;1;-1;1;-1;-1;;91;Helsinki;-1;-1;-1;K;-1;;;;390889;6675000;E;1;1;0;-1;HIIHTOMéENTIE 21                        ;-1;-1;-1;-1;;-1;-1;;-1;;;;
8121604;2;;;;;2017;2;2017-02-16 00:00:00;0;0;0;5500;Helsingin poliisilaitos;17;Torstai;52;4;2;40;1;1;1;2;1;;91;Helsinki;-1;-1;-1;K;-1;;;;386648;6674261;E;1;1;2;-1;ALEKSIS KIVEN KATU X KUSTAANKATU        ;-1;-1;-1;-1;;-1;-1;;-1;;;;
8121605;2;;;;;2017;2;2017-02-16 00:00:00;0;0;0;5500;Helsingin poliisilaitos;18;Torstai;8;6;0;50;1;1;2;2;1;;91;Helsinki;-1;-1;-1;K;-1;;;;387134;6674683;E;1;1;0;-1;HéMEENTIE 63                            ;-1;-1;-1;-1;;-1;-1;;-1;;;;
8121606;2;;;;;2017;2;2017-02-18 00:00:00;0;0;0;5500;Helsingin poliisilaitos;8;Lauantai;4;3;2;-1;1;1;1;1;1;;91;Helsinki;-1;-1;-1;K;-1;;;;386978;6674044;E;1;1;0;-1;HéMEENTIE 29                            ;-1;-1;-1;-1;;-1;-1;;-1;;;;
8121607;2;;;;;2017;2;2017-02-03 00:00:00;0;0;0;5560;ItÑ-Uudenmaan poliisilaitos;24;Perjantai;82;13;0;50;1;7;4;1;1;;106;HyvinkÑÑ;-1;-1;-1;K;-1;;;;381955;6725608;E;1;1;0;-1;POHJOINEN YHDYSTIE                      ;-1;-1;-1;-1;;-1;-1;;-1;;;;
8121608;2;;;;;2017;2;2017-02-01 00:00:00;0;1;2;5500;Helsingin poliisilaitos;12;Keskiviikko;71;9;2;40;1;1;1;1;1;;91;Helsinki;-1;-1;-1;K;-1;;;;385037;6673465;E;1;1;4;-1;HELSINGINKATU X MANNERHEIMINTIE         ;-1;-1;-1;-1;;-1;-1;;-1;;;;
8121609;2;;;;;2017;2;2017-02-04 00:00:00;0;0;0;5500;Helsingin poliisilaitos;16;Lauantai;52;13;3;40;1;2;1;2;5;;91;Helsinki;-1;-1;-1;K;-1;;;;384686;6674357;E;1;1;0;-1;NORDENSKJôLDINKATU 13                   ;-1;-1;-1;-1;;-1;-1;;-1;;;;
8121625;2;;;;;2017;1;2017-01-30 00:00:00;0;0;0;5560;ItÑ-Uudenmaan poliisilaitos;16;Maanantai;12;2;2;40;1;2;1;1;1;;92;Vantaa;-1;-1;-1;K;-1;;;;388889;6685587;E;1;1;1;-1;KôYHéMéENTIE X PIITIE                   ;-1;-1;-1;-1;;-1;-1;;-1;;;;
8121626;2;;;;;2017;1;2017-01-23 00:00:00;0;0;0;5560;ItÑ-Uudenmaan poliisilaitos;19;Maanantai;59;4;2;40;1;2;4;2;1;;92;Vantaa;-1;-1;-1;K;-1;;;;378512;6681166;E;1;1;1;-1;HéMEENKYLéNTIE X VIIKATETIE             ;-1;-1;-1;-1;;-1;-1;;-1;;;;
8121627;2;;;;;2017;2;2017-02-20 00:00:00;0;0;0;5560;ItÑ-Uudenmaan poliisilaitos;15;Maanantai;40;4;2;30;1;5;1;2;1;;638;Porvoo;-1;-1;-1;K;-1;;;;426452;6697051;E;1;1;1;-1;KUNINGATARENTIEXANTTILANTIE             ;-1;-1;-1;-1;;-1;-1;;-1;;;;
8121628;2;;;;;2017;2;2017-02-15 00:00:00;0;0;0;5560;ItÑ-Uudenmaan poliisilaitos;12;Keskiviikko;3;3;2;40;1;1;1;1;1;;92;Vantaa;-1;-1;-1;K;-1;;;;382227;6682578;E;1;1;4;-1;VANHA KAARELANTIE X VASKIVUORENTIE      ;-1;-1;-1;-1;;-1;-1;;-1;;;;
8121642;2;;;;;2017;2;2017-02-20 00:00:00;0;0;0;5560;ItÑ-Uudenmaan poliisilaitos;17;Maanantai;21;5;2;50;1;4;1;2;1;;434;Loviisa;-1;-1;-1;K;-1;;;;456398;6702048;E;1;0;0;-1;ARKKITEHDINTIE                          ;-1;-1;-1;-1;;-1;-1;;-1;;;;
8121643;2;;;;;2017;2;2017-02-20 00:00:00;0;0;0;5560;ItÑ-Uudenmaan poliisilaitos;8;Maanantai;53;4;2;40;1;-1;1;2;1;;638;Porvoo;-1;-1;-1;K;-1;;;;428704;6695086;E;1;0;1;-1;AURATIE X RIISTATIE                     ;-1;-1;-1;-1;;-1;-1;;-1;;;;
8121644;2;;;;;2017;2;2017-02-18 00:00:00;0;0;0;5530;LÑnsi-Uudenmaan poliisilaitos;4;Lauantai;86;13;0;30;1;4;4;2;1;;224;Karkkila;-1;-1;-1;K;-1;;;;346297;6713223;E;1;0;2;-1;KUUSELANTIE                             ;-1;-1;-1;-1;;-1;-1;;-1;;;;
8121645;2;;;;;2017;2;2017-02-23 00:00:00;0;0;0;5530;LÑnsi-Uudenmaan poliisilaitos;15;Torstai;69;9;0;40;1;4;1;2;2;;49;Espoo;-1;-1;-1;K;-1;;;;370245;6676536;E;1;0;0;-1;ASEMAKUJA 4                             ;-1;-1;-1;-1;;-1;-1;;-1;;;;
8121678;2;;;;;2017;2;2017-02-01 00:00:00;0;0;0;5500;Helsingin poliisilaitos;15;Keskiviikko;91;13;2;-1;1;2;1;2;4;;91;Helsinki;-1;-1;-1;K;-1;;;;385279;6679770;E;1;0;0;-1;PAKILANTIE 56                           ;-1;-1;-1;-1;;-1;-1;;-1;;;;
8121679;2;;;;;2017;2;2017-02-04 00:00:00;0;0;0;5500;Helsingin poliisilaitos;23;Lauantai;80;13;3;30;1;4;4;6;1;;91;Helsinki;-1;-1;-1;K;-1;;;;385474;6670431;E;1;0;0;-1;EIRANRANTA                              ;-1;-1;-1;-1;;-1;-1;;-1;;;;
8121681;2;;;;;2017;2;2017-02-15 00:00:00;0;0;0;5500;Helsingin poliisilaitos;8;Keskiviikko;13;2;2;40;1;1;1;2;1;;91;Helsinki;-1;-1;-1;K;-1;;;;386728;6674826;E;1;0;4;-1;MéKELéNKATU X STURENKATU                ;-1;-1;-1;-1;;-1;-1;;-1;;;;
8121682;2;;;;;2017;2;2017-02-20 00:00:00;0;1;2;5500;Helsingin poliisilaitos;9;Maanantai;84;1;1;40;1;6;1;2;1;;91;Helsinki;-1;-1;-1;K;-1;;;;380825;6681759;E;1;0;0;-1;HAAPAPERHOSENTIE                        ;-1;-1;-1;-1;;-1;-1;;-1;;;;
8121683;2;;;;;2017;2;2017-02-16 00:00:00;0;0;0;5500;Helsingin poliisilaitos;19;Torstai;99;13;1;40;1;-1;3;-1;-1;;91;Helsinki;-1;-1;-1;K;-1;;;;393636;6676799;E;1;0;0;-1;KASTELHOLMANTIE 2                       ;-1;-1;-1;-1;;-1;-1;;-1;;;;
8121684;2;;;;;2017;2;2017-02-22 00:00:00;0;1;2;5500;Helsingin poliisilaitos;21;Keskiviikko;13;2;2;40;1;5;4;5;1;;91;Helsinki;-1;-1;-1;K;-1;;;;386134;6673945;E;1;0;0;-1;HELSINGINKATU X KIRSTINKATU             ;-1;-1;-1;-1;;-1;-1;;-1;;;;
8121685;2;;;;;2017;2;2017-02-23 00:00:00;0;0;0;5500;Helsingin poliisilaitos;16;Torstai;13;2;2;50;1;2;1;2;1;;91;Helsinki;-1;-1;-1;K;-1;;;;390802;6674665;E;1;0;0;-1;LINNANRAKENTAJANTIE X ITéVéYLé          ;-1;-1;-1;-1;;-1;-1;;-1;;;;
8121686;2;;;;;2017;2;2017-02-01 00:00:00;0;1;2;5530;LÑnsi-Uudenmaan poliisilaitos;16;Keskiviikko;60;9;2;40;1;2;1;2;2;;49;Espoo;-1;-1;-1;K;-1;;;;372991;6680278;E;1;0;2;-1;AURORANPORTTI                           ;-1;-1;-1;-1;;-1;-1;;-1;;;;
8121687;2;;;;;2017;2;2017-02-02 00:00:00;0;0;0;5530;LÑnsi-Uudenmaan poliisilaitos;8;Torstai;20;1;1;30;1;5;2;4;1;;49;Espoo;-1;-1;-1;K;-1;;;;370954;6676911;E;1;0;0;-1;KYLéVAINIONTIE                          ;-1;-1;-1;-1;;-1;-1;;-1;;;;
8121690;2;;;;;2017;2;2017-02-03 00:00:00;0;0;0;5560;ItÑ-Uudenmaan poliisilaitos;15;Perjantai;99;13;2;40;1;4;1;2;4;;92;Vantaa;-1;-1;-1;K;-1;;;;386963;6685121;E;1;0;0;-1;VALIMOTIE 18                            ;-1;-1;-1;-1;;-1;-1;;-1;;;;
8121691;2;;;;;2017;2;2017-02-03 00:00:00;0;1;2;5560;ItÑ-Uudenmaan poliisilaitos;18;Perjantai;6;6;4;40;1;6;4;2;1;;106;HyvinkÑÑ;-1;-1;-1;K;-1;;;;382760;6723467;E;1;0;0;-1;HYVINKééNKATU 3                         ;-1;-1;-1;-1;;-1;-1;;-1;;;;