accidentId;roadmain;road;rseg;rdist;rway;year;month;day;dead;injr;severlvl;poldis;disname;hour;wkday;acctype;acclass;partnum;spdlim;urbmrk;surface;brightness;weather;accloc;roadnum;municipality;munidesc;spdtype;spddiropp;spddirmeas;Urban;roadtype;avg;hevavg;rwid;X;Y;roadwork;pavement;temperature;intersection;railroad;address;privacy;wintmaint;Tienverkas;action;Luovpvm;lightown;cross-sec;coatwidth;roadcoat;vision150;vision300;vision460;frameroad
8121692;2;;;;;2017;2;2017-02-17 00:00:00;0;0;0;5560;ItÑ-Uudenmaan poliisilaitos;12;Perjantai;99;13;2;50;1;2;1;2;1;;92;Vantaa;-1;-1;-1;K;-1;;;;386767;6686287;E;1;0;2;-1;VIRKATIE X TOINEN SAVU                  ;-1;-1;-1;-1;;-1;-1;;-1;;;;
8121693;2;;;;;2017;2;2017-02-03 00:00:00;0;0;0;5500;Helsingin poliisilaitos;12;Perjantai;50;4;2;40;1;2;1;2;1;;91;Helsinki;-1;-1;-1;K;-1;;;;384372;6671436;E;1;-1;0;-1;ITéMERENKATU 11                         ;-1;-1;-1;-1;;-1;-1;;-1;;;;
8121695;2;;;;;2017;2;2017-02-21 00:00:00;0;1;2;5500;Helsingin poliisilaitos;15;Tiistai;52;4;2;40;1;1;1;1;1;;91;Helsinki;-1;-1;-1;K;-1;;;;382306;6679933;E;1;-1;5;-1;KLANEETTITIE X SITRAKUJA                ;-1;-1;-1;-1;;-1;-1;;-1;;;;
8121697;2;;;;;2017;2;2017-02-21 00:00:00;1;0;1;5500;Helsingin poliisilaitos;14;Tiistai;63;9;2;40;1;2;1;1;2;;91;Helsinki;-1;-1;-1;K;-1;;;;386454;6674299;E;1;-1;4;-1;FLEMINGINKATU X ALEKSIS KIVEN KATU      ;-1;-1;-1;-1;;-1;-1;;-1;;;;
8121699;2;;;;;2017;2;2017-02-22 00:00:00;0;1;2;5500;Helsingin poliisilaitos;8;Keskiviikko;71;9;2;30;1;1;1;2;1;;91;Helsinki;-1;-1;-1;K;-1;;;;386478;6673595;E;1;-1;0;-1;FLEMINGINKATU X VIIDES LINJA            ;-1;-1;-1;-1;;-1;-1;;-1;;;;
8121700;2;;;;;2017;2;2017-02-22 00:00:00;0;0;0;5500;Helsingin poliisilaitos;14;Keskiviikko;11;2;2;50;1;1;1;1;1;;91;Helsinki;-1;-1;-1;K;-1;;;;390802;6674662;E;1;-1;5;-1;LINNANRAKENTAJANTIE                     ;-1;-1;-1;-1;;-1;-1;;-1;;;;
8121701;2;;;;;2017;2;2017-02-20 00:00:00;0;0;0;5500;Helsingin poliisilaitos;18;Maanantai;99;13;1;30;1;-1;1;-1;-1;;91;Helsinki;-1;-1;-1;K;-1;;;;386273;6670858;E;1;-1;0;-1;TEHTAANKATU 8                           ;-1;-1;-1;-1;;-1;-1;;-1;;;;
8121702;2;;;;;2017;2;2017-02-22 00:00:00;0;0;0;5500;Helsingin poliisilaitos;14;Keskiviikko;96;13;2;30;1;-1;1;-1;-1;;91;Helsinki;-1;-1;-1;K;-1;;;;384754;6672742;E;1;-1;0;-1;MUSEOKATU 38                            ;-1;-1;-1;-1;;-1;-1;;-1;;;;
8121703;2;;;;;2017;2;2017-02-26 00:00:00;0;0;0;5530;LÑnsi-Uudenmaan poliisilaitos;12;Sunnuntai;49;4;2;40;1;4;1;5;1;;710;Raasepori;-1;-1;-1;K;-1;;;;302199;6653709;E;1;-1;1;-1;RUUSUTIE X VAPAUDENTIE                  ;-1;-1;-1;-1;;-1;-1;;-1;;;;
8121705;2;;;;;2017;2;2017-02-02 00:00:00;0;0;0;5560;ItÑ-Uudenmaan poliisilaitos;20;Torstai;30;2;2;50;1;5;4;2;1;;92;Vantaa;-1;-1;-1;K;-1;;;;387899;6684616;E;1;-1;4;-1;VALIMOTIE X YLéSTôNTIE                  ;-1;-1;-1;-1;;-1;-1;;-1;;;;
8121706;2;;;;;2017;2;2017-02-18 00:00:00;0;0;0;5560;ItÑ-Uudenmaan poliisilaitos;11;Lauantai;6;6;2;40;1;6;1;1;1;;186;JÑrvenpÑÑ;-1;-1;-1;K;-1;;;;396035;6706006;E;1;-1;0;-1;ALHOTIE 10                              ;-1;-1;-1;-1;;-1;-1;;-1;;;;
8121708;2;;;;;2017;2;2017-02-12 00:00:00;0;0;0;5560;ItÑ-Uudenmaan poliisilaitos;13;Sunnuntai;4;3;2;50;1;6;1;1;1;;92;Vantaa;-1;-1;-1;K;-1;;;;387359;6685422;E;1;-1;0;-1;TASETIE                                 ;-1;-1;-1;-1;;-1;-1;;-1;;;;
8121709;2;;;;;2017;2;2017-02-21 00:00:00;0;0;0;5530;LÑnsi-Uudenmaan poliisilaitos;17;Tiistai;8;6;2;40;1;6;1;1;1;;444;Lohja;-1;-1;-1;K;-1;;;;337509;6682882;K;1;-1;0;-1;LAURINKATU                              ;-1;-1;-1;-1;;-1;-1;;-1;;;;
8121710;2;;;;;2017;2;2017-02-20 00:00:00;0;0;0;5530;LÑnsi-Uudenmaan poliisilaitos;18;Maanantai;0;3;2;50;1;4;4;-1;1;;49;Espoo;-1;-1;-1;K;-1;;;;375619;6676827;E;1;-1;0;-1;NIHTISILLANTIE 3                        ;-1;-1;-1;-1;;-1;-1;;-1;;;;
8121747;2;;;;;2017;1;2017-01-25 00:00:00;0;0;0;5560;ItÑ-Uudenmaan poliisilaitos;20;Keskiviikko;6;6;2;40;1;7;4;2;-1;;92;Vantaa;-1;-1;-1;K;-1;;;;392500;6686284;E;1;-2;4;-1;VALKOISENLéHTEENTIE X URHEILUTIE        ;-1;-1;-1;-1;;-1;-1;;-1;;;;
8121750;2;;;;;2017;2;2017-02-21 00:00:00;0;0;0;5530;LÑnsi-Uudenmaan poliisilaitos;17;Tiistai;49;4;2;40;1;6;1;1;1;;710;Raasepori;-1;-1;-1;K;-1;;;;301794;6654325;E;1;-2;1;-1;PRéSTéNGSGATAN X GREVE MORITZGATAN      ;-1;-1;-1;-1;;-1;-1;;-1;;;;
8121753;2;;;;;2017;2;2017-02-25 00:00:00;0;0;0;5500;Helsingin poliisilaitos;13;Lauantai;99;13;2;30;1;4;1;1;1;;91;Helsinki;-1;-1;-1;K;-1;;;;385303;6671742;E;1;-2;0;-1;EERIKINKATU 20                          ;-1;-1;-1;-1;;-1;-1;;-1;;;;
8121755;2;;;;;2017;2;2017-02-25 00:00:00;0;0;0;5500;Helsingin poliisilaitos;18;Lauantai;99;13;1;30;1;-1;2;-1;-1;;91;Helsinki;-1;-1;-1;K;-1;;;;384067;6671400;E;1;-2;0;-1;LOISTOKUJA 1                            ;-1;-1;-1;-1;;-1;-1;;-1;;;;
8121756;2;;;;;2017;2;2017-02-18 00:00:00;0;0;0;5560;ItÑ-Uudenmaan poliisilaitos;5;Lauantai;50;4;2;50;1;6;4;1;1;;92;Vantaa;-1;-1;-1;K;-1;;;;387681;6687942;E;1;-2;2;-1;ILMAILUTIE X TIETOTIE                   ;-1;-1;-1;-1;;-1;-1;;-1;;;;
8121757;2;;;;;2017;2;2017-02-03 00:00:00;0;0;0;5500;Helsingin poliisilaitos;14;Perjantai;96;13;2;-1;-1;1;1;-1;4;;91;Helsinki;-1;-1;-1; ;-1;;;;393698;6676458;E;1;-2;0;-1;ITéKATU 3                               ;-1;-1;-1;-1;;-1;-1;;-1;;;;
8121758;2;;;;;2017;2;2017-02-05 00:00:00;0;0;0;5500;Helsingin poliisilaitos;14;Sunnuntai;96;13;2;40;1;6;1;2;1;;91;Helsinki;-1;-1;-1;K;-1;;;;385749;6676274;E;1;-2;0;-1;KOSKELANTIE 22                          ;-1;-1;-1;-1;;-1;-1;;-1;;;;
8121760;2;;;;;2017;2;2017-02-03 00:00:00;0;0;0;5500;Helsingin poliisilaitos;10;Perjantai;99;13;1;30;1;-1;1;-1;-1;;91;Helsinki;-1;-1;-1;K;-1;;;;384105;6673942;E;1;-2;0;-1;LASTENLINNANTIE 13                      ;-1;-1;-1;-1;;-1;-1;;-1;;;;
8121762;2;;;;;2017;2;2017-02-12 00:00:00;0;0;0;5500;Helsingin poliisilaitos;20;Sunnuntai;80;1;1;30;1;4;4;2;1;;91;Helsinki;-1;-1;-1;K;-1;;;;392954;6677944;E;1;-2;0;-1;TUULIMYLLYNTIE 10                       ;-1;-1;-1;-1;;-1;-1;;-1;;;;
8121798;2;;;;;2017;2;2017-02-24 00:00:00;0;0;0;5560;ItÑ-Uudenmaan poliisilaitos;17;Perjantai;40;4;2;50;1;4;1;5;1;;92;Vantaa;-1;-1;-1;K;-1;;;;387890;6685838;E;1;-3;2;-1;éYRITIE X RéLSSITIE                     ;-1;-1;-1;-1;;-1;-1;;-1;;;;
8121799;2;;;;;2017;1;2017-01-16 00:00:00;0;0;0;5560;ItÑ-Uudenmaan poliisilaitos;19;Maanantai;11;2;2;40;1;6;4;1;1;;92;Vantaa;-1;-1;-1;K;-1;;;;381351;6684587;E;1;-3;2;-1;KIVIMéENTIE X KIVIVUORENTIE             ;-1;-1;-1;-1;;-1;-1;;-1;;;;
8121800;2;;;;;2017;2;2017-02-11 00:00:00;0;0;0;5560;ItÑ-Uudenmaan poliisilaitos;21;Lauantai;99;13;2;40;1;4;1;1;1;;91;Helsinki;-1;-1;-1;K;-1;;;;381921;6681320;E;1;-3;0;-1;MALMINKARTANONTIE                       ;-1;-1;-1;-1;;-1;-1;;-1;;;;
8121801;2;;;;;2017;2;2017-02-15 00:00:00;0;0;0;5530;LÑnsi-Uudenmaan poliisilaitos;10;Keskiviikko;9;13;2;40;1;6;1;1;1;;710;Raasepori;-1;-1;-1;K;-1;;;;301511;6653935;E;1;-3;0;-1;RASEBORGSVéGEN                          ;-1;-1;-1;-1;;-1;-1;;-1;;;;
8121802;2;;;;;2017;2;2017-02-24 00:00:00;0;0;0;5500;Helsingin poliisilaitos;16;Perjantai;4;3;2;30;1;2;1;1;1;;91;Helsinki;-1;-1;-1;K;-1;;;;385119;6672187;E;1;-3;0;-1;POHJOINEN RAUTATIEKATU 19               ;-1;-1;-1;-1;;-1;-1;;-1;;;;
8121803;2;;;;;2017;2;2017-02-25 00:00:00;0;0;0;5500;Helsingin poliisilaitos;21;Lauantai;6;6;2;50;1;1;3;-1;1;;91;Helsinki;-1;-1;-1;K;-1;;;;396691;6676253;E;1;-3;0;-1;KALLVIKINTIE                            ;-1;-1;-1;-1;;-1;-1;;-1;;;;
8121804;2;;;;;2017;2;2017-02-26 00:00:00;0;4;2;5500;Helsingin poliisilaitos;23;Sunnuntai;29;5;2;50;1;5;4;6;1;;91;Helsinki;-1;-1;-1;K;-1;;;;391606;6677354;E;1;-3;0;-1;VIIKINTIE                               ;-1;-1;-1;-1;;-1;-1;;-1;;;;
8121805;2;;;;;2017;2;2017-02-22 00:00:00;0;0;0;5500;Helsingin poliisilaitos;19;Keskiviikko;99;13;1;40;1;-1;3;-1;-1;;91;Helsinki;-1;-1;-1;K;-1;;;;386846;6674245;E;1;-3;0;-1;ALEKSIS KIVEN KATU 19 B                 ;-1;-1;-1;-1;;-1;-1;;-1;;;;
8121806;2;;;;;2017;2;2017-02-09 00:00:00;0;0;0;5500;Helsingin poliisilaitos;20;Torstai;6;1;1;40;1;1;4;2;1;;91;Helsinki;-1;-1;-1;K;-1;;;;384848;6673273;E;1;-3;4;-1;RUNEBERGINKATU 54                       ;-1;-1;-1;-1;;-1;-1;;-1;;;;
8121807;2;;;;;2017;2;2017-02-26 00:00:00;0;1;2;5560;ItÑ-Uudenmaan poliisilaitos;16;Sunnuntai;59;4;2;40;1;4;1;2;1;;92;Vantaa;-1;-1;-1;K;-1;;;;394964;6690983;E;1;-3;1;-1;VENUKSENTIE X MARSINRINNE               ;-1;-1;-1;-1;;-1;-1;;-1;;;;
8121808;2;;;;;2017;2;2017-02-27 00:00:00;0;0;0;5560;ItÑ-Uudenmaan poliisilaitos;8;Maanantai;40;4;2;40;1;4;1;2;1;;92;Vantaa;-1;-1;-1;K;-1;;;;391431;6685389;E;1;-3;2;-1;KIELOTIE X NEILIKKATIE                  ;-1;-1;-1;-1;;-1;-1;;-1;;;;
8121812;2;;;;;2017;2;2017-02-22 00:00:00;0;0;0;5500;Helsingin poliisilaitos;20;Keskiviikko;4;13;3;40;1;4;4;5;5;;91;Helsinki;-1;-1;-1;K;-1;;;;386290;6672979;E;1;-3;4;-1;SILTASAARENKATU 6                       ;-1;-1;-1;-1;;-1;-1;;-1;;;;
8121813;2;;;;;2017;2;2017-02-22 00:00:00;0;0;0;5500;Helsingin poliisilaitos;20;Keskiviikko;62;9;2;40;1;4;4;5;2;;91;Helsinki;-1;-1;-1;K;-1;;;;384994;6672086;E;1;-3;4;-1;RUNEBERGINKATU X ETELéINEN RAUTATIEKATU ;-1;-1;-1;-1;;-1;-1;;-1;;;;
8121814;2;;;;;2017;2;2017-02-24 00:00:00;0;0;0;5500;Helsingin poliisilaitos;11;Perjantai;8;6;0;50;1;6;1;1;1;;91;Helsinki;-1;-1;-1;K;-1;;;;386739;6674377;E;1;-3;4;-1;TEOLLISUUSKATU X KUSTAANKATU            ;-1;-1;-1;-1;;-1;-1;;-1;;;;
8121846;2;;;;;2017;2;2017-02-24 00:00:00;0;0;0;5500;Helsingin poliisilaitos;18;Perjantai;99;13;2;-1;1;4;1;2;4;;91;Helsinki;-1;-1;-1;K;-1;;;;395523;6679684;E;1;-4;0;-1;LAAKAVUORENTIE 7                        ;-1;-1;-1;-1;;-1;-1;;-1;;;;
8121847;2;;;;;2017;2;2017-02-25 00:00:00;0;0;0;5500;Helsingin poliisilaitos;23;Lauantai;0;3;2;40;1;6;4;1;1;;91;Helsinki;-1;-1;-1;K;-1;;;;381159;6681201;E;1;-4;0;-1;PIHKATIE 12                             ;-1;-1;-1;-1;;-1;-1;;-1;;;;
8121849;2;;;;;2017;2;2017-02-26 00:00:00;0;0;0;5500;Helsingin poliisilaitos;5;Sunnuntai;83;13;0;50;1;1;4;1;1;;91;Helsinki;-1;-1;-1;K;-1;;;;390369;6680029;E;1;-4;4;-1;VANHA HELSINGINTIE                      ;-1;-1;-1;-1;;-1;-1;;-1;;;;
8121850;2;;;;;2017;2;2017-02-24 00:00:00;0;0;0;5500;Helsingin poliisilaitos;10;Perjantai;99;13;1;30;1;-1;1;-1;-1;;91;Helsinki;-1;-1;-1;K;-1;;;;387083;6675288;E;1;-4;0;-1;HéMEENTIE 103                           ;-1;-1;-1;-1;;-1;-1;;-1;;;;
8121851;2;;;;;2017;2;2017-02-24 00:00:00;0;0;0;5530;LÑnsi-Uudenmaan poliisilaitos;11;Perjantai;99;13;1;30;1;-1;1;-1;-1;;49;Espoo;-1;-1;-1;K;-1;;;;369241;6670933;E;1;-4;0;-1;JéLKIMAININKI 3                         ;-1;-1;-1;-1;;-1;-1;;-1;;;;
8121852;2;;;;;2017;2;2017-02-23 00:00:00;0;0;0;5530;LÑnsi-Uudenmaan poliisilaitos;21;Torstai;99;13;1;40;1;-1;2;-1;-1;;49;Espoo;-1;-1;-1;K;-1;;;;374552;6671149;E;1;-4;0;-1;MATINKATU 9                             ;-1;-1;-1;-1;;-1;-1;;-1;;;;
8121853;2;;;;;2017;2;2017-02-22 00:00:00;0;0;0;5560;ItÑ-Uudenmaan poliisilaitos;20;Keskiviikko;29;5;2;30;1;4;4;5;1;;92;Vantaa;-1;-1;-1;K;-1;;;;377815;6683138;E;1;-4;2;-1;KESANTOKUJA                             ;-1;-1;-1;-1;;-1;-1;;-1;;;;
8121854;2;;;;;2017;2;2017-02-24 00:00:00;0;0;0;5560;ItÑ-Uudenmaan poliisilaitos;19;Perjantai;91;13;2;40;1;-1;3;-1;3;;92;Vantaa;-1;-1;-1;K;-1;;;;387166;6684976;E;1;-4;0;-1;RUOTSINPIHA 1                           ;-1;-1;-1;-1;;-1;-1;;-1;;;;
8121856;2;;;;;2017;2;2017-02-06 00:00:00;0;0;0;5500;Helsingin poliisilaitos;9;Maanantai;24;1;1;50;1;6;1;1;1;;91;Helsinki;-1;-1;-1;K;-1;;;;397106;6675908;E;1;-4;2;-1;VUOTIE X MUSTANKIVENKATU                ;-1;-1;-1;-1;;-1;-1;;-1;;;;
8121857;2;;;;;2017;2;2017-02-24 00:00:00;0;0;0;5500;Helsingin poliisilaitos;8;Perjantai;40;4;2;30;1;4;1;1;1;;91;Helsinki;-1;-1;-1;K;-1;;;;384514;6672324;E;1;-4;1;-1;ARKADIANKATU X VéINéMôISENKATU          ;-1;-1;-1;-1;;-1;-1;;-1;;;;
8121858;2;;;;;2017;2;2017-02-24 00:00:00;0;0;0;5500;Helsingin poliisilaitos;9;Perjantai;3;3;2;-1;1;6;1;1;1;;91;Helsinki;-1;-1;-1;K;-1;;;;384325;6674090;E;1;-4;0;-1;TOPELIUKSENKATU 20                      ;-1;-1;-1;-1;;-1;-1;;-1;;;;
8121891;2;;;;;2017;1;2017-01-16 00:00:00;0;0;0;5560;ItÑ-Uudenmaan poliisilaitos;9;Maanantai;13;2;2;30;1;6;4;2;1;;92;Vantaa;-1;-1;-1;K;-1;;;;387111;6684269;E;1;-4;0;-1;TILKUNTIE                               ;-1;-1;-1;-1;;-1;-1;;-1;;;;
8121893;2;;;;;2017;2;2017-02-24 00:00:00;0;0;0;5500;Helsingin poliisilaitos;18;Perjantai;3;3;2;-1;1;6;4;1;1;;91;Helsinki;-1;-1;-1;K;-1;;;;386938;6673941;E;1;-5;0;-1;HéMEENTIE 48                            ;-1;-1;-1;-1;;-1;-1;;-1;;;;
8121894;2;;;;;2017;2;2017-02-25 00:00:00;0;0;0;5500;Helsingin poliisilaitos;14;Lauantai;29;5;3;40;1;4;1;1;1;;91;Helsinki;-1;-1;-1;K;-1;;;;393753;6676920;E;1;-5;0;-1;KORSHOLMANTIE                           ;-1;-1;-1;-1;;-1;-1;;-1;;;;
8121896;2;;;;;2017;2;2017-02-11 00:00:00;0;0;0;5530;LÑnsi-Uudenmaan poliisilaitos;21;Lauantai;99;13;1;40;1;-1;2;-1;-1;;49;Espoo;-1;-1;-1;K;-1;;;;378820;6677615;E;1;-5;0;-1;LEPPéVAARANKATU 3-9                     ;-1;-1;-1;-1;;-1;-1;;-1;;;;
8121897;2;;;;;2017;2;2017-02-24 00:00:00;0;0;0;5560;ItÑ-Uudenmaan poliisilaitos;1;Perjantai;84;1;1;50;1;7;4;2;1;;92;Vantaa;-1;-1;-1;K;-1;;;;393903;6692178;E;1;-5;0;-1;URPIAISENTIE 14                         ;-1;-1;-1;-1;;-1;-1;;-1;;;;
8121898;2;;;;;2017;2;2017-02-25 00:00:00;0;1;2;5560;ItÑ-Uudenmaan poliisilaitos;12;Lauantai;50;4;2;40;1;4;1;1;1;;92;Vantaa;-1;-1;-1;K;-1;;;;393240;6691322;E;1;-5;0;-1;MAAUUNINTIE                             ;-1;-1;-1;-1;;-1;-1;;-1;;;;
8121899;2;;;;;2017;2;2017-02-09 00:00:00;0;0;0;5500;Helsingin poliisilaitos;17;Torstai;13;2;2;40;1;6;4;2;1;;91;Helsinki;-1;-1;-1;K;-1;;;;383552;6675895;E;1;-5;4;-1;MANNERHEIMINTIE X KORPPAANMéENTIE       ;-1;-1;-1;-1;;-1;-1;;-1;;;;
8121900;2;;;;;2017;2;2017-02-10 00:00:00;0;0;0;5500;Helsingin poliisilaitos;16;Perjantai;59;4;2;30;1;6;2;2;4;;91;Helsinki;-1;-1;-1;K;-1;;;;386929;6673461;E;1;-5;0;-1;SôRNéISTEN RANTATIE                     ;-1;-1;-1;-1;;-1;-1;;-1;;;;
8121901;2;;;;;2017;2;2017-02-10 00:00:00;0;0;0;5500;Helsingin poliisilaitos;18;Perjantai;8;6;2;50;1;6;2;1;1;;91;Helsinki;-1;-1;-1;K;-1;;;;391847;6675827;E;1;-5;5;-1;MEKAANIKONKATUXMUUNTAJANKATU            ;-1;-1;-1;-1;;-1;-1;;-1;;;;
8121902;2;;;;;2017;2;2017-02-10 00:00:00;0;0;0;5500;Helsingin poliisilaitos;23;Perjantai;8;6;2;30;1;7;4;2;1;;91;Helsinki;-1;-1;-1;K;-1;;;;385439;6673822;E;1;-5;4;-1;HELSINGINKATU X VAUHTITIE               ;-1;-1;-1;-1;;-1;-1;;-1;;;;
8121903;2;;;;;2017;2;2017-02-24 00:00:00;0;0;0;5500;Helsingin poliisilaitos;13;Perjantai;13;1;1;30;1;4;1;2;3;;91;Helsinki;-1;-1;-1;K;-1;;;;385204;6671967;E;1;-5;0;-1;FREDRIKINKATU 65                        ;-1;-1;-1;-1;;-1;-1;;-1;;;;
8121937;2;;;;;2017;2;2017-02-10 00:00:00;0;0;0;5560;ItÑ-Uudenmaan poliisilaitos;15;Perjantai;92;13;2;40;1;7;1;1;1;;92;Vantaa;-1;-1;-1;K;-1;;;;395071;6690962;K;2;-5;0;-1;MARSINKUJA 1                            ;-1;-1;-1;-1;;-1;-1;;-1;;;;
8121938;2;;;;;2017;2;2017-02-06 00:00:00;0;1;2;5560;ItÑ-Uudenmaan poliisilaitos;18;Maanantai;30;2;2;50;1;7;4;1;1;;92;Vantaa;-1;-1;-1;K;-1;;;;387953;6683064;E;1;-5;2;-1;KIRKKOTIE X TUUSULANVéYLé               ;-1;-1;-1;-1;;-1;-1;;-1;;;;
8121939;2;;;;;2017;2;2017-02-11 00:00:00;0;0;0;5530;LÑnsi-Uudenmaan poliisilaitos;13;Lauantai;99;13;2;40;1;-1;1;-1;-1;;49;Espoo;-1;-1;-1;K;-1;;;;369938;6670304;E;1;-5;0;-1;ESPOONLAHDENKATU 4                      ;-1;-1;-1;-1;;-1;-1;;-1;;;;
8121940;2;;;;;2017;2;2017-02-24 00:00:00;0;0;0;5530;LÑnsi-Uudenmaan poliisilaitos;11;Perjantai;53;4;2;30;1;4;1;2;1;;49;Espoo;-1;-1;-1;K;-1;;;;369401;6680111;E;1;-5;5;-1;KELLONUMMENTIE 21                       ;-1;-1;-1;-1;;-1;-1;;-1;;;;
8121967;2;;;;;2017;2;2017-02-09 00:00:00;0;0;0;5560;ItÑ-Uudenmaan poliisilaitos;16;Torstai;96;13;2;20;-1;1;4;-1;5;;92;Vantaa;-1;-1;-1; ;-1;;;;387568;6685425;E;5;-6;0;-1;TASETIE 8                               ;-1;-1;-1;-1;;-1;-1;;-1;;;;
8121968;2;;;;;2017;2;2017-02-06 00:00:00;0;1;2;5560;ItÑ-Uudenmaan poliisilaitos;13;Maanantai;69;9;2;40;1;6;1;1;2;;92;Vantaa;-1;-1;-1;K;-1;;;;381343;6683582;E;1;-6;0;-1;LOUHELANTIE X ERéKUJA                   ;-1;-1;-1;-1;;-1;-1;;-1;;;;
8121970;2;;;;;2017;2;2017-02-25 00:00:00;0;0;0;5500;Helsingin poliisilaitos;14;Lauantai;36;2;2;30;1;6;1;1;4;;91;Helsinki;-1;-1;-1;K;-1;;;;393377;6677891;E;1;-6;0;-1;KIVENSILMéNKUJA                         ;-1;-1;-1;-1;;-1;-1;;-1;;;;
8121971;2;;;;;2017;2;2017-02-06 00:00:00;0;0;0;5500;Helsingin poliisilaitos;17;Maanantai;59;4;2;50;1;1;1;1;1;;91;Helsinki;-1;-1;-1;K;-1;;;;390124;6684745;E;1;-6;2;-1;SUUTARILANTIE                           ;-1;-1;-1;-1;;-1;-1;;-1;;;;
8121972;2;;;;;2017;2;2017-02-10 00:00:00;0;0;0;5500;Helsingin poliisilaitos;17;Perjantai;96;1;1;50;1;-1;1;-1;-1;;91;Helsinki;-1;-1;-1;K;-1;;;;380813;6680555;E;1;-6;0;-1;MALMINKARTANONTIE 1                     ;-1;-1;-1;-1;;-1;-1;;-1;;;;
8121993;2;;;;;2017;2;2017-02-09 00:00:00;0;0;0;5530;LÑnsi-Uudenmaan poliisilaitos;-1;Torstai;80;1;1;40;1;6;4;1;1;;710;Raasepori;-1;-1;-1;K;-1;;;;302446;6653505;E;1;-7;0;-1;PIHLAJATIE 7                            ;-1;-1;-1;-1;;-1;-1;;-1;;;;
8121995;2;;;;;2017;2;2017-02-07 00:00:00;0;0;0;5500;Helsingin poliisilaitos;15;Tiistai;2;3;2;30;1;1;1;1;1;;91;Helsinki;-1;-1;-1;K;-1;;;;386950;6673954;E;1;-7;4;-1;HéMEENTIE X HELSINGINKATU               ;-1;-1;-1;-1;;-1;-1;;-1;;;;
8121996;2;;;;;2017;2;2017-02-10 00:00:00;0;0;0;5500;Helsingin poliisilaitos;6;Perjantai;4;3;2;50;1;1;3;1;1;;91;Helsinki;-1;-1;-1;K;-1;;;;385049;6673456;E;1;-7;4;-1;MANNERHEIMINTIE X HELSINGINKATU         ;-1;-1;-1;-1;;-1;-1;;-1;;;;
8121997;2;;;;;2017;2;2017-02-11 00:00:00;0;2;2;5500;Helsingin poliisilaitos;10;Lauantai;83;1;1;40;1;7;1;2;1;;91;Helsinki;-1;-1;-1;K;-1;;;;385440;6676149;E;1;-7;0;-1;RATAPIHANTIE                            ;-1;-1;-1;-1;;-1;-1;;-1;;;;
8122023;2;;;;;2017;2;2017-02-10 00:00:00;0;0;0;5500;Helsingin poliisilaitos;16;Perjantai;6;6;2;50;1;6;1;2;1;;91;Helsinki;-1;-1;-1;K;-1;;;;387997;6679706;E;1;-8;0;-1;KéSKYNHALTIJANTIE X LéMPôKUJA           ;-1;-1;-1;-1;;-1;-1;;-1;;;;
8122036;2;;;;;2017;2;2017-02-11 00:00:00;0;0;0;5560;ItÑ-Uudenmaan poliisilaitos;1;Lauantai;99;13;1;40;1;6;4;3;1;;92;Vantaa;-1;-1;-1;K;-1;;;;394205;6680824;E;1;-9;0;-1;SEIVéSTIE                               ;-1;-1;-1;-1;;-1;-1;;-1;;;;
8122037;2;;;;;2017;2;2017-02-07 00:00:00;0;2;2;5500;Helsingin poliisilaitos;17;Tiistai;8;6;4;40;1;6;1;1;1;;91;Helsinki;-1;-1;-1;K;-1;;;;383139;6679492;E;1;-9;0;-1;KANTELETTARENTIE                        ;-1;-1;-1;-1;;-1;-1;;-1;;;;
8122038;2;;;;;2017;2;2017-02-10 00:00:00;0;0;0;5500;Helsingin poliisilaitos;9;Perjantai;13;2;0;50;1;1;1;1;1;;91;Helsinki;-1;-1;-1;K;-1;;;;389603;6681205;E;1;-9;2;-1;KIRKONKYLéNTIE X NOTKOKUJA              ;-1;-1;-1;-1;;-1;-1;;-1;;;;
8122053;2;;;;;2017;2;2017-02-06 00:00:00;0;0;0;5560;ItÑ-Uudenmaan poliisilaitos;20;Maanantai;92;13;2;40;1;6;4;1;1;;92;Vantaa;-1;-1;-1;K;-1;;;;395048;6690966;E;1;-10;0;-1;MARSINKUJA                              ;-1;-1;-1;-1;;-1;-1;;-1;;;;
8122055;2;;;;;2017;2;2017-02-07 00:00:00;1;0;1;5500;Helsingin poliisilaitos;11;Tiistai;69;9;2;40;1;1;1;1;2;;91;Helsinki;-1;-1;-1;K;-1;;;;383434;6678654;E;1;-10;0;-1;NéYTTELIJéNTIE 5-7                      ;-1;-1;-1;-1;;-1;-1;;-1;;;;
8122056;2;;;;;2017;2;2017-02-08 00:00:00;0;0;0;5500;Helsingin poliisilaitos;24;Keskiviikko;6;1;1;30;1;6;4;1;1;;91;Helsinki;-1;-1;-1;K;-1;;;;394832;6679866;E;1;-10;0;-1;VééKSYNTIE X MéKELéNKATU                ;-1;-1;-1;-1;;-1;-1;;-1;;;;
8122057;2;;;;;2017;2;2017-02-09 00:00:00;0;0;0;5500;Helsingin poliisilaitos;9;Torstai;96;13;2;30;1;6;1;1;1;;91;Helsinki;-1;-1;-1;K;-1;;;;387063;6673823;E;1;-10;0;-1;KéENKUJA 3                              ;-1;-1;-1;-1;;-1;-1;;-1;;;;
8122080;2;;;;;2017;2;2017-02-07 00:00:00;0;0;0;5560;ItÑ-Uudenmaan poliisilaitos;-1;Tiistai;2;3;2;40;1;1;1;1;1;;638;Porvoo;-1;-1;-1;K;-1;;;;426238;6695611;E;1;-12;0;-1;ALEKSANTERINKATU                        ;-1;-1;-1;-1;;-1;-1;;-1;;;;
8122097;2;;;;;2017;2;2017-02-09 00:00:00;0;0;0;5500;Helsingin poliisilaitos;19;Torstai;99;13;1;40;1;-1;3;-1;-1;;91;Helsinki;-1;-1;-1;K;-1;;;;383477;6677029;E;1;-14;0;-1;STENIUSVéGEN 39                         ;-1;-1;-1;-1;;-1;-1;;-1;;;;
8122110;2;;;;;2017;2;2017-02-11 00:00:00;0;0;0;5500;Helsingin poliisilaitos;-1;Lauantai;99;13;1;30;1;-1;-1;-1;-1;;91;Helsinki;-1;-1;-1;K;-1;;;;384358;6674181;E;1;;0;-1;MESSENIUKSENKATU 7                      ;-1;-1;-1;-1;;-1;-1;;-1;;;;