accidentId;roadmain;road;rseg;rdist;rway;year;month;day;dead;injr;severlvl;poldis;disname;hour;wkday;acctype;acclass;partnum;spdlim;urbmrk;surface;brightness;weather;accloc;roadnum;municipality;munidesc;spdtype;spddiropp;spddirmeas;Urban;roadtype;avg;hevavg;rwid;X;Y;roadwork;pavement;temperature;intersection;railroad;address;privacy;wintmaint;Tienverkas;action;Luovpvm;lightown;cross-sec;coatwidth;roadcoat;vision150;vision300;vision460;frameroad
8291805;2;;;;;2017;4;2017-04-06 00:00:00;0;0;0;5500;Helsingin poliisilaitos;11;Torstai;6;6;2;50;1;1;1;1;1;;91;Helsinki;-1;-1;-1;K;-1;;;;391005;6674596;E;1;6;4;-1;LINNANRAKENTAJANTIE X INSINôôRINKATU    ;-1;-1;-1;-1;;-1;-1;;-1;;;;
8291806;2;;;;;2017;4;2017-04-06 00:00:00;0;0;0;5500;Helsingin poliisilaitos;12;Torstai;96;9;2;30;1;1;1;1;2;;91;Helsinki;-1;-1;-1;K;-1;;;;386455;6673174;E;1;4;0;-1;VIHERNIEMENKATU X SôRNéISTEN RANTATIE   ;-1;-1;-1;-1;;-1;-1;;-1;;;;
8291807;2;;;;;2017;4;2017-04-06 00:00:00;0;0;0;5500;Helsingin poliisilaitos;10;Torstai;2;3;2;40;1;1;1;1;1;;91;Helsinki;-1;-1;-1;K;-1;;;;385770;6673892;E;1;6;0;-1;HELSINGINKATU X STURENKATU              ;-1;-1;-1;-1;;-1;-1;;-1;;;;
8291808;2;;;;;2017;4;2017-04-06 00:00:00;0;0;0;5500;Helsingin poliisilaitos;14;Torstai;52;4;2;40;1;1;1;1;1;;91;Helsinki;-1;-1;-1;K;-1;;;;388896;6681937;E;1;11;2;-1;KIRKONKYLéNTIE X VANHA TAPANILANTIE     ;-1;-1;-1;-1;;-1;-1;;-1;;;;
8291809;2;;;;;2017;4;2017-04-06 00:00:00;0;2;2;5500;Helsingin poliisilaitos;15;Torstai;6;6;2;60;0;1;1;1;1;;91;Helsinki;-1;-1;-1;E;-1;;;;;;E;1;8;0;-1;KEHé 1                                  ;-1;-1;-1;-1;;-1;-1;;-1;;;;
8291810;2;;;;;2017;4;2017-04-06 00:00:00;0;0;0;5500;Helsingin poliisilaitos;17;Torstai;20;5;2;40;1;1;1;2;-1;;92;Vantaa;-1;-1;-1;K;-1;;;;391709;6686265;E;1;9;0;-1;OKSANMéKI                               ;-1;-1;-1;-1;;-1;-1;;-1;;;;
8291813;2;;;;;2017;4;2017-04-07 00:00:00;0;0;0;5500;Helsingin poliisilaitos;11;Perjantai;96;13;2;-1;-1;1;1;2;4;;91;Helsinki;-1;-1;-1; ;-1;;;;393327;6678018;E;1;5;0;-1;MYLLYPURONTIE 8                         ;-1;-1;-1;-1;;-1;-1;;-1;;;;
8291814;2;;;;;2017;4;2017-04-07 00:00:00;0;0;0;5500;Helsingin poliisilaitos;17;Perjantai;6;6;2;50;1;1;1;2;1;;91;Helsinki;-1;-1;-1;K;-1;;;;386830;6673268;E;1;8;4;-1;SôRNéISTEN RANTATIE X HAAPANIEMENKATU   ;-1;-1;-1;-1;;-1;-1;;-1;;;;
8291815;2;;;;;2017;4;2017-04-07 00:00:00;0;0;0;5500;Helsingin poliisilaitos;17;Perjantai;2;3;2;30;1;2;1;2;1;;91;Helsinki;-1;-1;-1;K;-1;;;;384438;6670271;E;1;5;0;-1;TYYNENMERENKATU 8                       ;-1;-1;-1;-1;;-1;-1;;-1;;;;
8291817;2;;;;;2017;4;2017-04-08 00:00:00;0;0;0;5500;Helsingin poliisilaitos;22;Lauantai;96;13;2;40;1;1;4;1;1;;91;Helsinki;-1;-1;-1;K;-1;;;;393419;6675978;E;1;7;0;-1;KAUPPAKARTANONKUJA                      ;-1;-1;-1;-1;;-1;-1;;-1;;;;
8291818;2;;;;;2017;4;2017-04-09 00:00:00;0;0;0;5500;Helsingin poliisilaitos;2;Sunnuntai;13;2;2;40;1;1;4;1;1;;91;Helsinki;-1;-1;-1;K;-1;;;;385473;6674700;E;1;1;4;-1;VIIPURINKATU X SAVONKATU                ;-1;-1;-1;-1;;-1;-1;;-1;;;;
8291856;2;;;;;2017;4;2017-04-17 00:00:00;0;0;0;5500;Helsingin poliisilaitos;7;Maanantai;80;13;2;40;1;1;1;1;1;;91;Helsinki;-1;-1;-1;K;-1;;;;387073;6677619;E;1;-1;0;-1;OULUNKYLéNTIE                           ;-1;-1;-1;-1;;-1;-1;;-1;;;;
8291857;2;;;;;2017;4;2017-04-10 00:00:00;0;0;0;5500;Helsingin poliisilaitos;19;Maanantai;99;13;2;30;1;-1;1;-1;-1;;91;Helsinki;-1;-1;-1;K;-1;;;;387117;6674990;E;1;6;0;-1;SAARENKATU 4                            ;-1;-1;-1;-1;;-1;-1;;-1;;;;
8291858;2;;;;;2017;4;2017-04-17 00:00:00;0;1;2;5500;Helsingin poliisilaitos;19;Maanantai;50;8;2;30;1;1;1;2;1;;91;Helsinki;-1;-1;-1;K;-1;;;;385489;6670531;E;1;0;1;-1;EHRENSVéRDINTIE X ARMFELTINTIE          ;-1;-1;-1;-1;;-1;-1;;-1;;;;
8291859;2;;;;;2017;4;2017-04-17 00:00:00;0;0;0;5500;Helsingin poliisilaitos;19;Maanantai;4;3;3;50;1;1;1;2;1;;91;Helsinki;-1;-1;-1;K;-1;;;;387111;6673659;E;1;3;0;-1;LINTULAHDENKUJA X SôRNéISTEN RANTATIE   ;-1;-1;-1;-1;;-1;-1;;-1;;;;
8291860;2;;;;;2017;4;2017-04-18 00:00:00;0;1;2;5500;Helsingin poliisilaitos;1;Tiistai;79;9;2;50;1;1;4;2;1;;91;Helsinki;-1;-1;-1;K;-1;;;;386319;6673126;E;1;0;0;-1;SILTASAARENKATU 7                       ;-1;-1;-1;-1;;-1;-1;;-1;;;;
8291861;2;;;;;2017;4;2017-04-11 00:00:00;0;0;0;5500;Helsingin poliisilaitos;9;Tiistai;99;13;1;40;1;-1;1;-1;-1;;91;Helsinki;-1;-1;-1;K;-1;;;;393153;6676720;E;1;8;0;-1;KAJAANINLINNANTIE                       ;-1;-1;-1;-1;;-1;-1;;-1;;;;
8291862;2;;;;;2017;4;2017-04-10 00:00:00;0;0;0;5500;Helsingin poliisilaitos;-1;Maanantai;99;13;1;40;1;-1;-1;-1;-1;;91;Helsinki;-1;-1;-1;K;-1;;;;391205;6683476;E;1;;0;-1;KéSITYôLéISENTIE 9                      ;-1;-1;-1;-1;;-1;-1;;-1;;;;
8291863;2;;;;;2017;4;2017-04-10 00:00:00;0;0;0;5500;Helsingin poliisilaitos;17;Maanantai;99;13;1;40;1;-1;1;-1;-1;;91;Helsinki;-1;-1;-1;K;-1;;;;390100;6678990;E;1;10;0;-1;KIVIPYYKINTIE 9                         ;-1;-1;-1;-1;;-1;-1;;-1;;;;
8291864;2;;;;;2017;4;2017-04-18 00:00:00;0;0;0;5500;Helsingin poliisilaitos;10;Tiistai;49;4;4;40;1;1;1;1;1;;91;Helsinki;-1;-1;-1;K;-1;;;;385859;6674479;E;1;1;1;-1;VIIPURINKATU X TIVOLITIE                ;-1;-1;-1;-1;;-1;-1;;-1;;;;
8291865;2;;;;;2017;4;2017-04-05 00:00:00;0;0;0;5500;Helsingin poliisilaitos;-1;Keskiviikko;99;13;1;40;1;-1;-1;-1;-1;;91;Helsinki;-1;-1;-1;K;-1;;;;390094;6681409;E;1;;0;-1;PIILIKUJA 4                             ;-1;-1;-1;-1;;-1;-1;;-1;;;;
8291866;2;;;;;2017;4;2017-04-18 00:00:00;0;1;2;5500;Helsingin poliisilaitos;13;Tiistai;8;6;3;50;1;1;1;1;1;;91;Helsinki;-1;-1;-1;K;-1;;;;386146;6674840;E;1;4;0;-1;TEOLLISUUSKATU 22                       ;-1;-1;-1;-1;;-1;-1;;-1;;;;
8291867;2;;;;;2017;4;2017-04-18 00:00:00;0;0;0;5500;Helsingin poliisilaitos;12;Tiistai;13;1;1;40;1;1;1;1;1;;91;Helsinki;-1;-1;-1;K;-1;;;;384641;6671554;E;1;5;4;-1;PORKKALANKATU X MECHELININKATU          ;-1;-1;-1;-1;;-1;-1;;-1;;;;
8291868;2;;;;;2017;4;2017-04-18 00:00:00;0;0;0;5500;Helsingin poliisilaitos;14;Tiistai;13;2;2;-1;0;1;1;1;1;;91;Helsinki;-1;-1;-1;E;-1;;;;398816;6677779;E;1;4;5;-1;SEILORINKATU                            ;-1;-1;-1;-1;;-1;-1;;-1;;;;
8291869;2;;;;;2017;4;2017-04-18 00:00:00;0;0;0;5500;Helsingin poliisilaitos;14;Tiistai;4;3;2;30;1;1;1;1;1;;91;Helsinki;-1;-1;-1;K;-1;;;;384849;6673187;E;1;4;0;-1;TYKISTôKATU 11                          ;-1;-1;-1;-1;;-1;-1;;-1;;;;
8291870;2;;;;;2017;4;2017-04-18 00:00:00;0;0;0;5500;Helsingin poliisilaitos;17;Tiistai;79;9;3;30;1;1;1;1;4;;91;Helsinki;-1;-1;-1;K;-1;;;;383549;6675497;E;1;5;0;-1;MANNERHEIMINTIE 164                     ;-1;-1;-1;-1;;-1;-1;;-1;;;;
8291871;2;;;;;2017;4;2017-04-18 00:00:00;0;0;0;5500;Helsingin poliisilaitos;16;Tiistai;49;13;2;30;1;1;1;1;1;;91;Helsinki;-1;-1;-1;K;-1;;;;384586;6670533;E;1;5;0;-1;TYYNENMERENKATU                         ;-1;-1;-1;-1;;-1;-1;;-1;;;;
8291872;2;;;;;2017;4;2017-04-18 00:00:00;0;0;0;5500;Helsingin poliisilaitos;22;Tiistai;99;13;2;40;1;1;4;2;1;;91;Helsinki;-1;-1;-1;K;-1;;;;382985;6677525;E;1;3;0;-1;ISONNEVANTIE X RIISTAVUORENKUJA         ;-1;-1;-1;-1;;-1;-1;;-1;;;;
8291907;2;;;;;2017;4;2017-04-27 00:00:00;0;2;2;5500;Helsingin poliisilaitos;10;Torstai;79;9;2;40;1;1;1;1;3;;91;Helsinki;-1;-1;-1;K;-1;;;;387781;6679152;E;1;6;0;-1;MIKKOLANTIE 4                           ;-1;-1;-1;-1;;-1;-1;;-1;;;;
8291908;2;;;;;2017;4;2017-04-27 00:00:00;0;0;0;5500;Helsingin poliisilaitos;11;Torstai;4;3;2;40;1;1;1;1;1;;91;Helsinki;-1;-1;-1;K;-1;;;;385162;6675186;E;1;15;4;-1;PASILAN SILTA X PASILANKATU             ;-1;-1;-1;-1;;-1;-1;;-1;;;;
8291910;2;;;;;2017;4;2017-04-27 00:00:00;0;0;0;5500;Helsingin poliisilaitos;17;Torstai;3;3;2;50;0;1;1;2;1;;91;Helsinki;-1;-1;-1;E;-1;;;;395408;6675925;K;1;8;0;-1;VUOTIE                                  ;-1;-1;-1;-1;;-1;-1;;-1;;;;
8291911;2;;;;;2017;4;2017-04-26 00:00:00;0;1;2;5500;Helsingin poliisilaitos;22;Keskiviikko;34;8;2;60;1;2;4;2;1;;91;Helsinki;-1;-1;-1;K;-1;;;;388298;6681099;E;1;4;2;-1;SIMPUKKAKUJA                            ;-1;-1;-1;-1;;-1;-1;;-1;;;;
8291912;2;;;;;2017;4;2017-04-27 00:00:00;0;0;0;5500;Helsingin poliisilaitos;20;Torstai;99;13;2;40;1;-1;1;2;1;;91;Helsinki;-1;-1;-1;K;-1;;;;384840;6673391;E;1;5;0;-1;TôôLôNKATU 31                           ;-1;-1;-1;-1;;-1;-1;;-1;;;;
8291917;2;;;;;2017;4;2017-04-28 00:00:00;0;1;2;5500;Helsingin poliisilaitos;16;Perjantai;15;8;2;30;1;1;1;1;4;;91;Helsinki;-1;-1;-1;K;-1;;;;384467;6674376;E;1;8;5;-1;MANNERHEIMINTIE X REIJOLANKATU          ;-1;-1;-1;-1;;-1;-1;;-1;;;;
8291918;2;;;;;2017;4;2017-04-29 00:00:00;0;0;0;5500;Helsingin poliisilaitos;4;Lauantai;96;13;2;-1;1;1;4;1;4;;91;Helsinki;-1;-1;-1;K;-1;;;;382771;6669983;E;1;2;0;-1;VENEENTEKIJéNTIE 5                      ;-1;-1;-1;-1;;-1;-1;;-1;;;;
8291919;2;;;;;2017;4;2017-04-29 00:00:00;0;0;0;5500;Helsingin poliisilaitos;11;Lauantai;6;6;2;30;1;1;1;1;1;;91;Helsinki;-1;-1;-1;K;-1;;;;384972;6671196;E;4;4;0;-1;HIETALAHDENRANTA X KôYDENPUNOJANKATU    ;-1;-1;-1;-1;;-1;-1;;-1;;;;
8291920;2;;;;;2017;4;2017-04-29 00:00:00;0;1;2;5500;Helsingin poliisilaitos;14;Lauantai;69;9;2;30;1;1;1;1;2;;91;Helsinki;-1;-1;-1;K;-1;;;;385772;6671394;E;1;4;5;-1;ANNANKATU - ISO ROOBERTINKATU           ;-1;-1;-1;-1;;-1;-1;;-1;;;;
8291921;2;;;;;2017;4;2017-04-29 00:00:00;0;0;0;5500;Helsingin poliisilaitos;15;Lauantai;6;6;2;60;0;2;1;6;1;;91;Helsinki;-1;-1;-1;E;-1;;;;392284;6682373;E;1;1;2;-1;SUURMETSéNTIE X RATTITIE                ;-1;-1;-1;-1;;-1;-1;;-1;;;;
8291922;2;;;;;2017;4;2017-04-30 00:00:00;0;0;0;5500;Helsingin poliisilaitos;11;Sunnuntai;8;6;2;40;1;2;1;2;1;;91;Helsinki;-1;-1;-1;K;-1;;;;389837;6680749;E;1;3;0;-1;LATOKARTANONTIE 5                       ;-1;-1;-1;-1;;-1;-1;;-1;;;;
8291924;2;;;;;2017;4;2017-04-30 00:00:00;0;0;0;5500;Helsingin poliisilaitos;19;Sunnuntai;49;4;2;40;1;1;1;2;1;;91;Helsinki;-1;-1;-1;K;-1;;;;381025;6679988;E;1;3;2;-1;RISTIPELLONTIE 9                        ;-1;-1;-1;-1;;-1;-1;;-1;;;;
8291925;2;;;;;2017;4;2017-04-30 00:00:00;0;0;0;5500;Helsingin poliisilaitos;20;Sunnuntai;30;2;3;40;1;1;1;2;1;;91;Helsinki;-1;-1;-1;K;-1;;;;387437;6679023;E;1;4;0;-1;SILTAVOUDINTIE 13                       ;-1;-1;-1;-1;;-1;-1;;-1;;;;
8291990;2;;;;;2017;4;2017-04-24 00:00:00;0;0;0;5560;ItÑ-Uudenmaan poliisilaitos;6;Maanantai;80;1;1;50;1;1;1;1;1;;92;Vantaa;-1;-1;-1;K;-1;;;;384357;6686068;E;1;-1;0;-1;TUUPAKANTIE 23                          ;-1;-1;-1;-1;;-1;-1;;-1;;;;
8291992;2;;;;;2017;4;2017-04-29 00:00:00;0;0;0;5560;ItÑ-Uudenmaan poliisilaitos;17;Lauantai;96;13;2;50;1;5;1;6;1;;92;Vantaa;-1;-1;-1;K;-1;;;;387666;6687940;E;1;3;2;-1;TIETOTIE X ILMAILUTIE                   ;-1;-1;-1;-1;;-1;-1;;-1;;;;
8291994;2;;;;;2017;4;2017-04-29 00:00:00;0;0;0;5560;ItÑ-Uudenmaan poliisilaitos;14;Lauantai;90;12;2;50;1;-1;1;-1;1;;106;HyvinkÑÑ;-1;-1;-1;K;-1;;;;383327;6723112;E;1;3;0;-1;SILLANKORVANKATU                        ;-1;-1;-1;-1;;-1;-1;;-1;;;;
8292013;2;;;;;2017;2;2017-02-28 00:00:00;0;0;0;5530;LÑnsi-Uudenmaan poliisilaitos;13;Tiistai;4;3;3;-1;-1;1;1;2;4;;257;Kirkkonummi;-1;-1;-1; ;-1;;;;357639;6667991;E;1;3;0;-1;TALLINMéKI 2                            ;-1;-1;-1;-1;;-1;-1;;-1;;;;
8292046;2;;;;;2017;4;2017-04-01 00:00:00;0;0;0;5530;LÑnsi-Uudenmaan poliisilaitos;18;Lauantai;83;1;1;40;1;2;1;4;1;;927;Vihti;-1;-1;-1;K;-1;;;;352833;6692156;E;1;4;0;-1;HéRKôILéNSYRJé                          ;-1;-1;-1;-1;;-1;-1;;-1;;;;
8292047;2;;;;;2017;4;2017-04-02 00:00:00;0;0;0;5530;LÑnsi-Uudenmaan poliisilaitos;20;Sunnuntai;99;13;1;40;1;1;2;2;5;;49;Espoo;-1;-1;-1;K;-1;;;;378670;6678022;E;1;5;0;-1;VANHA MAANTIE 2                         ;-1;-1;-1;-1;;-1;-1;;-1;;;;
8292048;2;;;;;2017;4;2017-04-05 00:00:00;0;0;0;5530;LÑnsi-Uudenmaan poliisilaitos;9;Keskiviikko;91;13;0;40;1;1;1;2;1;;444;Lohja;-1;-1;-1;K;-1;;;;337679;6683159;E;1;3;0;-1;KIRKKOKATU 2-4                          ;-1;-1;-1;-1;;-1;-1;;-1;;;;
8292050;2;;;;;2017;4;2017-04-08 00:00:00;0;0;0;5530;LÑnsi-Uudenmaan poliisilaitos;17;Lauantai;94;13;0;30;1;1;1;2;-1;;49;Espoo;-1;-1;-1;K;-1;;;;376532;6671666;E;1;3;0;-1;UKKOHAUENTIE 11-13                      ;-1;-1;-1;-1;;-1;-1;;-1;;;;
8292052;2;;;;;2017;4;2017-04-06 00:00:00;0;0;0;5530;LÑnsi-Uudenmaan poliisilaitos;11;Torstai;99;13;2;-1;-1;-1;1;-1;4;;224;Karkkila;-1;-1;-1; ;-1;;;;347870;6714679;E;-1;9;0;-1;HUHDINTIE 23-25                         ;-1;-1;-1;-1;;-1;-1;;-1;;;;
8292053;2;;;;;2017;4;2017-04-12 00:00:00;0;0;0;5530;LÑnsi-Uudenmaan poliisilaitos;13;Keskiviikko;4;1;1;30;1;1;1;1;1;;49;Espoo;-1;-1;-1;K;-1;;;;375993;6672553;K;1;7;0;-1;MERITUULENTIE                           ;-1;-1;-1;-1;;-1;-1;;-1;;;;
8292054;2;;;;;2017;4;2017-04-14 00:00:00;0;0;0;5530;LÑnsi-Uudenmaan poliisilaitos;1;Perjantai;83;1;1;40;1;1;3;2;1;;444;Lohja;-1;-1;-1;K;-1;;;;344122;6686570;E;1;0;0;-1;TARRANKAARI                             ;-1;-1;-1;-1;;-1;-1;;-1;;;;
8292074;2;;;;;2017;4;2017-04-16 00:00:00;0;1;2;5530;LÑnsi-Uudenmaan poliisilaitos;16;Sunnuntai;99;7;1;30;1;1;1;1;1;;49;Espoo;-1;-1;-1;K;-1;;;;379285;6678464;E;1;0;0;-1;PORARINKATU                             ;-1;-1;-1;-1;;-1;-1;;-1;;;;
8292075;2;;;;;2017;4;2017-04-17 00:00:00;0;1;2;5530;LÑnsi-Uudenmaan poliisilaitos;23;Maanantai;83;1;1;50;1;1;4;1;1;;49;Espoo;-1;-1;-1;K;-1;;;;373642;6672839;E;1;1;0;-1;FRIISINKALLIONTIE                       ;-1;-1;-1;-1;;-1;-1;;-1;;;;
8292076;2;;;;;2017;4;2017-04-18 00:00:00;0;0;0;5530;LÑnsi-Uudenmaan poliisilaitos;14;Tiistai;52;4;0;30;1;1;1;1;1;;49;Espoo;-1;-1;-1;K;-1;;;;369801;6673299;E;1;3;2;-1;LATOKASKI X KASKITIE                    ;-1;-1;-1;-1;;-1;-1;;-1;;;;
8292077;2;;;;;2017;4;2017-04-20 00:00:00;0;0;0;5530;LÑnsi-Uudenmaan poliisilaitos;12;Torstai;4;1;1;40;1;1;1;2;4;;49;Espoo;-1;-1;-1;K;-1;;;;378878;6678205;E;1;3;0;-1;LEPPéVAARANRAITTI                       ;-1;-1;-1;-1;;-1;-1;;-1;;;;
8292078;2;;;;;2017;4;2017-04-20 00:00:00;0;0;0;5530;LÑnsi-Uudenmaan poliisilaitos;15;Torstai;99;13;1;-1;1;1;1;2;4;;710;Raasepori;-1;-1;-1;K;-1;;;;314284;6664008;E;1;6;0;-1;DALGATAN                                ;-1;-1;-1;-1;;-1;-1;;-1;;;;
8292079;2;;;;;2017;1;2017-01-05 00:00:00;0;0;0;5530;LÑnsi-Uudenmaan poliisilaitos;16;Torstai;96;13;2;30;1;-1;1;-1;-1;;49;Espoo;-1;-1;-1;K;-1;;;;378050;6673143;E;1;-15;0;-1;EI TIEDOSSA ILM TEKOHETKELLé            ;-1;-1;-1;-1;;-1;-1;;-1;;;;
8292080;2;;;;;2017;4;2017-04-20 00:00:00;0;1;2;5530;LÑnsi-Uudenmaan poliisilaitos;23;Torstai;41;8;2;30;1;-1;1;-1;2;;49;Espoo;-1;-1;-1;K;-1;;;;369241;6672500;E;1;0;8;-1;TILLINMéENKATU                          ;-1;-1;-1;-1;;-1;-1;;-1;;;;
8292081;2;;;;;2017;4;2017-04-06 00:00:00;0;0;0;5530;LÑnsi-Uudenmaan poliisilaitos;-1;Torstai;99;13;1;-1;1;-1;-1;-1;4;;49;Espoo;-1;-1;-1;K;-1;;;;378823;6677712;E;-1;;0;-1;LEPPéVAARANKATU 3-9                     ;-1;-1;-1;-1;;-1;-1;;-1;;;;
8292082;2;;;;;2017;4;2017-04-11 00:00:00;0;0;0;5530;LÑnsi-Uudenmaan poliisilaitos;8;Tiistai;96;13;2;40;1;-1;1;-1;1;;444;Lohja;-1;-1;-1;K;-1;;;;337301;6685275;K;-1;8;0;-1;ROUTIONTIE                              ;-1;-1;-1;-1;;-1;-1;;-1;;;;
8292104;2;;;;;2017;2;2017-02-09 00:00:00;0;0;0;5560;ItÑ-Uudenmaan poliisilaitos;13;Torstai;50;4;2;40;1;1;1;1;1;;92;Vantaa;-1;-1;-1;K;-1;;;;395124;6683581;E;1;-7;2;-1;HIIRAKKOTIE                             ;-1;-1;-1;-1;;-1;-1;;-1;;;;
8292105;2;;;;;2017;2;2017-02-13 00:00:00;0;0;0;5560;ItÑ-Uudenmaan poliisilaitos;20;Maanantai;21;5;2;40;1;7;4;2;1;;186;JÑrvenpÑÑ;-1;-1;-1;K;-1;;;;397398;6704849;E;1;4;0;-1;MIKONTIE 10                             ;-1;-1;-1;-1;;-1;-1;;-1;;;;
8292132;2;;;;;2017;4;2017-04-03 00:00:00;0;1;2;5560;ItÑ-Uudenmaan poliisilaitos;15;Maanantai;81;1;1;60;0;1;1;2;1;;106;HyvinkÑÑ;-1;-1;-1;E;-1;;;;381497;6726317;E;1;4;0;-1;POHJOINEN YHDYSTIE                      ;-1;-1;-1;-1;;-1;-1;;-1;;;;
8292133;2;;;;;2017;4;2017-04-03 00:00:00;0;0;0;5560;ItÑ-Uudenmaan poliisilaitos;16;Maanantai;3;3;2;40;1;1;1;2;1;;106;HyvinkÑÑ;-1;-1;-1;K;-1;;;;382902;6723856;E;1;4;4;-1;KAUPPALANKATU 11                        ;-1;-1;-1;-1;;-1;-1;;-1;;;;
8292134;2;;;;;2017;4;2017-04-04 00:00:00;0;1;2;5560;ItÑ-Uudenmaan poliisilaitos;14;Tiistai;13;2;2;50;1;1;1;1;1;;92;Vantaa;-1;-1;-1;K;-1;;;;388421;6686054;E;1;4;2;-1;TIKKURILANTIE X KIITORADANTIE           ;-1;-1;-1;-1;;-1;-1;;-1;;;;
8292135;2;;;;;2017;4;2017-04-03 00:00:00;0;0;0;5560;ItÑ-Uudenmaan poliisilaitos;13;Maanantai;10;2;2;40;1;2;1;2;1;;92;Vantaa;-1;-1;-1;K;-1;;;;379316;6682212;E;1;4;0;-1;ILPOLANTIE X VAPAALANTIE                ;-1;-1;-1;-1;;-1;-1;;-1;;;;
8292136;2;;;;;2017;4;2017-04-04 00:00:00;0;0;0;5560;ItÑ-Uudenmaan poliisilaitos;19;Tiistai;99;13;2;40;1;2;2;4;1;;106;HyvinkÑÑ;-1;-1;-1;K;-1;;;;385043;6723387;E;1;2;0;-1;TANSSIKALLIONKATU                       ;-1;-1;-1;-1;;-1;-1;;-1;;;;
8292137;2;;;;;2017;4;2017-04-05 00:00:00;0;0;0;5560;ItÑ-Uudenmaan poliisilaitos;9;Keskiviikko;31;2;2;40;1;2;1;4;1;;92;Vantaa;-1;-1;-1;K;-1;;;;390796;6687033;K;1;3;0;-1;MAITIKKAKUJA X KOIVUKYLéNTIE            ;-1;-1;-1;-1;;-1;-1;;-1;;;;
8292138;2;;;;;2017;4;2017-04-07 00:00:00;0;0;0;5560;ItÑ-Uudenmaan poliisilaitos;19;Perjantai;6;6;2;50;1;2;1;4;1;;92;Vantaa;-1;-1;-1;K;-1;;;;387218;6685449;E;1;6;4;-1;LENTOASEMANTIE X TASETIE                ;-1;-1;-1;-1;;-1;-1;;-1;;;;
8292139;2;;;;;2017;4;2017-04-08 00:00:00;0;1;2;5560;ItÑ-Uudenmaan poliisilaitos;14;Lauantai;52;4;2;50;1;1;1;1;1;;106;HyvinkÑÑ;-1;-1;-1;K;-1;;;;383487;6722068;E;1;6;2;-1;ETELéINEN KEHéKATU X AHMANKATU          ;-1;-1;-1;-1;;-1;-1;;-1;;;;
8292140;2;;;;;2017;4;2017-04-08 00:00:00;0;1;2;5560;ItÑ-Uudenmaan poliisilaitos;20;Lauantai;81;1;1;30;1;1;1;2;1;;505;MÑntsÑlÑ;-1;-1;-1;K;-1;;;;408234;6722107;E;1;4;0;-1;KOIVUMéENTIE                            ;-1;-1;-1;-1;;-1;-1;;-1;;;;
8292141;2;;;;;2017;4;2017-04-08 00:00:00;0;1;2;5560;ItÑ-Uudenmaan poliisilaitos;22;Lauantai;7;6;2;50;1;1;4;1;1;;638;Porvoo;-1;-1;-1;K;-1;;;;424452;6693366;E;1;4;0;-1;HAMARINTIE                              ;-1;-1;-1;-1;;-1;-1;;-1;;;;
8292145;2;;;;;2017;4;2017-04-09 00:00:00;0;0;0;5560;ItÑ-Uudenmaan poliisilaitos;18;Sunnuntai;30;2;2;40;1;1;1;1;1;;92;Vantaa;-1;-1;-1;K;-1;;;;392491;6686282;E;1;9;4;-1;URHEILUTIE X VALKOISENLéHTEENTIE        ;-1;-1;-1;-1;;-1;-1;;-1;;;;
8292147;2;;;;;2017;4;2017-04-11 00:00:00;0;0;0;5560;ItÑ-Uudenmaan poliisilaitos;13;Tiistai;51;4;2;50;1;1;1;2;1;;858;Tuusula;-1;-1;-1;K;-1;;;;395739;6710952;E;1;5;0;-1;RAJALINNANTIE                           ;-1;-1;-1;-1;;-1;-1;;-1;;;;
8292156;2;;;;;2017;4;2017-04-11 00:00:00;0;0;0;5560;ItÑ-Uudenmaan poliisilaitos;19;Tiistai;53;4;2;40;1;2;1;2;1;;92;Vantaa;-1;-1;-1;K;-1;;;;391853;6684855;E;1;6;1;-1;KUNINKAALANTIE                          ;-1;-1;-1;-1;;-1;-1;;-1;;;;
8292158;2;;;;;2017;4;2017-04-06 00:00:00;0;0;0;5560;ItÑ-Uudenmaan poliisilaitos;8;Torstai;11;2;2;40;1;1;1;1;1;;92;Vantaa;-1;-1;-1;K;-1;;;;391781;6685478;K;1;2;0;-1;UNIKKOTIE X RATATIE                     ;-1;-1;-1;-1;;-1;-1;;-1;;;;
8292159;2;;;;;2017;4;2017-04-13 00:00:00;0;0;0;5560;ItÑ-Uudenmaan poliisilaitos;24;Torstai;6;6;2;50;1;1;4;1;1;;106;HyvinkÑÑ;-1;-1;-1;K;-1;;;;381850;6721891;E;1;-2;0;-1;UUDENMAANKATU                           ;-1;-1;-1;-1;;-1;-1;;-1;;;;
8292160;2;;;;;2017;4;2017-04-14 00:00:00;0;0;0;5560;ItÑ-Uudenmaan poliisilaitos;18;Perjantai;52;4;2;40;1;1;1;2;1;;186;JÑrvenpÑÑ;-1;-1;-1;K;-1;;;;396296;6707587;E;1;3;2;-1;LAURILANTIE X KAUKOTIE                  ;-1;-1;-1;-1;;-1;-1;;-1;;;;
8292161;2;;;;;2017;4;2017-04-14 00:00:00;0;1;2;5560;ItÑ-Uudenmaan poliisilaitos;19;Perjantai;40;7;2;40;1;1;1;1;1;;106;HyvinkÑÑ;-1;-1;-1;K;-1;;;;383148;6723312;E;1;3;4;-1;SUOKATU X SILLANKORVANKATU              ;-1;-1;-1;-1;;-1;-1;;-1;;;;
8292162;2;;;;;2017;4;2017-04-14 00:00:00;0;0;0;5560;ItÑ-Uudenmaan poliisilaitos;22;Perjantai;80;13;0;50;1;1;4;2;1;;186;JÑrvenpÑÑ;-1;-1;-1;K;-1;;;;394320;6708709;E;1;-1;0;-1;PUURTAJANKATU                           ;-1;-1;-1;-1;;-1;-1;;-1;;;;
8292163;2;;;;;2017;4;2017-04-15 00:00:00;0;0;0;5560;ItÑ-Uudenmaan poliisilaitos;1;Lauantai;83;1;1;40;1;1;4;2;1;;186;JÑrvenpÑÑ;-1;-1;-1;K;-1;;;;394544;6709691;E;1;-2;0;-1;PUURTAJANKATU X LéNSINUMMENKATU         ;-1;-1;-1;-1;;-1;-1;;-1;;;;
8292165;2;;;;;2017;4;2017-04-15 00:00:00;0;0;0;5560;ItÑ-Uudenmaan poliisilaitos;19;Lauantai;99;13;2;40;1;1;1;1;1;;92;Vantaa;-1;-1;-1;K;-1;;;;391127;6684984;E;1;0;5;-1;TALVIKKITIE X KIELOTIE                  ;-1;-1;-1;-1;;-1;-1;;-1;;;;