accidentId;roadmain;road;rseg;rdist;rway;year;month;day;dead;injr;severlvl;poldis;disname;hour;wkday;acctype;acclass;partnum;spdlim;urbmrk;surface;brightness;weather;accloc;roadnum;municipality;munidesc;spdtype;spddiropp;spddirmeas;Urban;roadtype;avg;hevavg;rwid;X;Y;roadwork;pavement;temperature;intersection;railroad;address;privacy;wintmaint;Tienverkas;action;Luovpvm;lightown;cross-sec;coatwidth;roadcoat;vision150;vision300;vision460;frameroad
8506781;2;;;;;2017;9;2017-09-25 00:00:00;0;1;2;5560;ItÑ-Uudenmaan poliisilaitos;15;Maanantai;40;8;2;40;1;1;1;1;1;;753;Sipoo;-1;-1;-1;K;-1;;;;405294;6694608;E;3;15;1;-1;LAAKSOSUONTIE                           ;-1;-1;-1;-1;;-1;-1;;-1;;;;
8506782;2;;;;;2017;9;2017-09-28 00:00:00;0;1;2;5560;ItÑ-Uudenmaan poliisilaitos;16;Torstai;12;2;2;40;1;1;1;1;1;;186;JÑrvenpÑÑ;-1;-1;-1;K;-1;;;;393756;6707790;E;1;15;0;-1;WéRTSILéNKATU X PIHKAKATU               ;-1;-1;-1;-1;;-1;-1;;-1;;;;
8506783;2;;;;;2017;9;2017-09-29 00:00:00;0;0;0;5560;ItÑ-Uudenmaan poliisilaitos;18;Perjantai;99;13;2;30;1;1;1;1;4;;245;Kerava;-1;-1;-1;K;-1;;;;395897;6697309;E;1;15;0;-1;SANTANIITYNKATU 7                       ;-1;-1;-1;-1;;-1;-1;;-1;;;;
8506789;2;;;;;2017;9;2017-09-14 00:00:00;0;1;2;5500;Helsingin poliisilaitos;18;Torstai;52;4;2;30;1;2;1;2;1;;91;Helsinki;-1;-1;-1;K;-1;;;;395180;6676885;E;1;15;2;-1;PUOTILANTIE X LOOSARINTIE               ;-1;-1;-1;-1;;-1;-1;;-1;;;;
8506790;2;;;;;2017;9;2017-09-14 00:00:00;0;0;0;5500;Helsingin poliisilaitos;19;Torstai;80;13;0;40;1;1;1;1;1;;91;Helsinki;-1;-1;-1;K;-1;;;;386032;6670991;E;1;15;0;-1;KORKEAVUORENKATU 3                      ;-1;-1;-1;-1;;-1;-1;;-1;;;;
8506791;2;;;;;2017;9;2017-09-07 00:00:00;0;1;2;5500;Helsingin poliisilaitos;17;Torstai;24;7;2;40;1;2;1;2;1;;91;Helsinki;-1;-1;-1;K;-1;;;;390936;6679080;E;1;15;2;-1;LATOKARTANONKAARI X TILANHOITAJANKAARI  ;-1;-1;-1;-1;;-1;-1;;-1;;;;
8506793;2;;;;;2017;8;2017-08-25 00:00:00;0;0;0;5500;Helsingin poliisilaitos;18;Perjantai;99;13;1;40;1;-1;1;-1;-1;;91;Helsinki;-1;-1;-1;K;-1;;;;393637;6676101;E;1;15;0;-1;ASIAKKAANKATU                           ;-1;-1;-1;-1;;-1;-1;;-1;;;;
8506794;2;;;;;2017;8;2017-08-13 00:00:00;0;0;0;5500;Helsingin poliisilaitos;22;Sunnuntai;99;13;1;40;1;-1;1;-1;-1;;91;Helsinki;-1;-1;-1;K;-1;;;;385263;6670663;E;1;15;0;-1;HERNESAARENKATU 7                       ;-1;-1;-1;-1;;-1;-1;;-1;;;;
8506795;2;;;;;2017;9;2017-09-21 00:00:00;0;0;0;5500;Helsingin poliisilaitos;17;Torstai;99;13;1;30;1;1;1;2;1;;91;Helsinki;-1;-1;-1;K;-1;;;;397056;6675352;E;1;15;0;-1;KALKKIHIEKANTIE 1                       ;-1;-1;-1;-1;;-1;-1;;-1;;;;
8506796;2;;;;;2017;9;2017-09-21 00:00:00;0;0;0;5500;Helsingin poliisilaitos;18;Torstai;4;3;2;40;1;1;1;2;1;;91;Helsinki;-1;-1;-1;K;-1;;;;386128;6674231;E;1;15;4;-1;KIRSTINKATU X STURENKATU                ;-1;-1;-1;-1;;-1;-1;;-1;;;;
8506797;2;;;;;2017;9;2017-09-21 00:00:00;0;0;0;5500;Helsingin poliisilaitos;18;Torstai;96;13;2;40;1;2;4;2;4;;91;Helsinki;-1;-1;-1;K;-1;;;;385499;6671873;E;1;15;0;-1;EERIKINKATU 3                           ;-1;-1;-1;-1;;-1;-1;;-1;;;;
8506798;2;;;;;2017;9;2017-09-13 00:00:00;0;1;2;5530;LÑnsi-Uudenmaan poliisilaitos;18;Keskiviikko;60;9;2;50;1;1;1;1;2;;444;Lohja;-1;-1;-1;K;-1;;;;335324;6680372;E;1;15;2;-1;OJAMONHARJUNTIE X REUNAKATU             ;-1;-1;-1;-1;;-1;-1;;-1;;;;
8506799;2;;;;;2017;9;2017-09-22 00:00:00;0;0;0;5530;LÑnsi-Uudenmaan poliisilaitos;19;Perjantai;99;13;2;40;1;1;4;2;4;;49;Espoo;-1;-1;-1;K;-1;;;;378411;6677744;E;1;15;0;-1;RUMMUNLYôJéNKATU                        ;-1;-1;-1;-1;;-1;-1;;-1;;;;
8506800;2;;;;;2017;9;2017-09-10 00:00:00;0;0;0;5530;LÑnsi-Uudenmaan poliisilaitos;15;Sunnuntai;96;13;2;40;1;-1;1;-1;-1;;49;Espoo;-1;-1;-1;K;-1;;;;369701;6677870;E;1;15;0;-1;LAUTAMIEHENTIE 3                        ;-1;-1;-1;-1;;-1;-1;;-1;;;;
8506802;2;;;;;2017;9;2017-09-25 00:00:00;0;0;0;5500;Helsingin poliisilaitos;14;Maanantai;99;13;2;30;1;1;1;1;4;;91;Helsinki;-1;-1;-1;K;-1;;;;382400;6676204;E;1;15;0;-1;RAUMANTIE 1                             ;-1;-1;-1;-1;;-1;-1;;-1;;;;
8506803;2;;;;;2017;9;2017-09-11 00:00:00;0;0;0;5500;Helsingin poliisilaitos;10;Maanantai;99;13;2;30;1;-1;1;-1;-1;;91;Helsinki;-1;-1;-1;K;-1;;;;384989;6671533;E;1;15;0;-1;EERIKINKATU 35                          ;-1;-1;-1;-1;;-1;-1;;-1;;;;
8506804;2;;;;;2017;9;2017-09-26 00:00:00;0;0;0;5500;Helsingin poliisilaitos;20;Tiistai;11;13;2;30;1;1;2;1;1;;91;Helsinki;-1;-1;-1;K;-1;;;;385170;6671763;E;1;15;0;-1;MALMINRINNE                             ;-1;-1;-1;-1;;-1;-1;;-1;;;;
8506805;2;;;;;2017;9;2017-09-27 00:00:00;0;0;0;5500;Helsingin poliisilaitos;2;Keskiviikko;19;2;2;30;1;1;4;2;1;;91;Helsinki;-1;-1;-1;K;-1;;;;385855;6672182;E;1;15;4;-1;RAUTATIENTORI X KAIVOKATU               ;-1;-1;-1;-1;;-1;-1;;-1;;;;
8506806;2;;;;;2017;9;2017-09-28 00:00:00;0;0;0;5500;Helsingin poliisilaitos;14;Torstai;19;2;2;30;1;1;1;1;1;;91;Helsinki;-1;-1;-1;K;-1;;;;385934;6671468;E;1;15;0;-1;PIKKU-ROOBERTINKATU 13                  ;-1;-1;-1;-1;;-1;-1;;-1;;;;
8506807;2;;;;;2017;9;2017-09-15 00:00:00;0;0;0;5500;Helsingin poliisilaitos;12;Perjantai;99;13;2;30;1;-1;1;-1;-1;;91;Helsinki;-1;-1;-1;K;-1;;;;385162;6672737;E;1;15;0;-1;TôôLôNKATU 8                            ;-1;-1;-1;-1;;-1;-1;;-1;;;;
8506808;2;;;;;2017;9;2017-09-18 00:00:00;0;0;0;5500;Helsingin poliisilaitos;11;Maanantai;99;13;1;30;1;-1;1;-1;-1;;91;Helsinki;-1;-1;-1;K;-1;;;;385551;6670955;E;1;15;0;-1;BèTSMANSGATAN 19-21                     ;-1;-1;-1;-1;;-1;-1;;-1;;;;
8506809;2;;;;;2017;9;2017-09-22 00:00:00;0;0;0;5500;Helsingin poliisilaitos;20;Perjantai;99;13;1;-1;-1;-1;1;-1;4;;91;Helsinki;-1;-1;-1; ;-1;;;;386919;6673168;E;-1;15;0;-1;HAAPANIEMENKATU 14                      ;-1;-1;-1;-1;;-1;-1;;-1;;;;
8506812;2;;;;;2017;9;2017-09-14 00:00:00;0;1;2;5500;Helsingin poliisilaitos;15;Torstai;80;1;1;40;1;1;1;-1;1;;91;Helsinki;-1;-1;-1;K;-1;;;;392581;6681331;E;1;15;0;-1;KAASUTINTIE 8                           ;-1;-1;-1;-1;;-1;-1;;-1;;;;
8506813;2;;;;;2017;9;2017-09-01 00:00:00;0;0;0;5500;Helsingin poliisilaitos;14;Perjantai;49;4;2;50;1;1;1;1;1;;91;Helsinki;-1;-1;-1;K;-1;;;;391193;6674706;E;1;15;2;-1;LAIVALAHDENKATU X PUUSEPéNPORTTI        ;-1;-1;-1;-1;;-1;-1;;-1;;;;
8506815;2;;;;;2017;9;2017-09-04 00:00:00;0;0;0;5500;Helsingin poliisilaitos;15;Maanantai;49;8;2;30;1;1;1;2;2;;91;Helsinki;-1;-1;-1;K;-1;;;;385765;6670630;K;1;15;1;-1;LAIVURINKATU X PIETARINKATU             ;-1;-1;-1;-1;;-1;-1;;-1;;;;
8506816;2;;;;;2017;9;2017-09-05 00:00:00;0;1;2;5500;Helsingin poliisilaitos;14;Tiistai;7;6;2;50;1;1;1;1;1;;91;Helsinki;-1;-1;-1;K;-1;;;;387486;6674152;E;1;15;0;-1;LAUTATARHANKATU 8                       ;-1;-1;-1;-1;;-1;-1;;-1;;;;
8506817;2;;;;;2017;9;2017-09-05 00:00:00;0;1;2;5500;Helsingin poliisilaitos;15;Tiistai;49;8;2;40;1;1;1;1;3;;91;Helsinki;-1;-1;-1;K;-1;;;;385848;6675087;E;1;15;2;-1;KUMPULANTIE 1                           ;-1;-1;-1;-1;;-1;-1;;-1;;;;
8506820;2;;;;;2017;9;2017-09-10 00:00:00;0;0;0;5500;Helsingin poliisilaitos;1;Sunnuntai;53;4;2;50;1;2;3;4;1;;91;Helsinki;-1;-1;-1;K;-1;;;;390998;6674603;E;1;15;2;-1;LINNANRAKENTAJANTIE X INSINôôRINKATU    ;-1;-1;-1;-1;;-1;-1;;-1;;;;
8506821;2;;;;;2017;9;2017-09-10 00:00:00;0;0;0;5500;Helsingin poliisilaitos;17;Sunnuntai;4;3;2;50;1;2;1;4;1;;91;Helsinki;-1;-1;-1;K;-1;;;;383176;6676512;E;1;15;4;-1;KORPPAANMéENTIE X VIHDINTIE             ;-1;-1;-1;-1;;-1;-1;;-1;;;;
8506822;2;;;;;2017;9;2017-09-11 00:00:00;0;0;0;5500;Helsingin poliisilaitos;11;Maanantai;3;3;2;50;1;1;1;1;1;;91;Helsinki;-1;-1;-1;K;-1;;;;386003;6674994;E;1;15;4;-1;TEOLLISUUSKATU X JéMSéNKATU             ;-1;-1;-1;-1;;-1;-1;;-1;;;;
8506823;2;;;;;2017;9;2017-09-12 00:00:00;0;0;0;5500;Helsingin poliisilaitos;6;Tiistai;49;4;2;50;1;2;4;4;1;;91;Helsinki;-1;-1;-1;K;-1;;;;387121;6674275;E;1;15;4;-1;HéMEENTIE X MéKELéNKATU                 ;-1;-1;-1;-1;;-1;-1;;-1;;;;
8506824;2;;;;;2017;9;2017-09-12 00:00:00;0;0;0;5500;Helsingin poliisilaitos;20;Tiistai;6;6;2;50;0;1;2;1;1;;91;Helsinki;-1;-1;-1;E;-1;;;;385531;6673822;E;1;15;0;-1;HELSINGINKATU X LINNUNLAULUNTIE         ;-1;-1;-1;-1;;-1;-1;;-1;;;;
8506847;2;;;;;2017;9;2017-09-11 00:00:00;0;2;2;5560;ItÑ-Uudenmaan poliisilaitos;21;Maanantai;7;7;2;40;1;1;2;2;1;;106;HyvinkÑÑ;-1;-1;-1;K;-1;;;;382629;6723344;E;1;14;0;-1;HYVINKééNKATU 12                        ;-1;-1;-1;-1;;-1;-1;;-1;;;;
8506848;2;;;;;2017;9;2017-09-12 00:00:00;0;0;0;5560;ItÑ-Uudenmaan poliisilaitos;14;Tiistai;99;13;2;40;1;2;1;2;1;;638;Porvoo;-1;-1;-1;K;-1;;;;426247;6695607;E;1;14;4;-1;JOKIKATU                                ;-1;-1;-1;-1;;-1;-1;;-1;;;;
8506850;2;;;;;2017;9;2017-09-17 00:00:00;0;0;0;5560;ItÑ-Uudenmaan poliisilaitos;19;Sunnuntai;6;6;2;40;1;1;1;1;1;;92;Vantaa;-1;-1;-1;K;-1;;;;392853;6686407;E;1;14;0;-1;VALKOISENLéHTEENTIE                     ;-1;-1;-1;-1;;-1;-1;;-1;;;;
8506858;2;;;;;2017;9;2017-09-13 00:00:00;0;0;0;5500;Helsingin poliisilaitos;3;Keskiviikko;99;13;0;40;1;2;4;4;4;;91;Helsinki;-1;-1;-1;K;-1;;;;393712;6676701;E;1;14;0;-1;KASTELHOLMANTIE 2                       ;-1;-1;-1;-1;;-1;-1;;-1;;;;
8506859;2;;;;;2017;8;2017-08-16 00:00:00;0;2;2;5500;Helsingin poliisilaitos;15;Keskiviikko;40;7;2;80;1;2;1;1;3;;91;Helsinki;-1;-1;-1;K;-1;;;;383466;6680091;E;1;14;1;-1;KIRJOKALLIONPOLKU X ETELé-KAARELANPOLKU ;-1;-1;-1;-1;;-1;-1;;-1;;;;
8506860;2;;;;;2017;9;2017-09-14 00:00:00;0;0;0;5500;Helsingin poliisilaitos;18;Torstai;19;2;2;40;1;2;1;4;1;;91;Helsinki;-1;-1;-1;K;-1;;;;393505;6676430;E;1;14;0;-1;TURUNLINNANTIE                          ;-1;-1;-1;-1;;-1;-1;;-1;;;;
8506861;2;;;;;2017;7;2017-07-02 00:00:00;0;0;0;5500;Helsingin poliisilaitos;4;Sunnuntai;52;4;0;30;1;1;4;1;1;;91;Helsinki;-1;-1;-1;K;-1;;;;385687;6672169;E;1;14;1;-1;ANNANKATU X KALEVANKATU                 ;-1;-1;-1;-1;;-1;-1;;-1;;;;
8506863;2;;;;;2017;9;2017-09-07 00:00:00;0;0;0;5500;Helsingin poliisilaitos;10;Torstai;2;3;2;40;-1;1;1;2;1;;91;Helsinki;-1;-1;-1; ;-1;;;;386962;6674498;E;1;14;0;-1;MéKELéNKATU 4                           ;-1;-1;-1;-1;;-1;-1;;-1;;;;
8506864;2;;;;;2017;9;2017-09-15 00:00:00;0;0;0;5500;Helsingin poliisilaitos;13;Perjantai;99;13;2;40;1;1;1;1;1;;91;Helsinki;-1;-1;-1;K;-1;;;;388320;6681130;E;1;14;2;-1;PUKINMéENKAARI X TAPANINVAINIONTIE      ;-1;-1;-1;-1;;-1;-1;;-1;;;;
8506865;2;;;;;2017;9;2017-09-17 00:00:00;0;0;0;5500;Helsingin poliisilaitos;12;Sunnuntai;3;3;2;40;1;1;1;1;1;;91;Helsinki;-1;-1;-1;K;-1;;;;384642;6671787;E;1;14;0;-1;MECHELININKATU 1                        ;-1;-1;-1;-1;;-1;-1;;-1;;;;
8506867;2;;;;;2017;9;2017-09-21 00:00:00;0;0;0;5500;Helsingin poliisilaitos;20;Torstai;99;13;2;40;1;1;4;2;4;;91;Helsinki;-1;-1;-1;K;-1;;;;393027;6677590;E;1;14;0;-1;YLéKIVENRINNE                           ;-1;-1;-1;-1;;-1;-1;;-1;;;;
8506870;2;;;;;2017;9;2017-09-24 00:00:00;0;0;0;5500;Helsingin poliisilaitos;19;Sunnuntai;20;5;2;20;1;1;2;1;1;;91;Helsinki;-1;-1;-1;K;-1;;;;385549;6675533;E;1;14;0;-1;VETURIMIEHENKATU 4                      ;-1;-1;-1;-1;;-1;-1;;-1;;;;
8506871;2;;;;;2017;9;2017-09-25 00:00:00;0;0;0;5500;Helsingin poliisilaitos;12;Maanantai;11;2;2;40;1;1;1;1;-1;;91;Helsinki;-1;-1;-1;K;-1;;;;382081;6678338;E;1;14;0;-1;MEIJERITIE                              ;-1;-1;-1;-1;;-1;-1;;-1;;;;
8506872;2;;;;;2017;9;2017-09-25 00:00:00;0;0;0;5500;Helsingin poliisilaitos;19;Maanantai;7;6;2;50;1;1;2;2;1;;91;Helsinki;-1;-1;-1;K;-1;;;;386247;6674750;E;1;14;0;-1;TEOLLISUUSKATU X TELEKATU               ;-1;-1;-1;-1;;-1;-1;;-1;;;;
8506873;2;;;;;2017;9;2017-09-27 00:00:00;0;0;0;5500;Helsingin poliisilaitos;8;Keskiviikko;99;8;2;30;1;1;1;2;1;;91;Helsinki;-1;-1;-1;K;-1;;;;394278;6677398;E;1;14;0;-1;KUKKANIITYNTIE X INKEROISTENTIE         ;-1;-1;-1;-1;;-1;-1;;-1;;;;
8506910;2;;;;;2017;9;2017-09-04 00:00:00;0;1;2;5500;Helsingin poliisilaitos;21;Maanantai;16;8;2;30;1;1;4;1;1;;91;Helsinki;-1;-1;-1;K;-1;;;;386815;6674250;E;1;13;2;-1;ALEKSIS KIVEN KATU 5                    ;-1;-1;-1;-1;;-1;-1;;-1;;;;
8506913;2;;;;;2017;9;2017-09-15 00:00:00;0;0;0;5500;Helsingin poliisilaitos;14;Perjantai;8;6;2;40;1;1;1;2;1;;91;Helsinki;-1;-1;-1;K;-1;;;;385463;6675588;E;1;13;4;-1;RATAPIHANTIE X RAUTATIELéISENKATU       ;-1;-1;-1;-1;;-1;-1;;-1;;;;
8506915;2;;;;;2017;9;2017-09-20 00:00:00;0;0;0;5500;Helsingin poliisilaitos;16;Keskiviikko;59;4;2;30;1;1;1;1;1;;91;Helsinki;-1;-1;-1;K;-1;;;;392363;6676352;E;1;13;4;-1;VARIKKOTIE X VIILARINTIE                ;-1;-1;-1;-1;;-1;-1;;-1;;;;
8506916;2;;;;;2017;9;2017-09-22 00:00:00;0;3;2;5500;Helsingin poliisilaitos;15;Perjantai;6;6;4;50;1;2;1;2;1;;91;Helsinki;-1;-1;-1;K;-1;;;;394213;6676339;E;1;13;0;-1;MERIPELLONTIE                           ;-1;-1;-1;-1;;-1;-1;;-1;;;;
8506917;2;;;;;2017;9;2017-09-22 00:00:00;0;0;0;5500;Helsingin poliisilaitos;22;Perjantai;5;3;2;40;1;1;4;2;1;;91;Helsinki;-1;-1;-1;K;-1;;;;382952;6680796;E;1;13;0;-1;KANNELTIE                               ;-1;-1;-1;-1;;-1;-1;;-1;;;;
8506918;2;;;;;2017;9;2017-09-15 00:00:00;0;1;2;5530;LÑnsi-Uudenmaan poliisilaitos;9;Perjantai;19;7;2;30;1;2;1;2;1;;710;Raasepori;-1;-1;-1;K;-1;;;;301740;6653821;E;1;13;2;-1;FLEMINGSGATAN X HôIJERSVéGEN            ;-1;-1;-1;-1;;-1;-1;;-1;;;;
8506919;2;;;;;2017;9;2017-09-14 00:00:00;0;0;0;5530;LÑnsi-Uudenmaan poliisilaitos;21;Torstai;8;6;2;40;1;-1;3;-1;-1;;49;Espoo;-1;-1;-1;K;-1;;;;377695;6673773;E;1;13;0;-1;POHJANTIE X KALEVALANTIE                ;-1;-1;-1;-1;;-1;-1;;-1;;;;
8506920;2;;;;;2017;9;2017-09-08 00:00:00;0;0;0;5530;LÑnsi-Uudenmaan poliisilaitos;18;Perjantai;96;1;1;30;1;-1;1;-1;-1;;49;Espoo;-1;-1;-1;K;-1;;;;379480;6678781;E;1;13;0;-1;VALLIKATU                               ;-1;-1;-1;-1;;-1;-1;;-1;;;;
8506922;2;;;;;2017;9;2017-09-26 00:00:00;0;0;0;5500;Helsingin poliisilaitos;17;Tiistai;3;3;0;50;1;1;1;2;1;;91;Helsinki;-1;-1;-1;K;-1;;;;387016;6675316;E;1;13;0;-1;HéMEENTIE X HAUKILAHDENKAUT             ;-1;-1;-1;-1;;-1;-1;;-1;;;;
8506923;2;;;;;2017;9;2017-09-26 00:00:00;0;1;2;5500;Helsingin poliisilaitos;18;Tiistai;13;8;2;50;1;1;1;2;3;;91;Helsinki;-1;-1;-1;K;-1;;;;391042;6674539;E;1;13;0;-1;LINNANRAKENTAJANTIE X LAIVALAHDENKATU   ;-1;-1;-1;-1;;-1;-1;;-1;;;;
8506925;2;;;;;2017;9;2017-09-27 00:00:00;0;0;0;5500;Helsingin poliisilaitos;9;Keskiviikko;36;8;2;30;1;1;1;2;1;;91;Helsinki;-1;-1;-1;K;-1;;;;387232;6673947;E;1;13;0;-1;VILHOVUORENKATU 11                      ;-1;-1;-1;-1;;-1;-1;;-1;;;;
8506926;2;;;;;2017;9;2017-09-27 00:00:00;0;0;0;5500;Helsingin poliisilaitos;15;Keskiviikko;4;1;1;40;1;1;1;2;-1;;91;Helsinki;-1;-1;-1;K;-1;;;;388010;6676710;E;1;13;0;-1;KAANAANKATU 1                           ;-1;-1;-1;-1;;-1;-1;;-1;;;;
8506927;2;;;;;2017;9;2017-09-28 00:00:00;0;0;0;5500;Helsingin poliisilaitos;8;Torstai;99;13;2;40;1;1;1;2;1;;91;Helsinki;-1;-1;-1;K;-1;;;;384629;6674250;K;1;13;4;-1;URHEILUKATU X NORDENSKIôLDINKATU        ;-1;-1;-1;-1;;-1;-1;;-1;;;;
8506928;2;;;;;2017;9;2017-09-27 00:00:00;0;0;0;5500;Helsingin poliisilaitos;8;Keskiviikko;99;13;1;-1;-1;-1;1;-1;4;;91;Helsinki;-1;-1;-1; ;-1;;;;393722;6681716;E;-1;13;0;-1;KANKARETIE 9                            ;-1;-1;-1;-1;;-1;-1;;-1;;;;
8506929;2;;;;;2017;9;2017-09-16 00:00:00;0;0;0;5500;Helsingin poliisilaitos;11;Lauantai;99;13;1;50;1;-1;1;-1;-1;;91;Helsinki;-1;-1;-1;K;-1;;;;385568;6673837;E;1;13;0;-1;HELSINGINKATU                           ;-1;-1;-1;-1;;-1;-1;;-1;;;;
8506930;2;;;;;2017;9;2017-09-18 00:00:00;0;0;0;5500;Helsingin poliisilaitos;20;Maanantai;99;13;1;-1;-1;-1;1;-1;4;;91;Helsinki;-1;-1;-1; ;-1;;;;390402;6682638;E;-1;13;0;-1;ERéTIE 3                                ;-1;-1;-1;-1;;-1;-1;;-1;;;;
8506931;2;;;;;2017;9;2017-09-05 00:00:00;0;1;2;5560;ItÑ-Uudenmaan poliisilaitos;21;Tiistai;61;9;2;40;1;1;4;2;2;;92;Vantaa;-1;-1;-1;K;-1;;;;386334;6685377;E;1;13;1;-1;KRAKANTIE                               ;-1;-1;-1;-1;;-1;-1;;-1;;;;
8506932;2;;;;;2017;9;2017-09-09 00:00:00;0;0;0;5560;ItÑ-Uudenmaan poliisilaitos;24;Lauantai;80;13;0;50;1;2;4;4;1;;92;Vantaa;-1;-1;-1;K;-1;;;;392872;6689542;E;1;13;4;-1;ASOLANVéYLé                             ;-1;-1;-1;-1;;-1;-1;;-1;;;;
8506934;2;;;;;2017;9;2017-09-14 00:00:00;0;0;0;5560;ItÑ-Uudenmaan poliisilaitos;20;Torstai;41;8;2;50;1;2;2;2;2;;245;Kerava;-1;-1;-1;K;-1;;;;395806;6697473;E;1;13;4;-1;SIBELIUKSENTIE X SAMPOLANKATU           ;-1;-1;-1;-1;;-1;-1;;-1;;;;
8506935;2;;;;;2017;9;2017-09-26 00:00:00;0;0;0;5560;ItÑ-Uudenmaan poliisilaitos;16;Tiistai;89;13;0;-1;0;-1;4;2;1;;434;Loviisa;-1;-1;-1;E;-1;;;;457652;6703886;E;3;13;0;-1;HAKALEHDONTIE X KUUSILEHDONTIE          ;-1;-1;-1;-1;;-1;-1;;-1;;;;
8506936;2;;;;;2017;9;2017-09-29 00:00:00;0;1;2;5560;ItÑ-Uudenmaan poliisilaitos;13;Perjantai;83;1;1;40;1;1;1;1;1;;92;Vantaa;-1;-1;-1;K;-1;;;;389770;6686852;E;1;13;0;-1;KOISOTIE 12-14                          ;-1;-1;-1;-1;;-1;-1;;-1;;;;
8506942;2;;;;;2017;9;2017-09-11 00:00:00;0;2;2;5500;Helsingin poliisilaitos;19;Maanantai;29;8;2;30;1;1;1;2;2;;91;Helsinki;-1;-1;-1;K;-1;;;;381199;6673889;E;1;13;2;-1;KUUSISAARENTE X KROGIUKSENTIE           ;-1;-1;-1;-1;;-1;-1;;-1;;;;
8506994;2;;;;;2017;9;2017-09-20 00:00:00;0;0;0;5500;Helsingin poliisilaitos;15;Keskiviikko;4;3;2;40;1;1;1;2;2;;91;Helsinki;-1;-1;-1;K;-1;;;;386317;6672014;E;1;12;0;-1;ALEKSANTERINKATU 28                     ;-1;-1;-1;-1;;-1;-1;;-1;;;;
8506995;2;;;;;2017;9;2017-09-03 00:00:00;0;0;0;5500;Helsingin poliisilaitos;23;Sunnuntai;99;13;1;30;1;-1;3;-1;-1;;91;Helsinki;-1;-1;-1;K;-1;;;;384211;6672414;E;1;12;0;-1;HIETANIEMENKATU 27                      ;-1;-1;-1;-1;;-1;-1;;-1;;;;
8506998;2;;;;;2017;9;2017-09-22 00:00:00;0;1;2;5500;Helsingin poliisilaitos;16;Perjantai;4;8;2;40;1;2;1;2;1;;91;Helsinki;-1;-1;-1;K;-1;;;;393344;6681227;E;1;12;0;-1;JAKOMéENTIE 9                           ;-1;-1;-1;-1;;-1;-1;;-1;;;;
8506999;2;;;;;2017;9;2017-09-23 00:00:00;0;0;0;5500;Helsingin poliisilaitos;19;Lauantai;4;3;2;40;1;1;1;2;1;;91;Helsinki;-1;-1;-1;K;-1;;;;382296;6679941;E;1;12;0;-1;KLANEETTITIE                            ;-1;-1;-1;-1;;-1;-1;;-1;;;;
8507000;2;;;;;2017;9;2017-09-16 00:00:00;0;0;0;5530;LÑnsi-Uudenmaan poliisilaitos;6;Lauantai;81;13;0;50;1;2;2;1;1;;49;Espoo;-1;-1;-1;K;-1;;;;370273;6671090;E;1;12;0;-1;NôYKKIôNKATU                            ;-1;-1;-1;-1;;-1;-1;;-1;;;;
8507001;2;;;;;2017;9;2017-09-19 00:00:00;0;0;0;5530;LÑnsi-Uudenmaan poliisilaitos;20;Tiistai;99;13;2;-1;1;-1;1;-1;4;;444;Lohja;-1;-1;-1;K;-1;;;;337381;6682738;E;-1;12;0;-1;LAURINKATU 34                           ;-1;-1;-1;-1;;-1;-1;;-1;;;;
8507002;2;;;;;2017;9;2017-09-06 00:00:00;0;0;0;5500;Helsingin poliisilaitos;20;Keskiviikko;99;13;2;30;1;-1;1;-1;-1;;91;Helsinki;-1;-1;-1;K;-1;;;;384738;6673555;E;1;12;0;-1;TôôLôNKATU 43                           ;-1;-1;-1;-1;;-1;-1;;-1;;;;
8507003;2;;;;;2017;9;2017-09-28 00:00:00;0;1;2;5500;Helsingin poliisilaitos;9;Torstai;4;8;2;30;1;1;1;1;1;;91;Helsinki;-1;-1;-1;K;-1;;;;385259;6671333;E;1;12;0;-1;BULEVARDI 31                            ;-1;-1;-1;-1;;-1;-1;;-1;;;;
8507004;2;;;;;2017;9;2017-09-28 00:00:00;0;0;0;5500;Helsingin poliisilaitos;18;Torstai;13;1;1;50;1;1;1;2;4;;91;Helsinki;-1;-1;-1;K;-1;;;;392304;6680737;E;3;12;0;-1;HYTTITIE 14                             ;-1;-1;-1;-1;;-1;-1;;-1;;;;
8507005;2;;;;;2017;9;2017-09-29 00:00:00;0;0;0;5500;Helsingin poliisilaitos;20;Perjantai;29;5;2;40;1;1;3;2;1;;91;Helsinki;-1;-1;-1;K;-1;;;;390149;6681190;E;1;12;0;-1;SOIDINTIE                               ;-1;-1;-1;-1;;-1;-1;;-1;;;;
8507006;2;;;;;2017;9;2017-09-30 00:00:00;0;0;0;5500;Helsingin poliisilaitos;21;Lauantai;99;13;2;30;1;-1;4;1;-1;;91;Helsinki;-1;-1;-1;K;-1;;;;384268;6674241;E;1;12;0;-1;MESSENIUKSENKATU X STENBéCKINKATU       ;-1;-1;-1;-1;;-1;-1;;-1;;;;
8507007;2;;;;;2017;9;2017-09-21 00:00:00;0;0;0;5500;Helsingin poliisilaitos;10;Torstai;96;13;2;40;1;-1;1;-1;-1;;91;Helsinki;-1;-1;-1;K;-1;;;;391064;6674440;E;1;12;0;-1;SISSELENKUJA 1                          ;-1;-1;-1;-1;;-1;-1;;-1;;;;
8507008;2;;;;;2017;9;2017-09-09 00:00:00;0;0;0;5560;ItÑ-Uudenmaan poliisilaitos;15;Lauantai;29;5;3;30;1;2;1;4;1;;186;JÑrvenpÑÑ;-1;-1;-1;K;-1;;;;394683;6705391;E;1;12;0;-1;JéRNEFELTINKATU                         ;-1;-1;-1;-1;;-1;-1;;-1;;;;
8507009;2;;;;;2017;9;2017-09-07 00:00:00;0;1;2;5560;ItÑ-Uudenmaan poliisilaitos;15;Torstai;13;7;2;40;1;2;1;4;1;;638;Porvoo;-1;-1;-1;K;-1;;;;424976;6694255;E;1;12;2;-1;PééSKYTIE 1                             ;-1;-1;-1;-1;;-1;-1;;-1;;;;