accidentId;roadmain;road;rseg;rdist;rway;year;month;day;dead;injr;severlvl;poldis;disname;hour;wkday;acctype;acclass;partnum;spdlim;urbmrk;surface;brightness;weather;accloc;roadnum;municipality;munidesc;spdtype;spddiropp;spddirmeas;Urban;roadtype;avg;hevavg;rwid;X;Y;roadwork;pavement;temperature;intersection;railroad;address;privacy;wintmaint;Tienverkas;action;Luovpvm;lightown;cross-sec;coatwidth;roadcoat;vision150;vision300;vision460;frameroad
8564279;2;;;;;2017;10;2017-10-11 00:00:00;0;0;0;5500;Helsingin poliisilaitos;16;Keskiviikko;40;4;2;30;1;2;1;2;1;;91;Helsinki;-1;-1;-1;K;-1;;;;386008;6671793;E;4;10;4;-1;ETELé ESPLANADI X KORKEAVUORENKATU      ;-1;-1;-1;-1;;-1;-1;;-1;;;;
8564280;2;;;;;2017;10;2017-10-11 00:00:00;0;0;0;5500;Helsingin poliisilaitos;17;Keskiviikko;3;3;2;40;1;1;1;2;1;;91;Helsinki;-1;-1;-1;K;-1;;;;385024;6671683;E;1;10;0;-1;RUOHOLAHDENKATU                         ;-1;-1;-1;-1;;-1;-1;;-1;;;;
8564282;2;;;;;2017;10;2017-10-12 00:00:00;0;0;0;5500;Helsingin poliisilaitos;17;Torstai;4;3;2;40;1;3;1;4;1;;91;Helsinki;-1;-1;-1;K;-1;;;;382495;6676307;E;1;10;4;-1;LAPINMéENTIE X HUOPALAHDENTIE           ;-1;-1;-1;-1;;-1;-1;;-1;;;;
8564284;2;;;;;2017;10;2017-10-14 00:00:00;0;1;2;5500;Helsingin poliisilaitos;20;Lauantai;69;9;2;50;1;2;3;4;2;;91;Helsinki;-1;-1;-1;K;-1;;;;387047;6675022;E;1;10;0;-1;HéMEENTIE 92                            ;-1;-1;-1;-1;;-1;-1;;-1;;;;
8564285;2;;;;;2017;10;2017-10-16 00:00:00;0;0;0;5500;Helsingin poliisilaitos;8;Maanantai;13;2;2;30;1;2;2;2;1;;91;Helsinki;-1;-1;-1;K;-1;;;;386571;6672197;E;1;10;1;-1;KIRKKOKATU X RITARIKATU                 ;-1;-1;-1;-1;;-1;-1;;-1;;;;
8564286;2;;;;;2017;10;2017-10-16 00:00:00;0;0;0;5500;Helsingin poliisilaitos;19;Maanantai;49;4;2;40;1;2;4;2;1;;91;Helsinki;-1;-1;-1;K;-1;;;;393402;6683045;E;1;10;2;-1;VANHA PORVOONTIE X HEIKINLAAKSONTIE     ;-1;-1;-1;-1;;-1;-1;;-1;;;;
8564287;2;;;;;2017;10;2017-10-18 00:00:00;0;0;0;5500;Helsingin poliisilaitos;17;Keskiviikko;6;6;3;40;1;1;1;2;1;;91;Helsinki;-1;-1;-1;K;-1;;;;389866;6680725;E;1;10;4;-1;LATOKARTANONTIE X VILPPULANTIE          ;-1;-1;-1;-1;;-1;-1;;-1;;;;
8564288;2;;;;;2017;10;2017-10-18 00:00:00;0;0;0;5500;Helsingin poliisilaitos;18;Keskiviikko;7;6;2;40;1;1;1;2;1;;91;Helsinki;-1;-1;-1;K;-1;;;;386814;6674906;E;1;10;0;-1;STURENKATU                              ;-1;-1;-1;-1;;-1;-1;;-1;;;;
8564290;2;;;;;2017;10;2017-10-18 00:00:00;0;0;0;5500;Helsingin poliisilaitos;19;Keskiviikko;92;13;2;30;1;1;4;2;1;;91;Helsinki;-1;-1;-1;K;-1;;;;385174;6672693;E;1;10;0;-1;TôôLôNKATU 5                            ;-1;-1;-1;-1;;-1;-1;;-1;;;;
8564291;2;;;;;2017;10;2017-10-18 00:00:00;0;0;0;5500;Helsingin poliisilaitos;19;Keskiviikko;4;3;2;50;1;1;3;2;1;;91;Helsinki;-1;-1;-1;K;-1;;;;394712;6676069;K;1;10;0;-1;MERIPELLONTIE PUOTILANTIE               ;-1;-1;-1;-1;;-1;-1;;-1;;;;
8564292;2;;;;;2017;10;2017-10-20 00:00:00;0;0;0;5500;Helsingin poliisilaitos;17;Perjantai;49;4;2;40;1;1;1;1;1;;91;Helsinki;-1;-1;-1;K;-1;;;;384949;6673176;E;1;10;5;-1;TôôLôNKATU X TYKISTôNKATU               ;-1;-1;-1;-1;;-1;-1;;-1;;;;
8564332;2;;;;;2017;10;2017-10-13 00:00:00;0;1;2;5530;LÑnsi-Uudenmaan poliisilaitos;13;Perjantai;69;9;2;40;1;1;1;1;2;;49;Espoo;-1;-1;-1;K;-1;;;;374430;6671390;E;1;10;4;-1;SUOMENLAHDENTIE X MARKKINAKATU          ;-1;-1;-1;-1;;-1;-1;;-1;;;;
8564333;2;;;;;2017;10;2017-10-02 00:00:00;0;0;0;5560;ItÑ-Uudenmaan poliisilaitos;11;Maanantai;4;1;1;-1;1;1;1;2;4;;92;Vantaa;-1;-1;-1;K;-1;;;;388012;6686450;E;1;10;0;-1;RéLSSITIE 13                            ;-1;-1;-1;-1;;-1;-1;;-1;;;;
8564334;2;;;;;2017;10;2017-10-06 00:00:00;0;0;0;5560;ItÑ-Uudenmaan poliisilaitos;15;Perjantai;6;6;2;50;1;1;1;1;1;;245;Kerava;-1;-1;-1;K;-1;;;;395719;6695418;E;1;10;2;-1;ALI-KERAVANTIE X KUMITEHTAANKATU        ;-1;-1;-1;-1;;-1;-1;;-1;;;;
8564335;2;;;;;2017;10;2017-10-06 00:00:00;0;0;0;5560;ItÑ-Uudenmaan poliisilaitos;19;Perjantai;50;4;2;40;1;2;4;4;1;;92;Vantaa;-1;-1;-1;K;-1;;;;378499;6683600;E;1;10;2;-1;AINONTIE X MAISSIKUJA                   ;-1;-1;-1;-1;;-1;-1;;-1;;;;
8564336;2;;;;;2017;10;2017-10-07 00:00:00;0;0;0;5560;ItÑ-Uudenmaan poliisilaitos;11;Lauantai;40;4;2;40;1;1;1;2;1;;753;Sipoo;-1;-1;-1;K;-1;;;;404583;6694795;E;1;10;1;-1;JUSSAKSENTIE X ISO KYLéTIE              ;-1;-1;-1;-1;;-1;-1;;-1;;;;
8564448;2;;;;;2017;10;2017-10-19 00:00:00;0;0;0;5500;Helsingin poliisilaitos;20;Torstai;52;13;2;40;1;2;3;2;1;;91;Helsinki;-1;-1;-1;K;-1;;;;387402;6675835;E;1;9;4;-1;HéMEENTIE X KOTISAARENKATU              ;-1;-1;-1;-1;;-1;-1;;-1;;;;
8564451;2;;;;;2017;10;2017-10-07 00:00:00;0;0;0;5500;Helsingin poliisilaitos;24;Lauantai;99;13;0;40;1;2;3;4;2;;91;Helsinki;-1;-1;-1;K;-1;;;;394037;6678609;E;1;9;0;-1;PORTTITIE 9 H EDUSTA                    ;-1;-1;-1;-1;;-1;-1;;-1;;;;
8564453;2;;;;;2017;10;2017-10-10 00:00:00;0;0;0;5500;Helsingin poliisilaitos;12;Tiistai;89;1;1;40;1;2;1;4;1;;91;Helsinki;-1;-1;-1;K;-1;;;;391343;6683707;E;1;9;0;-1;TAPULIKAUPUNGINTIE 1                    ;-1;-1;-1;-1;;-1;-1;;-1;;;;
8564454;2;;;;;2017;10;2017-10-11 00:00:00;0;0;0;5500;Helsingin poliisilaitos;18;Keskiviikko;4;3;3;30;1;2;1;2;1;;91;Helsinki;-1;-1;-1;K;-1;;;;383924;6675376;E;1;9;0;-1;RAISIONTIE 6                            ;-1;-1;-1;-1;;-1;-1;;-1;;;;
8564455;2;;;;;2017;10;2017-10-11 00:00:00;0;0;0;5500;Helsingin poliisilaitos;21;Keskiviikko;96;13;2;40;1;2;3;2;1;;91;Helsinki;-1;-1;-1;K;-1;;;;384805;6673162;E;1;9;0;-1;RUNEBERGINKATU 53-55                    ;-1;-1;-1;-1;;-1;-1;;-1;;;;
8564457;2;;;;;2017;10;2017-10-15 00:00:00;0;0;0;5500;Helsingin poliisilaitos;12;Sunnuntai;93;1;1;30;1;1;1;1;1;;91;Helsinki;-1;-1;-1;K;-1;;;;383463;6674713;E;1;9;0;-1;MéNTYTIE 8                              ;-1;-1;-1;-1;;-1;-1;;-1;;;;
8564458;2;;;;;2017;10;2017-10-16 00:00:00;0;0;0;5500;Helsingin poliisilaitos;21;Maanantai;99;13;1;30;1;-1;3;-1;-1;;91;Helsinki;-1;-1;-1;K;-1;;;;390908;6684294;E;-1;9;0;-1;RIIMUKUJA                               ;-1;-1;-1;-1;;-1;-1;;-1;;;;
8564459;2;;;;;2017;10;2017-10-06 00:00:00;0;0;0;5500;Helsingin poliisilaitos;12;Perjantai;99;13;1;40;1;-1;1;-1;-1;;91;Helsinki;-1;-1;-1;K;-1;;;;381715;6677476;E;1;9;0;-1;TAIMISTONTIE 11 B                       ;-1;-1;-1;-1;;-1;-1;;-1;;;;
8564465;2;;;;;2017;10;2017-10-16 00:00:00;0;0;0;5560;ItÑ-Uudenmaan poliisilaitos;21;Maanantai;49;7;2;40;1;1;4;1;1;;186;JÑrvenpÑÑ;-1;-1;-1;K;-1;;;;396219;6705751;E;1;9;2;-1;KINNARINKATU 6                          ;-1;-1;-1;-1;;-1;-1;;-1;;;;
8564467;2;;;;;2017;10;2017-10-17 00:00:00;1;0;1;5560;ItÑ-Uudenmaan poliisilaitos;12;Tiistai;99;9;2;40;1;1;1;2;4;;753;Sipoo;-1;-1;-1;K;-1;;;;404546;6694666;E;1;9;0;-1;Iso KylÑtie 20                          ;-1;-1;-1;-1;;-1;-1;;-1;;;;
8564468;2;;;;;2017;10;2017-10-05 00:00:00;0;0;0;5560;ItÑ-Uudenmaan poliisilaitos;13;Torstai;80;13;0;50;1;2;1;4;1;;92;Vantaa;-1;-1;-1;K;-1;;;;392846;6686406;E;1;9;0;-1;VALKOISENLéHTEENTIE                     ;-1;-1;-1;-1;;-1;-1;;-1;;;;
8564469;2;;;;;2017;10;2017-10-11 00:00:00;0;2;2;5560;ItÑ-Uudenmaan poliisilaitos;13;Keskiviikko;49;4;2;40;1;2;1;4;1;;638;Porvoo;-1;-1;-1;K;-1;;;;427501;6697222;E;1;9;1;-1;MESTARINTIE X TEOLLISUUSTIE             ;-1;-1;-1;-1;;-1;-1;;-1;;;;
8564470;2;;;;;2017;10;2017-10-01 00:00:00;0;0;0;5530;LÑnsi-Uudenmaan poliisilaitos;19;Sunnuntai;49;7;2;40;1;1;4;2;1;;710;Raasepori;-1;-1;-1;K;-1;;;;313840;6664122;E;1;9;2;-1;MALMIKATU X NILS GRABBENKATU            ;-1;-1;-1;-1;;-1;-1;;-1;;;;
8564471;2;;;;;2017;10;2017-10-03 00:00:00;0;0;0;5530;LÑnsi-Uudenmaan poliisilaitos;16;Tiistai;99;13;1;-1;1;-1;1;-1;4;;49;Espoo;-1;-1;-1;K;-1;;;;375311;6671782;E;-1;9;0;-1;GRéSANLAAKSO 2                          ;-1;-1;-1;-1;;-1;-1;;-1;;;;
8564473;2;;;;;2017;10;2017-10-02 00:00:00;0;0;0;5530;LÑnsi-Uudenmaan poliisilaitos;19;Maanantai;99;13;1;-1;1;-1;2;-1;4;;49;Espoo;-1;-1;-1;K;-1;;;;378251;6677586;E;-1;9;0;-1;LEPPéVAARANKATU 24                      ;-1;-1;-1;-1;;-1;-1;;-1;;;;
8564474;2;;;;;2017;10;2017-10-07 00:00:00;0;1;2;5530;LÑnsi-Uudenmaan poliisilaitos;11;Lauantai;80;1;1;60;1;1;1;2;1;;49;Espoo;-1;-1;-1;K;-1;;;;371550;6673471;E;1;9;0;-1;FINNOONTIE                              ;-1;-1;-1;-1;;-1;-1;;-1;;;;
8564476;2;;;;;2017;10;2017-10-08 00:00:00;0;1;2;5530;LÑnsi-Uudenmaan poliisilaitos;17;Sunnuntai;41;8;2;40;1;2;1;4;2;;49;Espoo;-1;-1;-1;K;-1;;;;371645;6676553;E;1;9;2;-1;TUOMARILANKATU                          ;-1;-1;-1;-1;;-1;-1;;-1;;;;
8564620;2;;;;;2017;10;2017-10-14 00:00:00;0;1;2;5500;Helsingin poliisilaitos;12;Lauantai;62;9;2;40;1;2;1;4;2;;91;Helsinki;-1;-1;-1;K;-1;;;;380780;6679928;E;1;8;2;-1;AJOMIEHENTIE X KONALANTIE               ;-1;-1;-1;-1;;-1;-1;;-1;;;;
8564624;2;;;;;2017;10;2017-10-02 00:00:00;0;0;0;5500;Helsingin poliisilaitos;15;Maanantai;99;13;1;30;1;-1;1;-1;-1;;91;Helsinki;-1;-1;-1;K;-1;;;;386388;6672702;E;1;8;0;-1;SILTAVUORENPENGER 10                    ;-1;-1;-1;-1;;-1;-1;;-1;;;;
8564625;2;;;;;2017;10;2017-10-06 00:00:00;0;0;0;5500;Helsingin poliisilaitos;24;Perjantai;99;13;1;30;1;-1;3;-1;-1;;91;Helsinki;-1;-1;-1;K;-1;;;;384896;6671575;E;1;8;0;-1;HIETALAHDENKATU 9                       ;-1;-1;-1;-1;;-1;-1;;-1;;;;
8564652;2;;;;;2017;10;2017-10-02 00:00:00;0;0;0;5500;Helsingin poliisilaitos;11;Maanantai;92;13;2;40;1;1;1;2;1;;91;Helsinki;-1;-1;-1;K;-1;;;;388492;6679977;E;1;8;0;-1;RéLSSINTIE 10                           ;-1;-1;-1;-1;;-1;-1;;-1;;;;
8564654;2;;;;;2017;10;2017-10-03 00:00:00;0;1;2;5500;Helsingin poliisilaitos;9;Tiistai;6;6;2;40;1;2;1;4;1;;91;Helsinki;-1;-1;-1;K;-1;;;;389926;6681019;E;1;8;0;-1;MALMINKAARI 13                          ;-1;-1;-1;-1;;-1;-1;;-1;;;;
8564655;2;;;;;2017;10;2017-10-08 00:00:00;0;1;2;5500;Helsingin poliisilaitos;1;Sunnuntai;62;9;2;40;1;2;4;4;2;;91;Helsinki;-1;-1;-1;K;-1;;;;386219;6671801;E;1;8;4;-1;ETELéESPLANADI X FABIANINKATU           ;-1;-1;-1;-1;;-1;-1;;-1;;;;
8564656;2;;;;;2017;10;2017-10-09 00:00:00;0;0;0;5500;Helsingin poliisilaitos;14;Maanantai;0;3;2;30;1;2;1;4;1;;91;Helsinki;-1;-1;-1;K;-1;;;;384670;6673141;E;1;8;0;-1;VéLSKéRINKATU                           ;-1;-1;-1;-1;;-1;-1;;-1;;;;
8564657;2;;;;;2017;10;2017-10-01 00:00:00;0;0;0;5500;Helsingin poliisilaitos;2;Sunnuntai;96;13;2;30;1;-1;3;-1;-1;;91;Helsinki;-1;-1;-1;K;-1;;;;384800;6671248;E;1;8;0;-1;RUOHOLAHDENRANTA 3                      ;-1;-1;-1;-1;;-1;-1;;-1;;;;
8564658;2;;;;;2017;10;2017-10-10 00:00:00;0;0;0;5500;Helsingin poliisilaitos;12;Tiistai;8;6;2;-1;-1;2;4;4;4;;91;Helsinki;-1;-1;-1; ;-1;;;;383188;6679604;E;5;8;0;-1;KANTELETTARENTIE 1                      ;-1;-1;-1;-1;;-1;-1;;-1;;;;
8564659;2;;;;;2017;10;2017-10-10 00:00:00;0;1;2;5500;Helsingin poliisilaitos;14;Tiistai;42;8;2;40;1;2;1;-1;3;;91;Helsinki;-1;-1;-1;K;-1;;;;388779;6680174;E;1;8;0;-1;SéTERINTIE 16                           ;-1;-1;-1;-1;;-1;-1;;-1;;;;
8564660;2;;;;;2017;10;2017-10-10 00:00:00;0;1;2;5500;Helsingin poliisilaitos;15;Tiistai;16;8;2;30;1;2;1;4;1;;91;Helsinki;-1;-1;-1;K;-1;;;;386561;6673189;E;1;8;1;-1;HAKANIEMENKATU X NéKINKUJA              ;-1;-1;-1;-1;;-1;-1;;-1;;;;
8564662;2;;;;;2017;10;2017-10-13 00:00:00;0;0;0;5500;Helsingin poliisilaitos;7;Perjantai;49;4;2;30;1;2;2;4;1;;91;Helsinki;-1;-1;-1;K;-1;;;;382399;6677449;K;1;8;2;-1;HIOMOTIE X VALIMOTIE                    ;-1;-1;-1;-1;;-1;-1;;-1;;;;
8564663;2;;;;;2017;10;2017-10-13 00:00:00;0;0;0;5500;Helsingin poliisilaitos;14;Perjantai;4;3;2;30;1;1;1;1;1;;91;Helsinki;-1;-1;-1;K;-1;;;;385713;6671062;E;1;8;0;-1;PURSIMIEHENKATU 5                       ;-1;-1;-1;-1;;-1;-1;;-1;;;;
8564713;2;;;;;2017;10;2017-10-02 00:00:00;0;1;2;5560;ItÑ-Uudenmaan poliisilaitos;16;Maanantai;42;8;2;40;1;1;1;2;1;;106;HyvinkÑÑ;-1;-1;-1;K;-1;;;;381374;6720862;E;1;8;0;-1;KASKENTIE 4                             ;-1;-1;-1;-1;;-1;-1;;-1;;;;
8564715;2;;;;;2017;10;2017-10-03 00:00:00;0;1;2;5560;ItÑ-Uudenmaan poliisilaitos;8;Tiistai;7;6;4;50;1;2;2;4;1;;92;Vantaa;-1;-1;-1;K;-1;;;;392128;6688794;E;1;8;0;-1;KOIVUKYLéNVéYLé                         ;-1;-1;-1;-1;;-1;-1;;-1;;;;
8564716;2;;;;;2017;10;2017-10-03 00:00:00;0;1;2;5560;ItÑ-Uudenmaan poliisilaitos;10;Tiistai;20;5;2;50;1;2;1;4;1;;245;Kerava;-1;-1;-1;K;-1;;;;395437;6694680;E;1;8;2;-1;ALI-KERAVANTIE X KARHUNTASSUNTIE        ;-1;-1;-1;-1;;-1;-1;;-1;;;;
8564717;2;;;;;2017;10;2017-10-03 00:00:00;0;1;2;5560;ItÑ-Uudenmaan poliisilaitos;18;Tiistai;40;13;2;40;1;2;1;4;1;;638;Porvoo;-1;-1;-1;K;-1;;;;425601;6696280;E;1;8;2;-1;VANHA HELSINGINTIE                      ;-1;-1;-1;-1;;-1;-1;;-1;;;;
8564718;2;;;;;2017;10;2017-10-07 00:00:00;0;0;0;5560;ItÑ-Uudenmaan poliisilaitos;3;Lauantai;96;13;2;40;1;1;4;2;4;;186;JÑrvenpÑÑ;-1;-1;-1;K;-1;;;;394728;6705346;E;1;8;0;-1;JéRNEFELTINKATU                         ;-1;-1;-1;-1;;-1;-1;;-1;;;;
8564720;2;;;;;2017;10;2017-10-08 00:00:00;0;0;0;5560;ItÑ-Uudenmaan poliisilaitos;16;Sunnuntai;13;2;2;30;1;2;1;4;1;;638;Porvoo;-1;-1;-1;K;-1;;;;426263;6696085;E;1;8;4;-1;PIISPANKATU                             ;-1;-1;-1;-1;;-1;-1;;-1;;;;
8564721;2;;;;;2017;10;2017-10-13 00:00:00;0;0;0;5560;ItÑ-Uudenmaan poliisilaitos;15;Perjantai;99;13;1;-1;1;1;1;2;4;;434;Loviisa;-1;-1;-1;K;-1;;;;457508;6702745;E;2;8;0;-1;MARIANKATU 33                           ;-1;-1;-1;-1;;-1;-1;;-1;;;;
8564758;2;;;;;2017;10;2017-10-14 00:00:00;0;0;0;5560;ItÑ-Uudenmaan poliisilaitos;19;Lauantai;99;13;2;50;1;2;4;4;1;;92;Vantaa;-1;-1;-1;K;-1;;;;387908;6685391;K;1;8;0;-1;TASETIE                                 ;-1;-1;-1;-1;;-1;-1;;-1;;;;
8564759;2;;;;;2017;10;2017-10-18 00:00:00;0;1;2;5560;ItÑ-Uudenmaan poliisilaitos;15;Keskiviikko;49;8;2;40;1;2;1;1;2;;92;Vantaa;-1;-1;-1;K;-1;;;;394298;6691682;E;1;8;0;-1;OTAVANTIE X SOOPELIKUJA                 ;-1;-1;-1;-1;;-1;-1;;-1;;;;
8564890;2;;;;;2017;10;2017-10-03 00:00:00;0;0;0;5500;Helsingin poliisilaitos;13;Tiistai;4;1;1;-1;1;2;1;4;4;;91;Helsinki;-1;-1;-1;K;-1;;;;387194;6678488;E;1;7;0;-1;KYLéNVANHIMMANTIE 25                    ;-1;-1;-1;-1;;-1;-1;;-1;;;;
8564891;2;;;;;2017;10;2017-10-04 00:00:00;0;0;0;5500;Helsingin poliisilaitos;14;Keskiviikko;4;13;2;40;1;2;1;4;1;;91;Helsinki;-1;-1;-1;K;-1;;;;385157;6671266;E;4;7;0;-1;BULEVARDI 46                            ;-1;-1;-1;-1;;-1;-1;;-1;;;;
8564893;2;;;;;2017;10;2017-10-10 00:00:00;0;0;0;5500;Helsingin poliisilaitos;14;Tiistai;59;4;2;30;1;2;1;4;1;;91;Helsinki;-1;-1;-1;K;-1;;;;390341;6674415;E;1;7;2;-1;KIPPARLAHDENSILMUKKA X HITSAAJANKATU    ;-1;-1;-1;-1;;-1;-1;;-1;;;;
8564897;2;;;;;2017;10;2017-10-18 00:00:00;0;0;0;5500;Helsingin poliisilaitos;17;Keskiviikko;99;13;1;30;1;1;1;1;5;;91;Helsinki;-1;-1;-1;K;-1;;;;387250;6676404;E;1;7;0;-1;INTIANKATU 25                           ;-1;-1;-1;-1;;-1;-1;;-1;;;;
8564949;2;;;;;2017;10;2017-10-04 00:00:00;0;1;2;5560;ItÑ-Uudenmaan poliisilaitos;8;Keskiviikko;55;8;2;40;1;2;1;4;2;;106;HyvinkÑÑ;-1;-1;-1;K;-1;;;;382474;6724563;E;1;7;2;-1;KERKKOLANKATU 2                         ;-1;-1;-1;-1;;-1;-1;;-1;;;;
8564950;2;;;;;2017;10;2017-10-09 00:00:00;0;0;0;5560;ItÑ-Uudenmaan poliisilaitos;16;Maanantai;29;5;2;40;1;2;1;2;1;;753;Sipoo;-1;-1;-1;K;-1;;;;404187;6694959;E;1;7;0;-1;LUKKARINTIE                             ;-1;-1;-1;-1;;-1;-1;;-1;;;;
8564951;2;;;;;2017;10;2017-10-10 00:00:00;0;0;0;5560;ItÑ-Uudenmaan poliisilaitos;21;Tiistai;10;2;2;50;1;2;3;4;1;;92;Vantaa;-1;-1;-1;K;-1;;;;392379;6688637;E;1;7;4;-1;ASOLANVéYLé X KOIVUKYLéNVéYLé           ;-1;-1;-1;-1;;-1;-1;;-1;;;;
8564952;2;;;;;2017;10;2017-10-11 00:00:00;0;0;0;5560;ItÑ-Uudenmaan poliisilaitos;12;Keskiviikko;60;9;1;40;1;2;1;-1;2;;186;JÑrvenpÑÑ;-1;-1;-1;K;-1;;;;395813;6706634;E;1;7;2;-1;KAUKOTIE X ISOKYDôNTIE                  ;-1;-1;-1;-1;;-1;-1;;-1;;;;
8564953;2;;;;;2017;10;2017-10-14 00:00:00;0;0;0;5560;ItÑ-Uudenmaan poliisilaitos;2;Lauantai;99;13;0;60;0;1;4;1;-1;;92;Vantaa;-1;-1;-1;E;-1;;;;385114;6686045;E;1;7;0;-1;TULKINTIE                               ;-1;-1;-1;-1;;-1;-1;;-1;;;;
8564954;2;;;;;2017;10;2017-10-06 00:00:00;0;1;2;5530;LÑnsi-Uudenmaan poliisilaitos;8;Perjantai;41;8;2;40;1;2;1;2;1;;49;Espoo;-1;-1;-1;K;-1;;;;376464;6671672;E;1;7;2;-1;HAUENKULMA X HAUKILAHDENKATU            ;-1;-1;-1;-1;;-1;-1;;-1;;;;
8564955;2;;;;;2017;10;2017-10-10 00:00:00;0;0;0;5530;LÑnsi-Uudenmaan poliisilaitos;24;Tiistai;99;13;2;30;1;2;4;4;1;;49;Espoo;-1;-1;-1;K;-1;;;;378676;6680245;E;1;7;2;-1;JééSKELéNTIE X HéMEENKYLéNTIE           ;-1;-1;-1;-1;;-1;-1;;-1;;;;
8564956;2;;;;;2017;10;2017-10-13 00:00:00;0;1;2;5530;LÑnsi-Uudenmaan poliisilaitos;24;Perjantai;96;9;2;40;1;1;4;1;1;;49;Espoo;-1;-1;-1;K;-1;;;;374815;6678847;E;1;7;0;-1;TôRMéNIITYNTIE 2                        ;-1;-1;-1;-1;;-1;-1;;-1;;;;
8564957;2;;;;;2017;10;2017-10-19 00:00:00;0;0;0;5530;LÑnsi-Uudenmaan poliisilaitos;11;Torstai;99;13;1;40;1;-1;1;-1;-1;;49;Espoo;-1;-1;-1;K;-1;;;;369864;6670617;E;1;7;0;-1;ULAPPAKATU 2                            ;-1;-1;-1;-1;;-1;-1;;-1;;;;
8565112;2;;;;;2017;10;2017-10-19 00:00:00;0;0;0;5500;Helsingin poliisilaitos;10;Torstai;99;13;1;30;1;-1;1;-1;-1;;91;Helsinki;-1;-1;-1;K;-1;;;;385380;6670827;E;1;6;0;-1;PERéMIEHENKATU                          ;-1;-1;-1;-1;;-1;-1;;-1;;;;
8565113;2;;;;;2017;10;2017-10-20 00:00:00;0;1;2;5500;Helsingin poliisilaitos;15;Perjantai;49;8;2;40;1;1;1;1;1;;91;Helsinki;-1;-1;-1;K;-1;;;;385999;6675022;E;1;6;2;-1;KUORTANEENKATU - JéMSéNKATU             ;-1;-1;-1;-1;;-1;-1;;-1;;;;
8565114;2;;;;;2017;10;2017-10-07 00:00:00;0;0;0;5500;Helsingin poliisilaitos;19;Lauantai;99;13;1;40;1;1;2;2;1;;91;Helsinki;-1;-1;-1;K;-1;;;;393344;6676268;E;1;6;2;-1;ITéKATU - MARIANIEMENTIE LIIKENNEYMPYRé ;-1;-1;-1;-1;;-1;-1;;-1;;;;
8565115;2;;;;;2017;10;2017-10-05 00:00:00;0;0;0;5500;Helsingin poliisilaitos;19;Torstai;99;13;1;30;1;-1;1;-1;-1;;91;Helsinki;-1;-1;-1;K;-1;;;;384801;6672956;E;1;6;0;-1;POHJOINEN HESPERIANKATU 17 A            ;-1;-1;-1;-1;;-1;-1;;-1;;;;
8565116;2;;;;;2017;10;2017-10-07 00:00:00;0;0;0;5500;Helsingin poliisilaitos;20;Lauantai;99;13;1;40;1;-1;2;-1;-1;;91;Helsinki;-1;-1;-1;K;-1;;;;387151;6677747;E;1;6;0;-1;OULUNKYLéNTIE 4                         ;-1;-1;-1;-1;;-1;-1;;-1;;;;
8565142;2;;;;;2017;10;2017-10-05 00:00:00;0;1;2;5560;ItÑ-Uudenmaan poliisilaitos;17;Torstai;40;8;2;30;1;2;1;4;1;;92;Vantaa;-1;-1;-1;K;-1;;;;382587;6684092;E;1;6;5;-1;VIHERKUMMUNTIE 6                        ;-1;-1;-1;-1;;-1;-1;;-1;;;;
8565143;2;;;;;2017;10;2017-10-13 00:00:00;0;0;0;5530;LÑnsi-Uudenmaan poliisilaitos;19;Perjantai;99;13;1;-1;1;-1;2;-1;4;;49;Espoo;-1;-1;-1;K;-1;;;;378251;6677586;E;-1;6;0;-1;LEPPéVAARANKATU 24                      ;-1;-1;-1;-1;;-1;-1;;-1;;;;
8565194;2;;;;;2017;10;2017-10-19 00:00:00;0;0;0;5560;ItÑ-Uudenmaan poliisilaitos;19;Torstai;8;6;2;40;1;1;2;1;1;;92;Vantaa;-1;-1;-1;K;-1;;;;395423;6680138;E;1;5;0;-1;LéNSIMéENTIE                            ;-1;-1;-1;-1;;-1;-1;;-1;;;;
8565195;2;;;;;2017;10;2017-10-21 00:00:00;0;0;0;5560;ItÑ-Uudenmaan poliisilaitos;13;Lauantai;50;4;3;40;1;1;1;2;1;;638;Porvoo;-1;-1;-1;K;-1;;;;428810;6694861;E;1;5;0;-1;AURATIE                                 ;-1;-1;-1;-1;;-1;-1;;-1;;;;
8565196;2;;;;;2017;10;2017-10-19 00:00:00;0;0;0;5530;LÑnsi-Uudenmaan poliisilaitos;20;Torstai;99;13;1;30;1;-1;3;-1;-1;;49;Espoo;-1;-1;-1;K;-1;;;;378833;6677802;E;1;5;0;-1;LEPPéVAARANKATU 3-9                     ;-1;-1;-1;-1;;-1;-1;;-1;;;;
8565244;2;;;;;2017;10;2017-10-19 00:00:00;0;0;0;5500;Helsingin poliisilaitos;22;Torstai;8;6;2;40;1;2;3;2;1;;91;Helsinki;-1;-1;-1;K;-1;;;;393727;6681253;E;1;5;0;-1;SOMERIKKOTIE JAKOMéENTIE                ;-1;-1;-1;-1;;-1;-1;;-1;;;;
8565245;2;;;;;2017;10;2017-10-20 00:00:00;0;1;2;5500;Helsingin poliisilaitos;16;Perjantai;89;1;1;40;1;1;1;1;1;;91;Helsinki;-1;-1;-1;K;-1;;;;391157;6674033;E;1;5;0;-1;LAIVALAHDENKAARI 18                     ;-1;-1;-1;-1;;-1;-1;;-1;;;;
8565246;2;;;;;2017;10;2017-10-21 00:00:00;0;0;0;5500;Helsingin poliisilaitos;19;Lauantai;91;13;2;30;1;1;4;2;1;;91;Helsinki;-1;-1;-1;K;-1;;;;386031;6670993;E;1;5;0;-1;KORKEAVUORENKATU 5                      ;-1;-1;-1;-1;;-1;-1;;-1;;;;
8565247;2;;;;;2017;10;2017-10-07 00:00:00;0;0;0;5500;Helsingin poliisilaitos;5;Lauantai;84;13;0;40;1;2;4;2;1;;91;Helsinki;-1;-1;-1;K;-1;;;;390003;6680376;E;1;5;0;-1;LATOKARTANONTIE                         ;-1;-1;-1;-1;;-1;-1;;-1;;;;
8565248;2;;;;;2017;10;2017-10-10 00:00:00;0;0;0;5500;Helsingin poliisilaitos;21;Tiistai;52;8;2;30;1;2;4;4;1;;91;Helsinki;-1;-1;-1;K;-1;;;;383729;6675233;E;1;5;0;-1;TILKANVIERTO X RATSASTIE                ;-1;-1;-1;-1;;-1;-1;;-1;;;;