accidentId;roadmain;road;rseg;rdist;rway;year;month;day;dead;injr;severlvl;poldis;disname;hour;wkday;acctype;acclass;partnum;spdlim;urbmrk;surface;brightness;weather;accloc;roadnum;municipality;munidesc;spdtype;spddiropp;spddirmeas;Urban;roadtype;avg;hevavg;rwid;X;Y;roadwork;pavement;temperature;intersection;railroad;address;privacy;wintmaint;Tienverkas;action;Luovpvm;lightown;cross-sec;coatwidth;roadcoat;vision150;vision300;vision460;frameroad
8617607;2;;;;;2017;11;2017-11-18 00:00:00;0;0;0;5500;Helsingin poliisilaitos;2;Lauantai;89;1;1;-1;1;2;4;2;1;;91;Helsinki;-1;-1;-1;K;-1;;;;392092;6678537;E;1;4;0;-1;KIVIKONTIE                              ;-1;-1;-1;-1;;-1;-1;;-1;;;;
8617614;2;;;;;2017;11;2017-11-14 00:00:00;0;0;0;5500;Helsingin poliisilaitos;17;Tiistai;13;2;4;20;1;1;4;2;4;;91;Helsinki;-1;-1;-1;K;-1;;;;390859;6674560;E;1;4;0;-1;HITSAAJANKATU 16                        ;-1;-1;-1;-1;;-1;-1;;-1;;;;
8617616;2;;;;;2017;11;2017-11-06 00:00:00;0;0;0;5500;Helsingin poliisilaitos;17;Maanantai;4;3;2;30;1;2;1;2;1;;91;Helsinki;-1;-1;-1;K;-1;;;;386961;6674350;K;1;9;0;-1;VééKSYNTIE                              ;-1;-1;-1;-1;;-1;-1;;-1;;;;
8617619;2;;;;;2017;11;2017-11-01 00:00:00;0;2;2;5500;Helsingin poliisilaitos;16;Keskiviikko;43;13;2;40;1;1;1;2;1;;91;Helsinki;-1;-1;-1;K;-1;;;;384634;6672075;E;1;4;0;-1;MECHELININKATU 3                        ;-1;-1;-1;-1;;-1;-1;;-1;;;;
8617627;2;;;;;2017;11;2017-11-15 00:00:00;0;0;0;5530;LÑnsi-Uudenmaan poliisilaitos;15;Keskiviikko;99;13;2;40;1;-1;1;-1;4;;444;Lohja;-1;-1;-1;K;-1;;;;332559;6697642;E;1;4;0;-1;KAUPPAKUJA 1                            ;-1;-1;-1;-1;;-1;-1;;-1;;;;
8617629;2;;;;;2017;11;2017-11-23 00:00:00;0;0;0;5500;Helsingin poliisilaitos;15;Torstai;91;13;0;-1;-1;5;3;2;4;;91;Helsinki;-1;-1;-1; ;-1;;;;389679;6680874;E;1;1;0;-1;MALMIN KAUPPATIE                        ;-1;-1;-1;-1;;-1;-1;;-1;;;;
8617643;2;;;;;2017;11;2017-11-17 00:00:00;0;0;0;5500;Helsingin poliisilaitos;19;Perjantai;99;13;1;-1;-1;-1;3;-1;4;;91;Helsinki;-1;-1;-1; ;-1;;;;383255;6679589;E;-1;3;0;-1;KANTELETTARENTIE 1                      ;-1;-1;-1;-1;;-1;-1;;-1;;;;
8617647;2;;;;;2017;11;2017-11-07 00:00:00;0;0;0;5500;Helsingin poliisilaitos;12;Tiistai;99;13;2;40;1;1;1;1;1;;91;Helsinki;-1;-1;-1;K;-1;;;;386322;6673395;E;1;4;0;-1;PORTHANINKATU 3                         ;-1;-1;-1;-1;;-1;-1;;-1;;;;
8617649;2;;;;;2017;11;2017-11-03 00:00:00;0;2;2;5500;Helsingin poliisilaitos;19;Perjantai;6;6;2;30;1;2;4;2;1;;91;Helsinki;-1;-1;-1;K;-1;;;;385987;6672249;E;1;3;0;-1;MIKONKATU 15                            ;-1;-1;-1;-1;;-1;-1;;-1;;;;
8617652;2;;;;;2017;11;2017-11-25 00:00:00;0;0;0;5530;LÑnsi-Uudenmaan poliisilaitos;21;Lauantai;9;13;3;50;1;2;3;2;1;;49;Espoo;-1;-1;-1;K;-1;;;;370218;6671204;E;1;2;0;-1;NôYKKIôNKATU 2                          ;-1;-1;-1;-1;;-1;-1;;-1;;;;
8617667;2;;;;;2017;11;2017-11-04 00:00:00;0;0;0;5500;Helsingin poliisilaitos;-1;Lauantai;99;13;2;30;1;-1;-1;-1;-1;;91;Helsinki;-1;-1;-1;K;-1;;;;387105;6674127;E;1;;0;-1;KULMAVUORENKATU 2                       ;-1;-1;-1;-1;;-1;-1;;-1;;;;
8617669;2;;;;;2017;11;2017-11-16 00:00:00;0;0;0;5500;Helsingin poliisilaitos;21;Torstai;11;1;1;30;1;2;4;2;2;;91;Helsinki;-1;-1;-1;K;-1;;;;386656;6671876;E;4;6;4;-1;KATAJANOKANLAITURI X POHJOISESPLANADI   ;-1;-1;-1;-1;;-1;-1;;-1;;;;
8617679;2;;;;;2017;11;2017-11-16 00:00:00;0;0;0;5500;Helsingin poliisilaitos;15;Torstai;96;13;2;50;1;1;1;1;1;;91;Helsinki;-1;-1;-1;K;-1;;;;386280;6675228;E;1;7;4;-1;MéKELéNKATU X ELIMéENKATU               ;-1;-1;-1;-1;;-1;-1;;-1;;;;
8617680;2;;;;;2017;11;2017-11-16 00:00:00;0;2;2;5560;ItÑ-Uudenmaan poliisilaitos;18;Torstai;49;4;2;50;1;2;4;4;1;;638;Porvoo;-1;-1;-1;K;-1;;;;425728;6695350;E;1;2;4;-1;ALEKSANTERINKAARI 1                     ;-1;-1;-1;-1;;-1;-1;;-1;;;;
8617681;2;;;;;2017;11;2017-11-06 00:00:00;0;1;2;5560;ItÑ-Uudenmaan poliisilaitos;11;Maanantai;59;7;2;40;1;2;1;4;3;;92;Vantaa;-1;-1;-1;K;-1;;;;394350;6689414;E;1;8;5;-1;HANABôLENTIE                            ;-1;-1;-1;-1;;-1;-1;;-1;;;;
8617693;2;;;;;2017;11;2017-11-23 00:00:00;0;0;0;5560;ItÑ-Uudenmaan poliisilaitos;14;Torstai;97;13;2;-1;1;5;1;1;4;;92;Vantaa;-1;-1;-1;K;-1;;;;379384;6684312;E;1;0;0;-1;RIIHITONTUNTIE 1                        ;-1;-1;-1;-1;;-1;-1;;-1;;;;
8617708;2;;;;;2017;11;2017-11-25 00:00:00;0;0;0;5560;ItÑ-Uudenmaan poliisilaitos;14;Lauantai;99;13;3;30;1;2;1;1;4;;245;Kerava;-1;-1;-1;K;-1;;;;395898;6697336;E;1;6;0;-1;SANTANIITYNKATU 7                       ;-1;-1;-1;-1;;-1;-1;;-1;;;;
8617717;2;;;;;2017;11;2017-11-05 00:00:00;0;0;0;5500;Helsingin poliisilaitos;21;Sunnuntai;90;11;2;40;1;2;4;4;1;;91;Helsinki;-1;-1;-1;K;-1;;;;384301;6678714;E;1;6;0;-1;PIRKKOLANTIE                            ;-1;-1;-1;-1;;-1;-1;;-1;;;;
8617719;2;;;;;2017;9;2017-09-08 00:00:00;0;1;2;5500;Helsingin poliisilaitos;17;Perjantai;42;8;2;40;1;1;1;2;2;;91;Helsinki;-1;-1;-1;K;-1;;;;385509;6675372;E;1;13;0;-1;RATAPIHANTIE 6                          ;-1;-1;-1;-1;;-1;-1;;-1;;;;
8617733;2;;;;;2017;11;2017-11-18 00:00:00;0;0;0;5560;ItÑ-Uudenmaan poliisilaitos;12;Lauantai;11;1;1;40;1;2;1;2;1;;543;NurmijÑrvi;-1;-1;-1;K;-1;;;;379563;6706103;E;2;3;0;-1;PUURATA 11 G                            ;-1;-1;-1;-1;;-1;-1;;-1;;;;
8617735;2;;;;;2017;11;2017-11-19 00:00:00;0;0;0;5500;Helsingin poliisilaitos;18;Sunnuntai;96;13;3;30;1;2;4;4;1;;91;Helsinki;-1;-1;-1;K;-1;;;;385494;6671651;E;1;4;4;-1;LôNNROTINKATU 12                        ;-1;-1;-1;-1;;-1;-1;;-1;;;;
8617737;2;;;;;2017;11;2017-11-30 00:00:00;0;0;0;5500;Helsingin poliisilaitos;17;Torstai;86;1;1;40;1;2;3;4;1;;91;Helsinki;-1;-1;-1;K;-1;;;;392185;6681648;E;1;3;2;-1;TATTARISUONTIE X AUTOTALLINTIE          ;-1;-1;-1;-1;;-1;-1;;-1;;;;
8617740;2;;;;;2017;11;2017-11-02 00:00:00;0;0;0;5500;Helsingin poliisilaitos;17;Torstai;8;6;2;60;1;1;2;1;1;;91;Helsinki;-1;-1;-1;K;-1;;;;387042;6675466;E;1;5;0;-1;HéMEENTIE MAASILLAN PééLLé              ;-1;-1;-1;-1;;-1;-1;;-1;;;;
8617751;2;;;;;2017;11;2017-11-03 00:00:00;0;0;0;5500;Helsingin poliisilaitos;12;Perjantai;6;6;2;50;1;1;1;1;1;;91;Helsinki;-1;-1;-1;K;-1;;;;386690;6674389;E;1;5;4;-1;TEOLLISUUSKATU                          ;-1;-1;-1;-1;;-1;-1;;-1;;;;
8617754;2;;;;;2017;11;2017-11-28 00:00:00;0;0;0;5500;Helsingin poliisilaitos;9;Tiistai;99;13;1;40;1;-1;2;-1;-1;;91;Helsinki;-1;-1;-1;K;-1;;;;393554;6681321;E;1;2;0;-1;LOUHIKKOTIE 9                           ;-1;-1;-1;-1;;-1;-1;;-1;;;;
8617758;2;;;;;2017;11;2017-11-23 00:00:00;0;0;0;5530;LÑnsi-Uudenmaan poliisilaitos;14;Torstai;81;1;1;50;1;5;1;5;1;;49;Espoo;-1;-1;-1;K;-1;;;;375331;6672487;E;1;-1;0;-1;MERITUULENTIE                           ;-1;-1;-1;-1;;-1;-1;;-1;;;;
8617766;2;;;;;2017;11;2017-11-19 00:00:00;0;1;2;5500;Helsingin poliisilaitos;18;Sunnuntai;69;9;2;40;1;2;4;4;2;;91;Helsinki;-1;-1;-1;K;-1;;;;393713;6676621;E;1;5;0;-1;TURUNLINNANTIE                          ;-1;-1;-1;-1;;-1;-1;;-1;;;;
8617770;2;;;;;2017;11;2017-11-30 00:00:00;0;0;0;5500;Helsingin poliisilaitos;19;Torstai;10;2;2;40;1;2;4;2;1;;91;Helsinki;-1;-1;-1;K;-1;;;;385707;6671494;E;1;5;4;-1;UUDENMAANKATU X ANNANKATU               ;-1;-1;-1;-1;;-1;-1;;-1;;;;
8617774;2;;;;;2017;11;2017-11-23 00:00:00;0;0;0;5530;LÑnsi-Uudenmaan poliisilaitos;9;Torstai;8;6;2;40;1;2;1;2;1;;49;Espoo;-1;-1;-1;K;-1;;;;375744;6673668;E;1;2;4;-1;OLARINLUOMA X MANKKAANLAAKSONTIE        ;-1;-1;-1;-1;;-1;-1;;-1;;;;
8617785;2;;;;;2017;11;2017-11-02 00:00:00;0;0;0;5560;ItÑ-Uudenmaan poliisilaitos;18;Torstai;99;13;1;40;1;1;2;1;1;;92;Vantaa;-1;-1;-1;K;-1;;;;381450;6684116;E;1;3;5;-1;MARTINLAAKSON BUSSIASEMA                ;-1;-1;-1;-1;;-1;-1;;-1;;;;
8617832;2;;;;;2017;11;2017-11-10 00:00:00;0;1;2;5500;Helsingin poliisilaitos;18;Perjantai;11;8;2;40;1;2;4;2;2;;91;Helsinki;-1;-1;-1;K;-1;;;;389226;6681687;E;1;7;4;-1;SYYSTIE X KIRKONKYLéNTIE                ;-1;-1;-1;-1;;-1;-1;;-1;;;;
8617838;2;;;;;2017;11;2017-11-10 00:00:00;0;0;0;5500;Helsingin poliisilaitos;14;Perjantai;52;1;1;50;1;1;1;1;1;;91;Helsinki;-1;-1;-1;K;-1;;;;383956;6674548;E;1;7;0;-1;TUKHOLMANKATU X HAARTMANINKATU          ;-1;-1;-1;-1;;-1;-1;;-1;;;;
8617853;2;;;;;2017;11;2017-11-03 00:00:00;0;0;0;5500;Helsingin poliisilaitos;11;Perjantai;99;13;1;-1;-1;-1;1;-1;4;;91;Helsinki;-1;-1;-1; ;-1;;;;397101;6676118;E;-1;-1;0;-1;MOSAIIKKITORI 2                         ;-1;-1;-1;-1;;-1;-1;;-1;;;;
8617867;2;;;;;2017;11;2017-11-28 00:00:00;0;0;0;5500;Helsingin poliisilaitos;5;Tiistai;99;13;0;40;1;-1;4;4;1;;91;Helsinki;-1;-1;-1;K;-1;;;;393359;6679040;K;1;4;0;-1;KEINULAUDANTIE 4                        ;-1;-1;-1;-1;;-1;-1;;-1;;;;
8617876;2;;;;;2017;11;2017-11-21 00:00:00;0;0;0;5500;Helsingin poliisilaitos;20;Tiistai;96;13;2;40;1;2;4;2;4;;91;Helsinki;-1;-1;-1;K;-1;;;;391741;6678675;E;1;1;0;-1;NILS WESTERMARCKIN KUJA 18              ;-1;-1;-1;-1;;-1;-1;;-1;;;;
8617900;2;;;;;2017;11;2017-11-21 00:00:00;0;0;0;5500;Helsingin poliisilaitos;13;Tiistai;49;4;2;30;1;-1;1;-1;1;;91;Helsinki;-1;-1;-1;K;-1;;;;385084;6671500;E;1;-1;1;-1;KALEVANKATU X ABRAHAMINKATU             ;-1;-1;-1;-1;;-1;-1;;-1;;;;
8617907;2;;;;;2017;11;2017-11-01 00:00:00;0;0;0;5500;Helsingin poliisilaitos;17;Keskiviikko;7;6;2;50;1;1;1;1;1;;91;Helsinki;-1;-1;-1;K;-1;;;;393562;6682197;E;1;4;2;-1;HUOKOTIE X SUURMETSéNTIE                ;-1;-1;-1;-1;;-1;-1;;-1;;;;
8617940;2;;;;;2017;11;2017-11-17 00:00:00;0;0;0;5560;ItÑ-Uudenmaan poliisilaitos;24;Perjantai;8;6;2;40;1;2;4;1;1;;106;HyvinkÑÑ;-1;-1;-1;K;-1;;;;381920;6722089;E;1;3;5;-1;KARSIKKOTIE 1                           ;-1;-1;-1;-1;;-1;-1;;-1;;;;
8617951;2;;;;;2017;11;2017-11-17 00:00:00;0;0;0;5500;Helsingin poliisilaitos;16;Perjantai;6;6;2;60;1;2;4;2;1;;91;Helsinki;-1;-1;-1;K;-1;;;;393130;6682285;E;1;4;0;-1;SUURMETSéNTIE X TATTARIHARJUNTIE        ;-1;-1;-1;-1;;-1;-1;;-1;;;;
8617981;2;;;;;2017;11;2017-11-09 00:00:00;0;0;0;5560;ItÑ-Uudenmaan poliisilaitos;20;Torstai;49;1;1;50;1;-1;3;2;1;;543;NurmijÑrvi;-1;-1;-1;K;-1;;;;379273;6705270;E;1;6;4;-1;SEPéNTIE                                ;-1;-1;-1;-1;;-1;-1;;-1;;;;
8617982;2;;;;;2017;11;2017-11-05 00:00:00;0;1;2;5500;Helsingin poliisilaitos;21;Sunnuntai;72;9;2;50;1;2;4;2;1;;91;Helsinki;-1;-1;-1;K;-1;;;;384301;6678714;E;1;8;0;-1;PIRKKOLANTIE                            ;-1;-1;-1;-1;;-1;-1;;-1;;;;
8617985;2;;;;;2017;11;2017-11-25 00:00:00;0;0;0;5560;ItÑ-Uudenmaan poliisilaitos;16;Lauantai;96;13;2;-1;1;1;4;2;4;;92;Vantaa;-1;-1;-1;K;-1;;;;380783;6684718;E;1;4;0;-1;LAAJAVUORENKUJA                         ;-1;-1;-1;-1;;-1;-1;;-1;;;;
8772003;2;;;;;2017;9;2017-09-25 00:00:00;0;0;0;5560;ItÑ-Uudenmaan poliisilaitos;14;Maanantai;40;4;2;40;1;1;1;1;1;;92;Vantaa;-1;-1;-1;K;-1;;;;395180;6686018;E;1;19;2;-1;ITéINEN VALKOISENLéHTEENTIE X VYYHTITIE ;-1;-1;-1;-1;;-1;-1;;-1;;;;
8772004;2;;;;;2017;9;2017-09-12 00:00:00;0;0;0;5560;ItÑ-Uudenmaan poliisilaitos;18;Tiistai;96;13;3;40;1;1;1;1;1;;92;Vantaa;-1;-1;-1;K;-1;;;;391736;6685641;E;1;15;0;-1;ASEMATIE                                ;-1;-1;-1;-1;;-1;-1;;-1;;;;
8772012;2;;;;;2017;10;2017-10-01 00:00:00;0;0;0;5560;ItÑ-Uudenmaan poliisilaitos;16;Sunnuntai;40;4;2;40;1;1;1;2;1;;92;Vantaa;-1;-1;-1;K;-1;;;;394071;6683847;E;1;10;1;-1;PORTTISUONTIE 18                        ;-1;-1;-1;-1;;-1;-1;;-1;;;;
8772013;2;;;;;2017;10;2017-10-12 00:00:00;0;0;0;5560;ItÑ-Uudenmaan poliisilaitos;16;Torstai;4;3;2;40;1;2;1;4;1;;92;Vantaa;-1;-1;-1;K;-1;;;;388014;6685040;E;1;10;0;-1;TAMMISTON KAUPPATIE                     ;-1;-1;-1;-1;;-1;-1;;-1;;;;
8772018;2;;;;;2017;10;2017-10-01 00:00:00;0;0;0;5560;ItÑ-Uudenmaan poliisilaitos;20;Sunnuntai;6;6;2;40;1;1;4;4;1;;92;Vantaa;-1;-1;-1;K;-1;;;;395163;6683579;E;1;9;2;-1;HAKUNILANTIE X HIIRAKKOTIE              ;-1;-1;-1;-1;;-1;-1;;-1;;;;
8772019;2;;;;;2017;10;2017-10-03 00:00:00;0;0;0;5560;ItÑ-Uudenmaan poliisilaitos;14;Tiistai;10;2;2;40;1;2;1;4;1;;92;Vantaa;-1;-1;-1;K;-1;;;;393726;6688426;E;1;9;2;-1;LAURANTIE X HANABôLENTIE                ;-1;-1;-1;-1;;-1;-1;;-1;;;;
8772021;2;;;;;2017;10;2017-10-11 00:00:00;0;0;0;5560;ItÑ-Uudenmaan poliisilaitos;15;Keskiviikko;6;6;2;50;1;2;1;4;1;;92;Vantaa;-1;-1;-1;K;-1;;;;393584;6688147;E;1;9;0;-1;HANABôLENTIE                            ;-1;-1;-1;-1;;-1;-1;;-1;;;;
8772022;2;;;;;2017;10;2017-10-11 00:00:00;0;0;0;5560;ItÑ-Uudenmaan poliisilaitos;15;Keskiviikko;99;13;2;-1;0;2;1;2;4;;92;Vantaa;-1;-1;-1;E;-1;;;;381364;6682587;E;1;9;0;-1;LIESITORI 1                             ;-1;-1;-1;-1;;-1;-1;;-1;;;;
8772027;2;;;;;2017;12;2017-12-08 00:00:00;0;0;0;5500;Helsingin poliisilaitos;19;Perjantai;2;3;2;50;1;2;4;2;1;;91;Helsinki;-1;-1;-1;K;-1;;;;385617;6678962;E;1;6;0;-1;PAKILANTIE                              ;-1;-1;-1;-1;;-1;-1;;-1;;;;
8772029;2;;;;;2017;10;2017-10-11 00:00:00;0;0;0;5500;Helsingin poliisilaitos;17;Keskiviikko;63;1;1;40;1;2;1;2;2;;91;Helsinki;-1;-1;-1;K;-1;;;;384939;6672136;E;1;5;0;-1;RUNEBERGINKATU 6                        ;-1;-1;-1;-1;;-1;-1;;-1;;;;
8772030;2;;;;;2017;12;2017-12-03 00:00:00;0;0;0;5500;Helsingin poliisilaitos;5;Sunnuntai;92;13;2;50;1;2;4;4;1;;91;Helsinki;-1;-1;-1;K;-1;;;;384355;6671559;E;1;5;4;-1;PORKKALANKATU X LéNSIVéYLé              ;-1;-1;-1;-1;;-1;-1;;-1;;;;
8772035;2;;;;;2017;12;2017-12-03 00:00:00;0;0;0;5530;LÑnsi-Uudenmaan poliisilaitos;18;Sunnuntai;49;4;2;40;1;2;3;4;1;;444;Lohja;-1;-1;-1;K;-1;;;;333312;6676113;E;1;5;2;-1;TYNNINHARJUNTIE X PETTER FORSSTRôMIN TIE;-1;-1;-1;-1;;-1;-1;;-1;;;;
8772036;2;;;;;2017;12;2017-12-03 00:00:00;0;0;0;5530;LÑnsi-Uudenmaan poliisilaitos;17;Sunnuntai;83;13;0;40;1;2;4;4;1;;49;Espoo;-1;-1;-1;K;-1;;;;376143;6672972;E;1;5;2;-1;MYLLYTONTUNTIE X KOTITONTUNTIE          ;-1;-1;-1;-1;;-1;-1;;-1;;;;
8772037;2;;;;;2017;12;2017-12-08 00:00:00;0;1;2;5530;LÑnsi-Uudenmaan poliisilaitos;13;Perjantai;63;9;3;40;1;2;1;2;2;;235;Kauniainen;-1;-1;-1;K;-1;;;;374176;6676927;E;1;5;4;-1;TUNNELITIE X KAUNIAISTENTIE             ;-1;-1;-1;-1;;-1;-1;;-1;;;;
8772038;2;;;;;2017;12;2017-12-09 00:00:00;0;0;0;5530;LÑnsi-Uudenmaan poliisilaitos;4;Lauantai;96;13;2;30;1;1;4;2;1;;49;Espoo;-1;-1;-1;K;-1;;;;378248;6672845;E;1;5;0;-1;ITéTUULENKUJA                           ;-1;-1;-1;-1;;-1;-1;;-1;;;;
8772039;2;;;;;2017;10;2017-10-17 00:00:00;0;0;0;5560;ItÑ-Uudenmaan poliisilaitos;22;Tiistai;49;4;2;50;1;1;3;1;1;;92;Vantaa;-1;-1;-1;K;-1;;;;387864;6685419;E;1;5;2;-1;TASETIE                                 ;-1;-1;-1;-1;;-1;-1;;-1;;;;
8772040;2;;;;;2017;12;2017-12-08 00:00:00;0;1;2;5500;Helsingin poliisilaitos;7;Perjantai;69;9;2;40;1;2;3;4;2;;91;Helsinki;-1;-1;-1;K;-1;;;;382413;6677212;E;1;5;0;-1;PITéJéNMéENTIE X HôYLééMôTIE            ;-1;-1;-1;-1;;-1;-1;;-1;;;;
8772041;2;;;;;2017;12;2017-12-08 00:00:00;0;0;0;5500;Helsingin poliisilaitos;8;Perjantai;4;3;2;40;1;-1;2;-1;1;;91;Helsinki;-1;-1;-1;K;-1;;;;390299;6681582;E;1;5;0;-1;SILKOKUJA                               ;-1;-1;-1;-1;;-1;-1;;-1;;;;
8772042;2;;;;;2017;12;2017-12-08 00:00:00;0;0;0;5500;Helsingin poliisilaitos;19;Perjantai;53;4;2;50;1;2;4;2;1;;91;Helsinki;-1;-1;-1;K;-1;;;;397299;6675930;E;1;5;2;-1;VUOTIE X MOKKAKUJA                      ;-1;-1;-1;-1;;-1;-1;;-1;;;;
8772044;2;;;;;2017;12;2017-12-02 00:00:00;0;0;0;5500;Helsingin poliisilaitos;15;Lauantai;96;13;2;30;1;-1;1;-1;-1;;91;Helsinki;-1;-1;-1;K;-1;;;;383868;6674306;E;1;5;0;-1;HAARTMANINKATU 4                        ;-1;-1;-1;-1;;-1;-1;;-1;;;;
8772045;2;;;;;2017;12;2017-12-27 00:00:00;0;0;0;5500;Helsingin poliisilaitos;16;Keskiviikko;2;3;2;40;1;2;4;4;1;;91;Helsinki;-1;-1;-1;K;-1;;;;384637;6671579;E;1;5;4;-1;MECHELININKATU X PORKKALANKATU          ;-1;-1;-1;-1;;-1;-1;;-1;;;;
8772048;2;;;;;2017;12;2017-12-07 00:00:00;0;0;0;5500;Helsingin poliisilaitos;16;Torstai;99;13;2;40;1;2;4;4;1;;91;Helsinki;-1;-1;-1;K;-1;;;;384747;6671272;E;1;4;4;-1;RUOHOLAHDENRANTA X MECHELININKATU       ;-1;-1;-1;-1;;-1;-1;;-1;;;;
8772050;2;;;;;2017;12;2017-12-28 00:00:00;0;0;0;5500;Helsingin poliisilaitos;3;Torstai;92;13;4;40;1;2;4;2;1;;91;Helsinki;-1;-1;-1;K;-1;;;;390673;6674480;E;1;4;0;-1;HITSAAJANKATU 10                        ;-1;-1;-1;-1;;-1;-1;;-1;;;;
8772052;2;;;;;2017;12;2017-12-30 00:00:00;0;0;0;5500;Helsingin poliisilaitos;6;Lauantai;40;4;3;40;1;2;4;4;1;;91;Helsinki;-1;-1;-1;K;-1;;;;387120;6674273;E;1;4;2;-1;HéMEENTIE X LAUTATARHANKATU             ;-1;-1;-1;-1;;-1;-1;;-1;;;;
8772053;2;;;;;2017;12;2017-12-31 00:00:00;0;0;0;5500;Helsingin poliisilaitos;1;Sunnuntai;52;1;1;40;1;2;4;2;1;;91;Helsinki;-1;-1;-1;K;-1;;;;386867;6673712;E;1;4;2;-1;HéMEENTIE X LINTULAHDENKATU             ;-1;-1;-1;-1;;-1;-1;;-1;;;;
8772054;2;;;;;2017;12;2017-12-20 00:00:00;0;0;0;5500;Helsingin poliisilaitos;18;Keskiviikko;10;2;2;30;1;4;2;2;1;;91;Helsinki;-1;-1;-1;K;-1;;;;386115;6671779;E;1;4;0;-1;ETELéESPLANADI X KASARMIKATU            ;-1;-1;-1;-1;;-1;-1;;-1;;;;
8772058;2;;;;;2017;12;2017-12-14 00:00:00;0;0;0;5500;Helsingin poliisilaitos;15;Torstai;91;13;2;40;1;2;1;2;1;;91;Helsinki;-1;-1;-1;K;-1;;;;385025;6673728;E;1;4;0;-1;MéNTYMéENTIE                            ;-1;-1;-1;-1;;-1;-1;;-1;;;;
8772059;2;;;;;2017;12;2017-12-15 00:00:00;0;0;0;5500;Helsingin poliisilaitos;19;Perjantai;10;2;2;30;1;2;4;4;1;;91;Helsinki;-1;-1;-1;K;-1;;;;394027;6678350;E;1;4;0;-1;HUMIKKALANTIE 25                        ;-1;-1;-1;-1;;-1;-1;;-1;;;;
8772091;2;;;;;2017;12;2017-12-28 00:00:00;0;0;0;5500;Helsingin poliisilaitos;11;Torstai;99;13;1;40;1;2;1;2;1;;91;Helsinki;-1;-1;-1;K;-1;;;;382104;6670913;E;1;3;0;-1;TALLBERGIN PUISTOTIE X HAAHKAKUJA       ;-1;-1;-1;-1;;-1;-1;;-1;;;;
8772093;2;;;;;2017;12;2017-12-30 00:00:00;0;0;0;5500;Helsingin poliisilaitos;19;Lauantai;96;13;2;-1;1;2;4;4;4;;91;Helsinki;-1;-1;-1;K;-1;;;;384293;6670050;E;1;3;0;-1;TYYNENMERENKATU 14                      ;-1;-1;-1;-1;;-1;-1;;-1;;;;
8772094;2;;;;;2017;12;2017-12-30 00:00:00;0;0;0;5500;Helsingin poliisilaitos;20;Lauantai;4;13;2;40;1;2;4;4;1;;91;Helsinki;-1;-1;-1;K;-1;;;;383680;6674573;E;1;3;0;-1;TUKHOLMANKATU X VALPURINTIE             ;-1;-1;-1;-1;;-1;-1;;-1;;;;
8772095;2;;;;;2017;12;2017-12-31 00:00:00;0;0;0;5500;Helsingin poliisilaitos;17;Sunnuntai;4;3;2;30;1;2;4;2;1;;91;Helsinki;-1;-1;-1;K;-1;;;;385607;6672232;E;1;3;0;-1;POSTIKATU                               ;-1;-1;-1;-1;;-1;-1;;-1;;;;
8772096;2;;;;;2017;12;2017-12-16 00:00:00;0;1;2;5500;Helsingin poliisilaitos;21;Lauantai;40;13;2;30;1;2;4;4;1;;91;Helsinki;-1;-1;-1;K;-1;;;;385776;6671102;E;4;3;1;-1;PURSIMIEHENKATU X FREDRIKINKATU         ;-1;-1;-1;-1;;-1;-1;;-1;;;;
8772097;2;;;;;2017;12;2017-12-18 00:00:00;0;0;0;5500;Helsingin poliisilaitos;17;Maanantai;8;6;0;40;1;1;4;2;1;;91;Helsinki;-1;-1;-1;K;-1;;;;397299;6677222;E;1;3;2;-1;PORSLAHDENTIE X HAAPAJéRVENTIE          ;-1;-1;-1;-1;;-1;-1;;-1;;;;
8772099;2;;;;;2017;12;2017-12-20 00:00:00;0;0;0;5500;Helsingin poliisilaitos;14;Keskiviikko;4;1;1;30;1;2;1;2;1;;91;Helsinki;-1;-1;-1;K;-1;;;;387142;6678916;E;1;3;1;-1;TEININTIE X KINKERIPOLKU                ;-1;-1;-1;-1;;-1;-1;;-1;;;;
8772100;2;;;;;2017;12;2017-12-20 00:00:00;0;0;0;5500;Helsingin poliisilaitos;13;Keskiviikko;96;13;2;50;1;2;1;2;1;;91;Helsinki;-1;-1;-1;K;-1;;;;385766;6673726;E;1;3;0;-1;ALPPIKATU 2                             ;-1;-1;-1;-1;;-1;-1;;-1;;;;
8772101;2;;;;;2017;12;2017-12-20 00:00:00;0;1;2;5500;Helsingin poliisilaitos;16;Keskiviikko;69;9;2;30;1;2;4;2;2;;91;Helsinki;-1;-1;-1;K;-1;;;;393386;6679676;E;1;3;0;-1;KIVIKONKAARI X KONTULAKAARI             ;-1;-1;-1;-1;;-1;-1;;-1;;;;
8772103;2;;;;;2017;12;2017-12-22 00:00:00;0;0;0;5500;Helsingin poliisilaitos;13;Perjantai;91;13;2;30;1;1;1;1;1;;91;Helsinki;-1;-1;-1;K;-1;;;;386307;6672084;E;4;3;5;-1;HALLITUSKATU X UNIONINKATU              ;-1;-1;-1;-1;;-1;-1;;-1;;;;
8772105;2;;;;;2017;12;2017-12-23 00:00:00;0;0;0;5560;ItÑ-Uudenmaan poliisilaitos;19;Lauantai;99;13;2;40;1;5;2;6;4;;92;Vantaa;-1;-1;-1;K;-1;;;;395121;6690952;E;1;3;0;-1;MARSINKUJA 3                            ;-1;-1;-1;-1;;-1;-1;;-1;;;;
8772108;2;;;;;2017;12;2017-12-11 00:00:00;0;1;2;5500;Helsingin poliisilaitos;14;Maanantai;13;2;2;40;1;1;1;2;1;;91;Helsinki;-1;-1;-1;K;-1;;;;384628;6674264;E;1;3;6;-1;NORDENSKIôLDINKATU X URHEILUKATU        ;-1;-1;-1;-1;;-1;-1;;-1;;;;
8772110;2;;;;;2017;12;2017-12-14 00:00:00;0;0;0;5500;Helsingin poliisilaitos;11;Torstai;4;3;2;40;1;1;1;2;1;;91;Helsinki;-1;-1;-1;K;-1;;;;385484;6675427;E;1;3;0;-1;RATAPIHANTIE                            ;-1;-1;-1;-1;;-1;-1;;-1;;;;